timestamp,hour,minute,day_of_week,month,deployment,cpu,cpu_percent,memory_bytes,memory_percent,desired_replicas,available_replicas
1775520000,2,0,1,4,frontend,0.7997058522872385,133.28430871453972,175898624.0,43.68489583333333,6,6
1775520000,2,0,1,4,adservice,0.0428727879533591,21.43639397667955,107900928.0,57.16796875,1,1
1775520000,2,0,1,4,cartservice,0.2383813829697202,59.59534574243005,134471680.0,100.189208984375,2,2
1775520000,2,0,1,4,checkoutservice,0.03201618605361852,32.01618605361852,21049344.0,31.365966796875,1,1
1775520000,2,0,1,4,currencyservice,0.35927631177021296,89.81907794255324,205529088.0,76.5655517578125,4,4
1775520000,2,0,1,4,emailservice,0.011665527586282923,11.665527586282924,46919680.0,69.915771484375,1,1
1775520000,2,0,1,4,paymentservice,0.008416140757868906,4.208070378934452,183410688.0,136.651611328125,2,2
1775520000,2,0,1,4,productcatalogservice,0.33176037691499227,110.58679230499742,52961280.0,26.30615234375,3,3
1775520000,2,0,1,4,recommendationservice,0.41099798213208916,82.19959642641783,223739904.0,19.397727272727273,5,5
1775520000,2,0,1,4,shippingservice,0.028923403575033396,28.923403575033397,19382272.0,28.8818359375,1,1
1775520000,2,0,1,4,frontend,0.7997058522872385,133.28430871453972,175898624.0,43.68489583333333,6,6
1775520060,2,1,1,4,frontend,0.8076196167257452,134.60326945429085,175640576.0,43.62080891927083,6,6
1775520000,2,0,1,4,adservice,0.0428727879533591,21.43639397667955,107900928.0,57.16796875,1,1
1775520060,2,1,1,4,adservice,0.04193638337132584,20.96819168566292,107905024.0,57.170138888888886,1,1
1775520000,2,0,1,4,cartservice,0.2383813829697202,59.59534574243005,134471680.0,100.189208984375,2,2
1775520060,2,1,1,4,cartservice,0.23562610999889866,58.90652749972466,134516736.0,100.2227783203125,2,2
1775520000,2,0,1,4,checkoutservice,0.03201618605361852,32.01618605361852,21049344.0,31.365966796875,1,1
1775520060,2,1,1,4,checkoutservice,0.0315545195368199,31.554519536819896,21368832.0,31.842041015625,1,1
1775520000,2,0,1,4,currencyservice,0.35927631177021296,89.81907794255324,205529088.0,76.5655517578125,4,4
1775520060,2,1,1,4,currencyservice,0.35459566665082926,88.64891666270731,207273984.0,77.215576171875,4,4
1775520000,2,0,1,4,emailservice,0.011665527586282923,11.665527586282924,46919680.0,69.915771484375,1,1
1775520060,2,1,1,4,emailservice,0.01110015996175457,11.10015996175457,46923776.0,69.921875,1,1
1775520000,2,0,1,4,paymentservice,0.008416140757868906,4.208070378934452,183410688.0,136.651611328125,2,2
1775520060,2,1,1,4,paymentservice,0.00675665078128249,3.378325390641245,183627776.0,136.8133544921875,2,2
1775520000,2,0,1,4,productcatalogservice,0.33176037691499227,110.58679230499742,52961280.0,26.30615234375,3,3
1775520060,2,1,1,4,productcatalogservice,0.327920453376538,109.30681779217932,53051392.0,26.350911458333332,3,3
1775520000,2,0,1,4,recommendationservice,0.41099798213208916,82.19959642641783,223739904.0,19.397727272727273,5,5
1775520060,2,1,1,4,recommendationservice,0.41335523802676144,82.67104760535229,223776768.0,19.400923295454543,5,5
1775520000,2,0,1,4,shippingservice,0.028923403575033396,28.923403575033397,19382272.0,28.8818359375,1,1
1775520060,2,1,1,4,shippingservice,0.027806791907504652,27.806791907504653,19185664.0,28.5888671875,1,1
1775520060,2,1,1,4,frontend,0.8076196167257452,134.60326945429085,175640576.0,43.62080891927083,6,6
1775520120,2,2,1,4,frontend,0.8159100286631499,135.98500477719162,175345664.0,43.54756673177083,6,6
1775520060,2,1,1,4,adservice,0.04193638337132584,20.96819168566292,107905024.0,57.170138888888886,1,1
1775520120,2,2,1,4,adservice,0.04450214948807159,22.251074744035794,107847680.0,57.13975694444444,1,1
1775520060,2,1,1,4,cartservice,0.23562610999889866,39.27101833314977,134516736.0,66.815185546875,3,2
1775520120,2,2,1,4,cartservice,0.24028020694235191,40.04670115705864,134500352.0,66.80704752604166,3,2
1775520060,2,1,1,4,checkoutservice,0.0315545195368199,31.554519536819896,21368832.0,31.842041015625,1,1
1775520120,2,2,1,4,checkoutservice,0.03258914343599583,32.58914343599583,21184512.0,31.5673828125,1,1
1775520060,2,1,1,4,currencyservice,0.35459566665082926,88.64891666270731,207273984.0,77.215576171875,4,4
1775520120,2,2,1,4,currencyservice,0.3435106320654869,85.87765801637171,207953920.0,77.4688720703125,4,4
1775520060,2,1,1,4,emailservice,0.01110015996175457,11.10015996175457,46923776.0,69.921875,1,1
1775520120,2,2,1,4,emailservice,0.011811077291551397,11.811077291551397,46923776.0,69.921875,1,1
1775520060,2,1,1,4,paymentservice,0.00675665078128249,3.378325390641245,183627776.0,136.8133544921875,2,2
1775520120,2,2,1,4,paymentservice,0.006890473453175051,3.445236726587525,185147392.0,137.945556640625,2,2
1775520060,2,1,1,4,productcatalogservice,0.327920453376538,109.30681779217932,53051392.0,26.350911458333332,3,3
1775520120,2,2,1,4,productcatalogservice,0.3207561682779718,106.91872275932393,53325824.0,26.487223307291668,3,3
1775520060,2,1,1,4,recommendationservice,0.41335523802676144,82.67104760535229,223776768.0,19.400923295454543,5,5
1775520120,2,2,1,4,recommendationservice,0.4263741075245385,85.2748215049077,223776768.0,19.400923295454543,5,5
1775520060,2,1,1,4,shippingservice,0.027806791907504652,27.806791907504653,19185664.0,28.5888671875,1,1
1775520120,2,2,1,4,shippingservice,0.02797879865049,27.97879865049,19116032.0,28.485107421875,1,1
1775520120,2,2,1,4,frontend,0.8159100286631499,135.98500477719162,175345664.0,43.54756673177083,6,6
1775520180,2,3,1,4,frontend,0.7998675073686519,133.31125122810863,175955968.0,43.69913736979167,6,6
1775520120,2,2,1,4,adservice,0.04450214948807159,22.251074744035794,107847680.0,57.13975694444444,1,1
1775520180,2,3,1,4,adservice,0.04394973662901515,21.974868314507574,107798528.0,57.11371527777778,1,1
1775520120,2,2,1,4,cartservice,0.24028020694235191,40.04670115705864,134500352.0,66.80704752604166,3,3
1775520180,2,3,1,4,cartservice,0.2850662896063777,47.51104826772961,159682560.0,79.315185546875,3,3
1775520120,2,2,1,4,checkoutservice,0.03258914343599583,32.58914343599583,21184512.0,31.5673828125,1,1
1775520180,2,3,1,4,checkoutservice,0.031752956240752604,31.7529562407526,21409792.0,31.903076171875,1,1
1775520120,2,2,1,4,currencyservice,0.3435106320654869,85.87765801637171,207953920.0,77.4688720703125,4,4
1775520180,2,3,1,4,currencyservice,0.3594499151711547,89.86247879278866,209379328.0,77.9998779296875,4,4
1775520120,2,2,1,4,emailservice,0.011811077291551397,11.811077291551397,46923776.0,69.921875,1,1
1775520180,2,3,1,4,emailservice,0.01212583761287661,12.125837612876609,46923776.0,69.921875,1,1
1775520120,2,2,1,4,paymentservice,0.006890473453175051,3.445236726587525,185147392.0,137.945556640625,2,2
1775520180,2,3,1,4,paymentservice,0.0066756264544839666,3.3378132272419827,185401344.0,138.134765625,2,2
1775520120,2,2,1,4,productcatalogservice,0.3207561682779718,106.91872275932393,53325824.0,26.487223307291668,3,3
1775520180,2,3,1,4,productcatalogservice,0.32804694228986564,109.34898076328854,53448704.0,26.548258463541668,3,3
1775520120,2,2,1,4,recommendationservice,0.4263741075245385,85.2748215049077,223776768.0,19.400923295454543,5,5
1775520180,2,3,1,4,recommendationservice,0.42672428047727884,85.34485609545577,223772672.0,19.40056818181818,5,5
1775520120,2,2,1,4,shippingservice,0.02797879865049,27.97879865049,19116032.0,28.485107421875,1,1
1775520180,2,3,1,4,shippingservice,0.025985733641059716,25.985733641059717,19378176.0,28.875732421875,1,1
1775520180,2,3,1,4,frontend,0.7998675073686519,133.31125122810863,175955968.0,43.69913736979167,6,6
1775520240,2,4,1,4,frontend,0.7928821228601186,132.1470204766864,176144384.0,43.74593098958333,6,6
1775520180,2,3,1,4,adservice,0.04394973662901515,21.974868314507574,107798528.0,57.11371527777778,1,1
1775520240,2,4,1,4,adservice,0.04239120329852063,21.19560164926031,107900928.0,57.16796875,1,1
1775520180,2,3,1,4,cartservice,0.2850662896063777,47.51104826772961,159682560.0,79.315185546875,3,3
1775520240,2,4,1,4,cartservice,0.2780228798626163,46.33714664376938,162582528.0,80.755615234375,3,3
1775520180,2,3,1,4,checkoutservice,0.031752956240752604,31.7529562407526,21409792.0,31.903076171875,1,1
1775520240,2,4,1,4,checkoutservice,0.02945631578039622,29.45631578039622,21340160.0,31.79931640625,1,1
1775520180,2,3,1,4,currencyservice,0.3594499151711547,89.86247879278866,209379328.0,77.9998779296875,4,4
1775520240,2,4,1,4,currencyservice,0.3505192039522159,87.62980098805397,211255296.0,78.69873046875,4,4
1775520180,2,3,1,4,emailservice,0.01212583761287661,12.125837612876609,46923776.0,69.921875,1,1
1775520240,2,4,1,4,emailservice,0.011565119897935353,11.565119897935352,46919680.0,69.915771484375,1,1
1775520180,2,3,1,4,paymentservice,0.0066756264544839666,3.3378132272419827,185401344.0,138.134765625,2,2
1775520240,2,4,1,4,paymentservice,0.006770637118033043,3.385318559016521,185765888.0,138.4063720703125,2,2
1775520180,2,3,1,4,productcatalogservice,0.32804694228986564,109.34898076328854,53448704.0,26.548258463541668,3,3
1775520240,2,4,1,4,productcatalogservice,0.3182799193753891,106.093306458463,53604352.0,26.625569661458332,3,3
1775520180,2,3,1,4,recommendationservice,0.42672428047727884,85.34485609545577,223772672.0,19.40056818181818,5,5
1775520240,2,4,1,4,recommendationservice,0.4156937729507441,83.13875459014882,223789056.0,19.401988636363637,5,5
1775520180,2,3,1,4,shippingservice,0.025985733641059716,25.985733641059717,19378176.0,28.875732421875,1,1
1775520240,2,4,1,4,shippingservice,0.028042798087044435,28.042798087044435,19251200.0,28.6865234375,1,1
1775520240,2,4,1,4,frontend,0.7928821228601186,132.1470204766864,176144384.0,43.74593098958333,6,6
1775520300,2,5,1,4,frontend,0.7902906643535791,131.7151107255965,175869952.0,43.67777506510417,6,6
1775520240,2,4,1,4,adservice,0.04239120329852063,21.19560164926031,107900928.0,57.16796875,1,1
1775520300,2,5,1,4,adservice,0.04177575775759955,20.887878878799775,107847680.0,57.13975694444444,1,1
1775520240,2,4,1,4,cartservice,0.2780228798626163,46.33714664376938,162582528.0,80.755615234375,3,3
1775520300,2,5,1,4,cartservice,0.2303231308971131,38.387188482852174,164175872.0,81.54703776041666,3,3
1775520240,2,4,1,4,checkoutservice,0.02945631578039622,29.45631578039622,21340160.0,31.79931640625,1,1
1775520300,2,5,1,4,checkoutservice,0.025855814765740528,25.855814765740526,21463040.0,31.982421875,1,1
1775520240,2,4,1,4,currencyservice,0.3505192039522159,87.62980098805397,211255296.0,78.69873046875,4,4
1775520300,2,5,1,4,currencyservice,0.35056074580401386,87.64018645100347,213114880.0,79.3914794921875,4,4
1775520240,2,4,1,4,emailservice,0.011565119897935353,11.565119897935352,46919680.0,69.915771484375,1,1
1775520300,2,5,1,4,emailservice,0.010382149732724097,10.382149732724097,46919680.0,69.915771484375,1,1
1775520240,2,4,1,4,paymentservice,0.006770637118033043,3.385318559016521,185765888.0,138.4063720703125,2,2
1775520300,2,5,1,4,paymentservice,0.006092041420136056,3.0460207100680274,185991168.0,138.57421875,2,2
1775520240,2,4,1,4,productcatalogservice,0.3182799193753891,106.093306458463,53604352.0,26.625569661458332,3,3
1775520300,2,5,1,4,productcatalogservice,0.3216725927342936,107.22419757809784,52850688.0,26.251220703125,3,3
1775520240,2,4,1,4,recommendationservice,0.4156937729507441,83.13875459014882,223789056.0,19.401988636363637,5,5
1775520300,2,5,1,4,recommendationservice,0.41459123215712546,82.91824643142509,223756288.0,19.399147727272727,5,5
1775520240,2,4,1,4,shippingservice,0.028042798087044435,28.042798087044435,19251200.0,28.6865234375,1,1
1775520300,2,5,1,4,shippingservice,0.026869007142674907,26.869007142674906,19587072.0,29.18701171875,1,1
1775520300,2,5,1,4,frontend,0.7902906643535791,131.7151107255965,175869952.0,43.67777506510417,6,6
1775520360,2,6,1,4,frontend,0.7883573735769475,131.3928955961579,176828416.0,43.91581217447917,6,6
1775520300,2,5,1,4,adservice,0.04177575775759955,20.887878878799775,107847680.0,57.13975694444444,1,1
1775520360,2,6,1,4,adservice,0.04264758191524912,21.32379095762456,107843584.0,57.13758680555555,1,1
1775520300,2,5,1,4,cartservice,0.2303231308971131,38.387188482852174,164175872.0,81.54703776041666,3,3
1775520360,2,6,1,4,cartservice,0.23656145178408278,39.42690863068046,165040128.0,81.976318359375,3,3
1775520300,2,5,1,4,checkoutservice,0.025855814765740528,25.855814765740526,21463040.0,31.982421875,1,1
1775520360,2,6,1,4,checkoutservice,0.03022708426034757,30.22708426034757,21471232.0,31.99462890625,1,1
1775520300,2,5,1,4,currencyservice,0.35056074580401386,87.64018645100347,213114880.0,79.3914794921875,4,4
1775520360,2,6,1,4,currencyservice,0.36202042394830536,90.50510598707633,214700032.0,79.98199462890625,4,4
1775520300,2,5,1,4,emailservice,0.010382149732724097,10.382149732724097,46919680.0,69.915771484375,1,1
1775520360,2,6,1,4,emailservice,0.010464670070022749,10.464670070022748,46919680.0,69.915771484375,1,1
1775520300,2,5,1,4,paymentservice,0.006092041420136056,3.0460207100680274,185991168.0,138.57421875,2,2
1775520360,2,6,1,4,paymentservice,0.007055449432493803,3.5277247162469014,187064320.0,139.373779296875,2,2
1775520300,2,5,1,4,productcatalogservice,0.3216725927342936,107.22419757809784,52850688.0,26.251220703125,3,3
1775520360,2,6,1,4,productcatalogservice,0.3044512254737529,101.48374182458429,53243904.0,26.446533203125,3,3
1775520300,2,5,1,4,recommendationservice,0.41459123215712546,82.91824643142509,223756288.0,19.399147727272727,5,5
1775520360,2,6,1,4,recommendationservice,0.4025595544533073,80.51191089066147,223797248.0,19.402698863636363,5,5
1775520300,2,5,1,4,shippingservice,0.026869007142674907,26.869007142674906,19587072.0,29.18701171875,1,1
1775520360,2,6,1,4,shippingservice,0.02808210102817293,28.08210102817293,19165184.0,28.558349609375,1,1
1775520360,2,6,1,4,frontend,0.7883573735769475,131.3928955961579,176828416.0,43.91581217447917,6,6
1775520420,2,7,1,4,frontend,0.8247669991232476,137.46116652054124,175603712.0,43.61165364583333,6,6
1775520360,2,6,1,4,adservice,0.04264758191524912,21.32379095762456,107843584.0,57.13758680555555,1,1
1775520420,2,7,1,4,adservice,0.043532827452769644,21.76641372638482,107892736.0,57.16362847222223,1,1
1775520360,2,6,1,4,cartservice,0.23656145178408278,59.14036294602069,165040128.0,122.9644775390625,2,2
1775520420,2,7,1,4,cartservice,0.2393060874254166,59.82652185635414,165634048.0,123.406982421875,2,2
1775520360,2,6,1,4,checkoutservice,0.03022708426034757,30.22708426034757,21471232.0,31.99462890625,1,1
1775520420,2,7,1,4,checkoutservice,0.035681199350234345,35.681199350234344,21426176.0,31.927490234375,1,1
1775520360,2,6,1,4,currencyservice,0.36202042394830536,90.50510598707633,214700032.0,79.98199462890625,4,4
1775520420,2,7,1,4,currencyservice,0.36514061736097786,91.28515434024446,216002560.0,80.46722412109375,4,4
1775520360,2,6,1,4,emailservice,0.010464670070022749,10.464670070022748,46919680.0,69.915771484375,1,1
1775520420,2,7,1,4,emailservice,0.012495741304783248,12.495741304783248,46927872.0,69.927978515625,1,1
1775520360,2,6,1,4,paymentservice,0.007055449432493803,3.5277247162469014,187064320.0,139.373779296875,2,2
1775520420,2,7,1,4,paymentservice,0.008291020878126788,4.1455104390633934,187277312.0,139.532470703125,2,2
1775520360,2,6,1,4,productcatalogservice,0.3044512254737529,101.48374182458429,53243904.0,26.446533203125,3,3
1775520420,2,7,1,4,productcatalogservice,0.3305083741428156,110.16945804760519,53620736.0,26.633707682291668,3,3
1775520360,2,6,1,4,recommendationservice,0.4025595544533073,80.51191089066147,223797248.0,19.402698863636363,5,5
1775520420,2,7,1,4,recommendationservice,0.43377656337049286,86.75531267409858,223797248.0,19.402698863636363,5,5
1775520360,2,6,1,4,shippingservice,0.02808210102817293,28.08210102817293,19165184.0,28.558349609375,1,1
1775520420,2,7,1,4,shippingservice,0.029891180302376,29.891180302375997,19283968.0,28.7353515625,1,1
1775520420,2,7,1,4,frontend,0.8247669991232476,137.46116652054124,175603712.0,43.61165364583333,6,6
1775520480,2,8,1,4,frontend,0.8135067117502633,135.5844519583772,176115712.0,43.73881022135417,6,6
1775520420,2,7,1,4,adservice,0.043532827452769644,21.76641372638482,107892736.0,57.16362847222223,1,1
1775520480,2,8,1,4,adservice,0.04445145090822662,22.22572545411331,107900928.0,57.16796875,1,1
1775520420,2,7,1,4,cartservice,0.2393060874254166,59.82652185635414,165634048.0,123.406982421875,2,2
1775520480,2,8,1,4,cartservice,0.24718278538755634,61.79569634688909,134463488.0,100.18310546875,2,2
1775520420,2,7,1,4,checkoutservice,0.035681199350234345,35.681199350234344,21426176.0,31.927490234375,1,1
1775520480,2,8,1,4,checkoutservice,0.035739989352394204,35.739989352394204,21090304.0,31.427001953125,1,1
1775520420,2,7,1,4,currencyservice,0.36514061736097786,91.28515434024446,216002560.0,80.46722412109375,4,4
1775520480,2,8,1,4,currencyservice,0.3640659701680488,91.0164925420122,218112000.0,81.2530517578125,4,4
1775520420,2,7,1,4,emailservice,0.012495741304783248,12.495741304783248,46927872.0,69.927978515625,1,1
1775520480,2,8,1,4,emailservice,0.012917424019430378,12.917424019430376,46919680.0,69.915771484375,1,1
1775520420,2,7,1,4,paymentservice,0.008291020878126788,4.1455104390633934,187277312.0,139.532470703125,2,2
1775520480,2,8,1,4,paymentservice,0.0076922232113987715,3.846111605699386,188465152.0,140.41748046875,2,2
1775520420,2,7,1,4,productcatalogservice,0.3305083741428156,110.16945804760519,53620736.0,26.633707682291668,3,3
1775520480,2,8,1,4,productcatalogservice,0.3188959269179783,106.29864230599276,53309440.0,26.479085286458332,3,3
1775520420,2,7,1,4,recommendationservice,0.43377656337049286,86.75531267409858,223797248.0,19.402698863636363,5,5
1775520480,2,8,1,4,recommendationservice,0.4307287317442358,86.14574634884717,223862784.0,19.408380681818183,5,5
1775520420,2,7,1,4,shippingservice,0.029891180302376,29.891180302375997,19283968.0,28.7353515625,1,1
1775520480,2,8,1,4,shippingservice,0.030533532184117286,30.533532184117284,19398656.0,28.90625,1,1
1775520480,2,8,1,4,frontend,0.8135067117502633,135.5844519583772,176115712.0,43.73881022135417,6,6
1775520540,2,9,1,4,frontend,0.8232266476783416,137.20444127972357,176087040.0,43.731689453125,6,6
1775520480,2,8,1,4,adservice,0.04445145090822662,22.22572545411331,107900928.0,57.16796875,1,1
1775520540,2,9,1,4,adservice,0.0436654693532396,21.8327346766198,107843584.0,57.13758680555555,1,1
1775520480,2,8,1,4,cartservice,0.24718278538755634,61.79569634688909,134463488.0,100.18310546875,2,2
1775520540,2,9,1,4,cartservice,0.23210689097175394,58.02672274293849,134557696.0,100.2532958984375,2,2
1775520480,2,8,1,4,checkoutservice,0.035739989352394204,35.739989352394204,21090304.0,31.427001953125,1,1
1775520540,2,9,1,4,checkoutservice,0.032767989939296416,32.76798993929641,21344256.0,31.805419921875,1,1
1775520480,2,8,1,4,currencyservice,0.3640659701680488,91.0164925420122,218112000.0,81.2530517578125,4,4
1775520540,2,9,1,4,currencyservice,0.35710129978893435,89.27532494723359,219914240.0,81.9244384765625,4,4
1775520480,2,8,1,4,emailservice,0.012917424019430378,12.917424019430376,46919680.0,69.915771484375,1,1
1775520540,2,9,1,4,emailservice,0.012309936900529093,12.309936900529092,46919680.0,69.915771484375,1,1
1775520480,2,8,1,4,paymentservice,0.0076922232113987715,3.846111605699386,188465152.0,140.41748046875,2,2
1775520540,2,9,1,4,paymentservice,0.006891365825716776,3.445682912858388,188440576.0,140.399169921875,2,2
1775520480,2,8,1,4,productcatalogservice,0.3188959269179783,106.29864230599276,53309440.0,26.479085286458332,3,3
1775520540,2,9,1,4,productcatalogservice,0.3303132496932178,110.10441656440591,53456896.0,26.552327473958332,3,3
1775520480,2,8,1,4,recommendationservice,0.4307287317442358,86.14574634884717,223862784.0,19.408380681818183,5,5
1775520540,2,9,1,4,recommendationservice,0.42702966425998395,85.4059328519968,223789056.0,19.401988636363637,5,5
1775520480,2,8,1,4,shippingservice,0.030533532184117286,30.533532184117284,19398656.0,28.90625,1,1
1775520540,2,9,1,4,shippingservice,0.028774428304890624,28.77442830489062,19648512.0,29.278564453125,1,1
1775520540,2,9,1,4,frontend,0.8232266476783416,137.20444127972357,176087040.0,43.731689453125,6,6
1775520600,2,10,1,4,frontend,0.8121772425238692,135.3628737539782,177688576.0,44.12943522135417,6,6
1775520540,2,9,1,4,adservice,0.0436654693532396,21.8327346766198,107843584.0,57.13758680555555,1,1
1775520600,2,10,1,4,adservice,0.040362168092844236,20.181084046422118,108019712.0,57.23090277777778,1,1
1775520540,2,9,1,4,cartservice,0.23210689097175394,38.68448182862565,134557696.0,66.83553059895834,3,2
1775520600,2,10,1,4,cartservice,0.24741655340636504,41.236092234394164,134553600.0,66.83349609375,3,2
1775520540,2,9,1,4,checkoutservice,0.032767989939296416,32.76798993929641,21344256.0,31.805419921875,1,1
1775520600,2,10,1,4,checkoutservice,0.03266205216339817,32.662052163398165,21282816.0,31.7138671875,1,1
1775520540,2,9,1,4,currencyservice,0.35710129978893435,89.27532494723359,219914240.0,81.9244384765625,4,4
1775520600,2,10,1,4,currencyservice,0.3564171045862241,89.10427614655603,221413376.0,82.48291015625,4,4
1775520540,2,9,1,4,emailservice,0.012309936900529093,12.309936900529092,46919680.0,69.915771484375,1,1
1775520600,2,10,1,4,emailservice,0.010747315184948762,10.74731518494876,46919680.0,69.915771484375,1,1
1775520540,2,9,1,4,paymentservice,0.006891365825716776,3.445682912858388,188440576.0,140.399169921875,2,2
1775520600,2,10,1,4,paymentservice,0.007575976211667619,3.7879881058338096,189411328.0,141.1224365234375,2,2
1775520540,2,9,1,4,productcatalogservice,0.3303132496932178,110.10441656440591,53456896.0,26.552327473958332,3,3
1775520600,2,10,1,4,productcatalogservice,0.33000753149013984,110.00251049671326,53719040.0,26.682535807291668,3,3
1775520540,2,9,1,4,recommendationservice,0.42702966425998395,85.4059328519968,223789056.0,19.401988636363637,5,5
1775520600,2,10,1,4,recommendationservice,0.43044500597834967,86.08900119566994,223768576.0,19.400213068181817,5,5
1775520540,2,9,1,4,shippingservice,0.028774428304890624,28.77442830489062,19648512.0,29.278564453125,1,1
1775520600,2,10,1,4,shippingservice,0.028294615609909327,28.294615609909325,19419136.0,28.936767578125,1,1
1775520600,2,10,1,4,frontend,0.8121772425238692,135.3628737539782,177688576.0,44.12943522135417,6,6
1775520660,2,11,1,4,frontend,0.8027492849376703,133.79154748961167,177045504.0,43.9697265625,6,6
1775520600,2,10,1,4,adservice,0.040362168092844236,20.181084046422118,108019712.0,57.23090277777778,1,1
1775520660,2,11,1,4,adservice,0.043412089829048435,21.706044914524217,107982848.0,57.21137152777778,1,1
1775520600,2,10,1,4,cartservice,0.24741655340636504,41.236092234394164,134553600.0,66.83349609375,3,3
1775520660,2,11,1,4,cartservice,0.2968452990291433,49.47421650485721,159870976.0,79.40877278645834,3,3
1775520600,2,10,1,4,checkoutservice,0.03266205216339817,32.662052163398165,21282816.0,31.7138671875,1,1
1775520660,2,11,1,4,checkoutservice,0.030499872355786117,30.499872355786117,21487616.0,32.01904296875,1,1
1775520600,2,10,1,4,currencyservice,0.3564171045862241,89.10427614655603,221413376.0,82.48291015625,4,4
1775520660,2,11,1,4,currencyservice,0.3610397559866926,90.25993899667314,222232576.0,82.7880859375,4,4
1775520600,2,10,1,4,emailservice,0.010747315184948762,10.74731518494876,46919680.0,69.915771484375,1,1
1775520660,2,11,1,4,emailservice,0.011100520347699191,11.100520347699192,46919680.0,69.915771484375,1,1
1775520600,2,10,1,4,paymentservice,0.007575976211667619,3.7879881058338096,189411328.0,141.1224365234375,2,2
1775520660,2,11,1,4,paymentservice,0.006820416594006538,3.4102082970032686,191000576.0,142.3065185546875,2,2
1775520600,2,10,1,4,productcatalogservice,0.33000753149013984,110.00251049671326,53719040.0,26.682535807291668,3,3
1775520660,2,11,1,4,productcatalogservice,0.3315049267502109,110.50164225007029,53698560.0,26.67236328125,3,3
1775520600,2,10,1,4,recommendationservice,0.43044500597834967,86.08900119566994,223768576.0,19.400213068181817,5,5
1775520660,2,11,1,4,recommendationservice,0.42614922725925025,85.22984545185005,223862784.0,19.408380681818183,5,5
1775520600,2,10,1,4,shippingservice,0.028294615609909327,28.294615609909325,19419136.0,28.936767578125,1,1
1775520660,2,11,1,4,shippingservice,0.02810921636748156,28.109216367481554,19275776.0,28.72314453125,1,1
1775520660,2,11,1,4,frontend,0.8027492849376703,133.79154748961167,177045504.0,43.9697265625,6,6
1775520720,2,12,1,4,frontend,0.8126436443576942,135.440607392949,178548736.0,44.34305826822917,6,6
1775520660,2,11,1,4,adservice,0.043412089829048435,21.706044914524217,107982848.0,57.21137152777778,1,1
1775520720,2,12,1,4,adservice,0.04332505013513459,21.66252506756729,107974656.0,57.20703124999999,1,1
1775520660,2,11,1,4,cartservice,0.2968452990291433,49.47421650485721,159870976.0,79.40877278645834,3,3
1775520720,2,12,1,4,cartservice,0.28987075401578677,48.311792335964455,165224448.0,82.06787109375,3,3
1775520660,2,11,1,4,checkoutservice,0.030499872355786117,30.499872355786117,21487616.0,32.01904296875,1,1
1775520720,2,12,1,4,checkoutservice,0.03089968038318009,30.89968038318009,21307392.0,31.75048828125,1,1
1775520660,2,11,1,4,currencyservice,0.3610397559866926,90.25993899667314,222232576.0,82.7880859375,4,4
1775520720,2,12,1,4,currencyservice,0.35660165035661906,89.15041258915475,224374784.0,83.58612060546875,4,4
1775520660,2,11,1,4,emailservice,0.011100520347699191,11.100520347699192,46919680.0,69.915771484375,1,1
1775520720,2,12,1,4,emailservice,0.01101136227842862,11.01136227842862,46919680.0,69.915771484375,1,1
1775520660,2,11,1,4,paymentservice,0.006820416594006538,3.4102082970032686,191000576.0,142.3065185546875,2,2
1775520720,2,12,1,4,paymentservice,0.00678953329954108,3.3947666497705398,191406080.0,142.608642578125,2,2
1775520660,2,11,1,4,productcatalogservice,0.3315049267502109,110.50164225007029,53698560.0,26.67236328125,3,3
1775520720,2,12,1,4,productcatalogservice,0.33268889556758335,110.89629852252776,53952512.0,26.798502604166668,3,3
1775520660,2,11,1,4,recommendationservice,0.42614922725925025,85.22984545185005,223862784.0,19.408380681818183,5,5
1775520720,2,12,1,4,recommendationservice,0.42656346849693144,85.31269369938629,223830016.0,19.405539772727273,5,5
1775520660,2,11,1,4,shippingservice,0.02810921636748156,28.109216367481554,19275776.0,28.72314453125,1,1
1775520720,2,12,1,4,shippingservice,0.028407426787672444,28.407426787672442,19603456.0,29.21142578125,1,1
1775520720,2,12,1,4,frontend,0.8126436443576942,135.440607392949,178548736.0,44.34305826822917,6,6
1775520780,2,13,1,4,frontend,0.8093327376520079,134.88878960866793,176205824.0,43.76118977864583,6,6
1775520720,2,12,1,4,adservice,0.04332505013513459,21.66252506756729,107974656.0,57.20703124999999,1,1
1775520780,2,13,1,4,adservice,0.04412592936386856,22.06296468193428,107970560.0,57.204861111111114,1,1
1775520720,2,12,1,4,cartservice,0.28987075401578677,48.311792335964455,165224448.0,82.06787109375,3,3
1775520780,2,13,1,4,cartservice,0.2323860500931107,38.73100834885177,163684352.0,81.30289713541666,3,3
1775520720,2,12,1,4,checkoutservice,0.03089968038318009,30.89968038318009,21307392.0,31.75048828125,1,1
1775520780,2,13,1,4,checkoutservice,0.03191380395241108,31.913803952411072,21680128.0,32.305908203125,1,1
1775520720,2,12,1,4,currencyservice,0.35660165035661906,89.15041258915475,224374784.0,83.58612060546875,4,4
1775520780,2,13,1,4,currencyservice,0.36318087266915267,90.79521816728816,225509376.0,84.0087890625,4,4
1775520720,2,12,1,4,emailservice,0.01101136227842862,11.01136227842862,46919680.0,69.915771484375,1,1
1775520780,2,13,1,4,emailservice,0.012456824736374857,12.456824736374857,46923776.0,69.921875,1,1
1775520720,2,12,1,4,paymentservice,0.00678953329954108,3.3947666497705398,191406080.0,142.608642578125,2,2
1775520780,2,13,1,4,paymentservice,0.00776819839412316,3.8840991970615795,191418368.0,142.6177978515625,2,2
1775520720,2,12,1,4,productcatalogservice,0.33268889556758335,110.89629852252776,53952512.0,26.798502604166668,3,3
1775520780,2,13,1,4,productcatalogservice,0.32174823046535134,107.24941015511709,53694464.0,26.670328776041668,3,3
1775520720,2,12,1,4,recommendationservice,0.42656346849693144,85.31269369938629,223830016.0,19.405539772727273,5,5
1775520780,2,13,1,4,recommendationservice,0.4025318724895907,80.50637449791815,223797248.0,19.402698863636363,5,5
1775520720,2,12,1,4,shippingservice,0.028407426787672444,28.407426787672442,19603456.0,29.21142578125,1,1
1775520780,2,13,1,4,shippingservice,0.02912994576687636,29.129945766876357,19369984.0,28.863525390625,1,1
1775520780,2,13,1,4,frontend,0.8093327376520079,134.88878960866793,176205824.0,43.76118977864583,6,6
1775520840,2,14,1,4,frontend,0.8327102599478061,138.78504332463433,175353856.0,43.54960123697917,6,6
1775520780,2,13,1,4,adservice,0.04412592936386856,22.06296468193428,107970560.0,57.204861111111114,1,1
1775520840,2,14,1,4,adservice,0.045500013830854155,22.750006915427075,107921408.0,57.17881944444444,1,1
1775520780,2,13,1,4,cartservice,0.2323860500931107,38.73100834885177,163684352.0,81.30289713541666,3,3
1775520840,2,14,1,4,cartservice,0.24934418352209003,41.55736392034834,165183488.0,82.04752604166666,3,3
1775520780,2,13,1,4,checkoutservice,0.03191380395241108,31.913803952411072,21680128.0,32.305908203125,1,1
1775520840,2,14,1,4,checkoutservice,0.0329595953182183,32.9595953182183,21430272.0,31.93359375,1,1
1775520780,2,13,1,4,currencyservice,0.36318087266915267,90.79521816728816,225509376.0,84.0087890625,4,4
1775520840,2,14,1,4,currencyservice,0.3713543174327552,92.8385793581888,228196352.0,85.009765625,4,4
1775520780,2,13,1,4,emailservice,0.012456824736374857,12.456824736374857,46923776.0,69.921875,1,1
1775520840,2,14,1,4,emailservice,0.012119278035172109,12.119278035172108,46923776.0,69.921875,1,1
1775520780,2,13,1,4,paymentservice,0.00776819839412316,3.8840991970615795,191418368.0,142.6177978515625,2,2
1775520840,2,14,1,4,paymentservice,0.007356967491636595,3.6784837458182973,192815104.0,143.658447265625,2,2
1775520780,2,13,1,4,productcatalogservice,0.32174823046535134,107.24941015511709,53694464.0,26.670328776041668,3,3
1775520840,2,14,1,4,productcatalogservice,0.3344236492748738,111.47454975829125,53583872.0,26.615397135416668,3,3
1775520780,2,13,1,4,recommendationservice,0.4025318724895907,80.50637449791815,223797248.0,19.402698863636363,5,5
1775520840,2,14,1,4,recommendationservice,0.43838014567208405,87.67602913441681,223780864.0,19.401278409090907,5,5
1775520780,2,13,1,4,shippingservice,0.02912994576687636,29.129945766876357,19369984.0,28.863525390625,1,1
1775520840,2,14,1,4,shippingservice,0.028830750391452626,28.830750391452625,19439616.0,28.96728515625,1,1
1775520840,2,14,1,4,frontend,0.8327102599478061,138.78504332463433,175353856.0,43.54960123697917,6,6
1775520900,2,15,1,4,frontend,0.8049094404874934,134.1515734145822,174563328.0,43.353271484375,6,6
1775520840,2,14,1,4,adservice,0.045500013830854155,22.750006915427075,107921408.0,57.17881944444444,1,1
1775520900,2,15,1,4,adservice,0.0406486894432104,20.3243447216052,108072960.0,57.259114583333336,1,1
1775520840,2,14,1,4,cartservice,0.24934418352209003,41.55736392034834,165183488.0,82.04752604166666,3,3
1775520900,2,15,1,4,cartservice,0.24023442600182995,40.039071000304986,166674432.0,82.7880859375,3,3
1775520840,2,14,1,4,checkoutservice,0.0329595953182183,32.9595953182183,21430272.0,31.93359375,1,1
1775520900,2,15,1,4,checkoutservice,0.029976996199372857,29.976996199372856,21532672.0,32.086181640625,1,1
1775520840,2,14,1,4,currencyservice,0.3713543174327552,92.8385793581888,228196352.0,85.009765625,4,4
1775520900,2,15,1,4,currencyservice,0.3641436573483473,91.03591433708682,228929536.0,85.28289794921875,4,4
1775520840,2,14,1,4,emailservice,0.012119278035172109,12.119278035172108,46923776.0,69.921875,1,1
1775520900,2,15,1,4,emailservice,0.011499286984038029,11.49928698403803,46923776.0,69.921875,1,1
1775520840,2,14,1,4,paymentservice,0.007356967491636595,3.6784837458182973,192815104.0,143.658447265625,2,2
1775520900,2,15,1,4,paymentservice,0.006775061193353329,3.387530596676664,194256896.0,144.732666015625,2,2
1775520840,2,14,1,4,productcatalogservice,0.3344236492748738,111.47454975829125,53583872.0,26.615397135416668,3,3
1775520900,2,15,1,4,productcatalogservice,0.3158128692058161,105.27095640193869,53563392.0,26.605224609375,3,3
1775520840,2,14,1,4,recommendationservice,0.43838014567208405,87.67602913441681,223780864.0,19.401278409090907,5,5
1775520900,2,15,1,4,recommendationservice,0.44345135527404517,88.69027105480903,223887360.0,19.410511363636363,5,5
1775520840,2,14,1,4,shippingservice,0.028830750391452626,28.830750391452625,19439616.0,28.96728515625,1,1
1775520900,2,15,1,4,shippingservice,0.0289222635874781,28.9222635874781,19234816.0,28.662109375,1,1
1775520900,2,15,1,4,frontend,0.8049094404874934,134.1515734145822,174563328.0,43.353271484375,6,6
1775520960,2,16,1,4,frontend,0.8022090771717066,133.7015128619511,174395392.0,43.31156412760417,6,6
1775520900,2,15,1,4,adservice,0.0406486894432104,20.3243447216052,108072960.0,57.259114583333336,1,1
1775520960,2,16,1,4,adservice,0.04332833101745338,21.664165508726686,107974656.0,57.20703124999999,1,1
1775520900,2,15,1,4,cartservice,0.24023442600182995,40.039071000304986,166674432.0,82.7880859375,3,3
1775520960,2,16,1,4,cartservice,0.246030777584951,41.00512959749183,169730048.0,84.30582682291666,3,3
1775520900,2,15,1,4,checkoutservice,0.029976996199372857,29.976996199372856,21532672.0,32.086181640625,1,1
1775520960,2,16,1,4,checkoutservice,0.03132861461543138,31.328614615431377,21438464.0,31.94580078125,1,1
1775520900,2,15,1,4,currencyservice,0.3641436573483473,91.03591433708682,228929536.0,85.28289794921875,4,4
1775520960,2,16,1,4,currencyservice,0.3573419801349283,89.33549503373207,230334464.0,85.8062744140625,4,4
1775520900,2,15,1,4,emailservice,0.011499286984038029,11.49928698403803,46923776.0,69.921875,1,1
1775520960,2,16,1,4,emailservice,0.011705672108743959,11.705672108743958,46919680.0,69.915771484375,1,1
1775520900,2,15,1,4,paymentservice,0.006775061193353329,3.387530596676664,194256896.0,144.732666015625,2,2
1775520960,2,16,1,4,paymentservice,0.009037941972151395,4.518970986075697,196984832.0,146.76513671875,2,2
1775520900,2,15,1,4,productcatalogservice,0.3158128692058161,105.27095640193869,53563392.0,26.605224609375,3,3
1775520960,2,16,1,4,productcatalogservice,0.3243441319451406,108.11471064838018,53448704.0,26.548258463541668,3,3
1775520900,2,15,1,4,recommendationservice,0.44345135527404517,88.69027105480903,223887360.0,19.410511363636363,5,5
1775520960,2,16,1,4,recommendationservice,0.4244140091375843,84.88280182751686,223760384.0,19.39950284090909,5,5
1775520900,2,15,1,4,shippingservice,0.0289222635874781,28.9222635874781,19234816.0,28.662109375,1,1
1775520960,2,16,1,4,shippingservice,0.028693100938207303,28.6931009382073,19582976.0,29.180908203125,1,1
1775520960,2,16,1,4,frontend,0.8022090771717066,133.7015128619511,174395392.0,43.31156412760417,6,6
1775521020,2,17,1,4,frontend,0.7736950304830112,128.94917174716852,174518272.0,43.34208170572917,6,6
1775520960,2,16,1,4,adservice,0.04332833101745338,21.664165508726686,107974656.0,57.20703124999999,1,1
1775521020,2,17,1,4,adservice,0.04279417373989727,21.397086869948637,108032000.0,57.23741319444444,1,1
1775520960,2,16,1,4,cartservice,0.246030777584951,61.507694396237746,169730048.0,126.458740234375,2,2
1775521020,2,17,1,4,cartservice,0.23340099352993562,58.350248382483905,169521152.0,126.3031005859375,2,2
1775520960,2,16,1,4,checkoutservice,0.03132861461543138,31.328614615431377,21438464.0,31.94580078125,1,1
1775521020,2,17,1,4,checkoutservice,0.03453014843295676,34.53014843295675,21585920.0,32.16552734375,1,1
1775520960,2,16,1,4,currencyservice,0.3573419801349283,89.33549503373207,230334464.0,85.8062744140625,4,4
1775521020,2,17,1,4,currencyservice,0.34482724423420047,86.20681105855012,232148992.0,86.48223876953125,4,4
1775520960,2,16,1,4,emailservice,0.011705672108743959,11.705672108743958,46919680.0,69.915771484375,1,1
1775521020,2,17,1,4,emailservice,0.012431881104559688,12.431881104559688,46919680.0,69.915771484375,1,1
1775520960,2,16,1,4,paymentservice,0.009037941972151395,4.518970986075697,196984832.0,146.76513671875,2,2
1775521020,2,17,1,4,paymentservice,0.007101751617925608,3.5508758089628034,200445952.0,149.3438720703125,2,2
1775520960,2,16,1,4,productcatalogservice,0.3243441319451406,108.11471064838018,53448704.0,26.548258463541668,3,3
1775521020,2,17,1,4,productcatalogservice,0.325567914228646,108.52263807621532,52789248.0,26.220703125,3,3
1775520960,2,16,1,4,recommendationservice,0.4244140091375843,84.88280182751686,223760384.0,19.39950284090909,5,5
1775521020,2,17,1,4,recommendationservice,0.4272870434170497,85.45740868340994,223961088.0,19.41690340909091,5,5
1775520960,2,16,1,4,shippingservice,0.028693100938207303,28.6931009382073,19582976.0,29.180908203125,1,1
1775521020,2,17,1,4,shippingservice,0.028998972840419215,28.998972840419214,19230720.0,28.656005859375,1,1
1775521020,2,17,1,4,frontend,0.7736950304830112,128.94917174716852,174518272.0,43.34208170572917,6,6
1775521080,2,18,1,4,frontend,0.8138284707985923,135.63807846643203,175386624.0,43.5577392578125,6,6
1775521020,2,17,1,4,adservice,0.04279417373989727,21.397086869948637,108032000.0,57.23741319444444,1,1
1775521080,2,18,1,4,adservice,0.043698049687656164,21.84902484382808,108552192.0,57.51302083333333,1,1
1775521020,2,17,1,4,cartservice,0.23340099352993562,58.350248382483905,169521152.0,126.3031005859375,2,2
1775521080,2,18,1,4,cartservice,0.20163452941701668,50.408632354254166,134369280.0,100.1129150390625,2,2
1775521020,2,17,1,4,checkoutservice,0.03453014843295676,34.53014843295675,21585920.0,32.16552734375,1,1
1775521080,2,18,1,4,checkoutservice,0.03336982259167383,33.369822591673824,21368832.0,31.842041015625,1,1
1775521020,2,17,1,4,currencyservice,0.34482724423420047,86.20681105855012,232148992.0,86.48223876953125,4,4
1775521080,2,18,1,4,currencyservice,0.3588148824970318,89.70372062425794,236515328.0,88.10882568359375,4,4
1775521020,2,17,1,4,emailservice,0.012431881104559688,12.431881104559688,46919680.0,69.915771484375,1,1
1775521080,2,18,1,4,emailservice,0.012271137555095776,12.271137555095777,46919680.0,69.915771484375,1,1
1775521020,2,17,1,4,paymentservice,0.007101751617925608,3.5508758089628034,200445952.0,149.3438720703125,2,2
1775521080,2,18,1,4,paymentservice,0.007301847840077459,3.65092392003873,201068544.0,149.8077392578125,2,2
1775521020,2,17,1,4,productcatalogservice,0.325567914228646,108.52263807621532,52789248.0,26.220703125,3,3
1775521080,2,18,1,4,productcatalogservice,0.33172808761089034,110.5760292036301,53506048.0,26.576741536458332,3,3
1775521020,2,17,1,4,recommendationservice,0.4272870434170497,85.45740868340994,223961088.0,19.41690340909091,5,5
1775521080,2,18,1,4,recommendationservice,0.4370043588099818,87.40087176199636,223850496.0,19.40731534090909,5,5
1775521020,2,17,1,4,shippingservice,0.028998972840419215,28.998972840419214,19230720.0,28.656005859375,1,1
1775521080,2,18,1,4,shippingservice,0.028345955505753404,28.345955505753402,19283968.0,28.7353515625,1,1
1775521080,2,18,1,4,frontend,0.8138284707985923,135.63807846643203,175386624.0,43.5577392578125,6,6
1775521140,2,19,1,4,frontend,0.8215236495533302,136.92060825888834,174645248.0,43.37361653645833,6,6
1775521080,2,18,1,4,adservice,0.043698049687656164,21.84902484382808,108552192.0,57.51302083333333,1,1
1775521140,2,19,1,4,adservice,0.04490311253567365,22.451556267836825,107974656.0,57.20703124999999,1,1
1775521080,2,18,1,4,cartservice,0.20163452941701668,50.408632354254166,134369280.0,100.1129150390625,2,2
1775521140,2,19,1,4,cartservice,0.23513165136590836,58.782912841477085,134488064.0,100.201416015625,2,2
1775521080,2,18,1,4,checkoutservice,0.03336982259167383,33.369822591673824,21368832.0,31.842041015625,1,1
1775521140,2,19,1,4,checkoutservice,0.031647798515198014,31.647798515198012,21340160.0,31.79931640625,1,1
1775521080,2,18,1,4,currencyservice,0.3588148824970318,89.70372062425794,236515328.0,88.10882568359375,4,4
1775521140,2,19,1,4,currencyservice,0.3514846756251043,87.87116890627608,240971776.0,89.76898193359375,4,4
1775521080,2,18,1,4,emailservice,0.012271137555095776,12.271137555095777,46919680.0,69.915771484375,1,1
1775521140,2,19,1,4,emailservice,0.011514614917049554,11.514614917049554,46919680.0,69.915771484375,1,1
1775521080,2,18,1,4,paymentservice,0.007301847840077459,3.65092392003873,201068544.0,149.8077392578125,2,2
1775521140,2,19,1,4,paymentservice,0.006599260779300648,3.2996303896503236,201719808.0,150.29296875,2,2
1775521080,2,18,1,4,productcatalogservice,0.33172808761089034,110.5760292036301,53506048.0,26.576741536458332,3,3
1775521140,2,19,1,4,productcatalogservice,0.3248496192975454,108.28320643251513,53944320.0,26.79443359375,3,3
1775521080,2,18,1,4,recommendationservice,0.4370043588099818,87.40087176199636,223850496.0,19.40731534090909,5,5
1775521140,2,19,1,4,recommendationservice,0.43852424242311633,87.70484848462327,223846400.0,19.406960227272727,5,5
1775521080,2,18,1,4,shippingservice,0.028345955505753404,28.345955505753402,19283968.0,28.7353515625,1,1
1775521140,2,19,1,4,shippingservice,0.029210130863914472,29.21013086391447,19329024.0,28.802490234375,1,1
1775521140,2,19,1,4,frontend,0.8215236495533302,136.92060825888834,174645248.0,43.37361653645833,6,6
1775521200,2,20,1,4,frontend,0.8353003947329907,139.2167324554984,176111616.0,43.73779296875,6,6
1775521140,2,19,1,4,adservice,0.04490311253567365,22.451556267836825,107974656.0,57.20703124999999,1,1
1775521200,2,20,1,4,adservice,0.0451346837750333,22.56734188751665,108023808.0,57.23307291666667,1,1
1775521140,2,19,1,4,cartservice,0.23513165136590836,58.782912841477085,134488064.0,100.201416015625,2,2
1775521200,2,20,1,4,cartservice,0.24330729896249353,60.82682474062337,134565888.0,100.2593994140625,2,2
1775521140,2,19,1,4,checkoutservice,0.031647798515198014,31.647798515198012,21340160.0,31.79931640625,1,1
1775521200,2,20,1,4,checkoutservice,0.03376504257464787,33.76504257464787,21954560.0,32.71484375,1,1
1775521140,2,19,1,4,currencyservice,0.3514846756251043,87.87116890627608,240971776.0,89.76898193359375,4,4
1775521200,2,20,1,4,currencyservice,0.3665807892445393,91.64519731113482,244375552.0,91.0369873046875,4,4
1775521140,2,19,1,4,emailservice,0.011514614917049554,11.514614917049554,46919680.0,69.915771484375,1,1
1775521200,2,20,1,4,emailservice,0.011218148810734536,11.218148810734535,46915584.0,69.90966796875,1,1
1775521140,2,19,1,4,paymentservice,0.006599260779300648,3.2996303896503236,201719808.0,150.29296875,2,2
1775521200,2,20,1,4,paymentservice,0.01173706511740813,5.868532558704064,201580544.0,150.189208984375,2,2
1775521140,2,19,1,4,productcatalogservice,0.3248496192975454,108.28320643251513,53944320.0,26.79443359375,3,3
1775521200,2,20,1,4,productcatalogservice,0.336036707009867,112.01223566995564,53678080.0,26.662190755208332,3,3
1775521140,2,19,1,4,recommendationservice,0.43852424242311633,87.70484848462327,223846400.0,19.406960227272727,5,5
1775521200,2,20,1,4,recommendationservice,0.4505625437199043,90.11250874398085,223797248.0,19.402698863636363,5,5
1775521140,2,19,1,4,shippingservice,0.029210130863914472,29.21013086391447,19329024.0,28.802490234375,1,1
1775521200,2,20,1,4,shippingservice,0.02784077950033373,27.840779500333728,19296256.0,28.753662109375,1,1
1775521200,2,20,1,4,frontend,0.8353003947329907,139.2167324554984,176111616.0,43.73779296875,6,6
1775521260,2,21,1,4,frontend,0.8246867643177961,137.44779405296597,175689728.0,43.63301595052083,6,6
1775521200,2,20,1,4,adservice,0.0451346837750333,22.56734188751665,108023808.0,57.23307291666667,1,1
1775521260,2,21,1,4,adservice,0.04450880991094687,22.254404955473433,108019712.0,57.23090277777778,1,1
1775521200,2,20,1,4,cartservice,0.24330729896249353,60.82682474062337,134565888.0,100.2593994140625,2,2
1775521260,2,21,1,4,cartservice,0.23440871875949176,58.60217968987293,134565888.0,100.2593994140625,2,2
1775521200,2,20,1,4,checkoutservice,0.03376504257464787,33.76504257464787,21954560.0,32.71484375,1,1
1775521260,2,21,1,4,checkoutservice,0.03198791250575959,31.987912505759585,21446656.0,31.9580078125,1,1
1775521200,2,20,1,4,currencyservice,0.3665807892445393,91.64519731113482,244375552.0,91.0369873046875,4,4
1775521260,2,21,1,4,currencyservice,0.3606803219105845,90.17008047764612,245149696.0,91.32537841796875,4,4
1775521200,2,20,1,4,emailservice,0.011218148810734536,11.218148810734535,46915584.0,69.90966796875,1,1
1775521260,2,21,1,4,emailservice,0.012047542312467838,12.047542312467838,46919680.0,69.915771484375,1,1
1775521200,2,20,1,4,paymentservice,0.01173706511740813,5.868532558704064,201580544.0,150.189208984375,2,2
1775521260,2,21,1,4,paymentservice,0.011248770199320978,5.624385099660489,203264000.0,151.4434814453125,2,2
1775521200,2,20,1,4,productcatalogservice,0.336036707009867,112.01223566995564,53678080.0,26.662190755208332,3,3
1775521260,2,21,1,4,productcatalogservice,0.3301827767006207,110.06092556687355,53547008.0,26.597086588541668,3,3
1775521200,2,20,1,4,recommendationservice,0.4505625437199043,90.11250874398085,223797248.0,19.402698863636363,5,5
1775521260,2,21,1,4,recommendationservice,0.4426507397577892,88.53014795155784,223842304.0,19.406605113636363,5,5
1775521200,2,20,1,4,shippingservice,0.02784077950033373,27.840779500333728,19296256.0,28.753662109375,1,1
1775521260,2,21,1,4,shippingservice,0.02922531879664872,29.22531879664872,19484672.0,29.034423828125,1,1
1775521260,2,21,1,4,frontend,0.8246867643177961,137.44779405296597,175689728.0,43.63301595052083,6,6
1775521320,2,22,1,4,frontend,0.8220662307453694,137.01103845756154,175394816.0,43.55977376302083,6,6
1775521260,2,21,1,4,adservice,0.04450880991094687,22.254404955473433,108019712.0,57.23090277777778,1,1
1775521320,2,22,1,4,adservice,0.040995866084246664,20.497933042123332,107970560.0,57.204861111111114,1,1
1775521260,2,21,1,4,cartservice,0.23440871875949176,58.60217968987293,134565888.0,100.2593994140625,2,2
1775521320,2,22,1,4,cartservice,0.22791076400896115,56.977691002240284,134545408.0,100.244140625,2,2
1775521260,2,21,1,4,checkoutservice,0.03198791250575959,31.987912505759585,21446656.0,31.9580078125,1,1
1775521320,2,22,1,4,checkoutservice,0.030846089225363367,30.846089225363365,21598208.0,32.183837890625,1,1
1775521260,2,21,1,4,currencyservice,0.3606803219105845,90.17008047764612,245149696.0,91.32537841796875,4,4
1775521320,2,22,1,4,currencyservice,0.35810073678378085,89.5251841959452,247635968.0,92.2515869140625,4,4
1775521260,2,21,1,4,emailservice,0.012047542312467838,12.047542312467838,46919680.0,69.915771484375,1,1
1775521320,2,22,1,4,emailservice,0.011522573190827359,11.522573190827359,46919680.0,69.915771484375,1,1
1775521260,2,21,1,4,paymentservice,0.011248770199320978,5.624385099660489,203264000.0,151.4434814453125,2,2
1775521320,2,22,1,4,paymentservice,0.008013929898220782,4.00696494911039,202883072.0,151.15966796875,2,2
1775521260,2,21,1,4,productcatalogservice,0.3301827767006207,110.06092556687355,53547008.0,26.597086588541668,3,3
1775521320,2,22,1,4,productcatalogservice,0.3303092904529156,110.10309681763853,53825536.0,26.735432942708332,3,3
1775521260,2,21,1,4,recommendationservice,0.4426507397577892,88.53014795155784,223842304.0,19.406605113636363,5,5
1775521320,2,22,1,4,recommendationservice,0.43278710774165163,86.55742154833032,223809536.0,19.403764204545453,5,5
1775521260,2,21,1,4,shippingservice,0.02922531879664872,29.22531879664872,19484672.0,29.034423828125,1,1
1775521320,2,22,1,4,shippingservice,0.029219247910600495,29.219247910600494,19464192.0,29.00390625,1,1
1775521320,2,22,1,4,frontend,0.8220662307453694,137.01103845756154,175394816.0,43.55977376302083,6,6
1775521380,2,23,1,4,frontend,0.8382512090045131,139.7085348340855,176640000.0,43.8690185546875,6,6
1775521320,2,22,1,4,adservice,0.040995866084246664,20.497933042123332,107970560.0,57.204861111111114,1,1
1775521380,2,23,1,4,adservice,0.04183132511195091,20.91566255597545,107986944.0,57.213541666666664,1,1
1775521320,2,22,1,4,cartservice,0.22791076400896115,56.977691002240284,134545408.0,100.244140625,2,2
1775521380,2,23,1,4,cartservice,0.23329645976750085,58.3241149418752,134852608.0,100.4730224609375,2,2
1775521320,2,22,1,4,checkoutservice,0.030846089225363367,30.846089225363365,21598208.0,32.183837890625,1,1
1775521380,2,23,1,4,checkoutservice,0.03306239310147835,33.06239310147835,21635072.0,32.23876953125,1,1
1775521320,2,22,1,4,currencyservice,0.35810073678378085,89.5251841959452,247635968.0,92.2515869140625,4,4
1775521380,2,23,1,4,currencyservice,0.3627605894318741,90.69014735796853,247885824.0,92.34466552734375,4,4
1775521320,2,22,1,4,emailservice,0.011522573190827359,11.522573190827359,46919680.0,69.915771484375,1,1
1775521380,2,23,1,4,emailservice,0.012224943155164614,12.224943155164613,46919680.0,69.915771484375,1,1
1775521320,2,22,1,4,paymentservice,0.008013929898220782,4.00696494911039,202883072.0,151.15966796875,2,2
1775521380,2,23,1,4,paymentservice,0.008125982115192047,4.062991057596023,204230656.0,152.1636962890625,2,2
1775521320,2,22,1,4,productcatalogservice,0.3303092904529156,110.10309681763853,53825536.0,26.735432942708332,3,3
1775521380,2,23,1,4,productcatalogservice,0.32073434401020207,106.91144800340066,54161408.0,26.902262369791668,3,3
1775521320,2,22,1,4,recommendationservice,0.43278710774165163,86.55742154833032,223809536.0,19.403764204545453,5,5
1775521380,2,23,1,4,recommendationservice,0.4411377860292801,88.22755720585602,223825920.0,19.40518465909091,5,5
1775521320,2,22,1,4,shippingservice,0.029219247910600495,29.219247910600494,19464192.0,29.00390625,1,1
1775521380,2,23,1,4,shippingservice,0.030220370352706923,30.220370352706922,19263488.0,28.704833984375,1,1
1775521380,2,23,1,4,frontend,0.8382512090045131,139.7085348340855,176640000.0,43.8690185546875,6,6
1775521440,2,24,1,4,frontend,0.8446787497178178,140.77979161963628,177524736.0,44.0887451171875,6,6
1775521380,2,23,1,4,adservice,0.04183132511195091,20.91566255597545,107986944.0,57.213541666666664,1,1
1775521440,2,24,1,4,adservice,0.04617074113102711,23.085370565513553,108089344.0,57.267795138888886,1,1
1775521380,2,23,1,4,cartservice,0.23329645976750085,58.3241149418752,134852608.0,100.4730224609375,2,2
1775521440,2,24,1,4,cartservice,0.2308325569809827,57.70813924524567,134520832.0,100.225830078125,2,2
1775521380,2,23,1,4,checkoutservice,0.03306239310147835,33.06239310147835,21635072.0,32.23876953125,1,1
1775521440,2,24,1,4,checkoutservice,0.03236323923107675,32.36323923107675,21622784.0,32.220458984375,1,1
1775521380,2,23,1,4,currencyservice,0.3627605894318741,90.69014735796853,247885824.0,92.34466552734375,4,4
1775521440,2,24,1,4,currencyservice,0.353153817666347,88.28845441658675,249622528.0,92.99163818359375,4,4
1775521380,2,23,1,4,emailservice,0.012224943155164614,12.224943155164613,46919680.0,69.915771484375,1,1
1775521440,2,24,1,4,emailservice,0.011937407332033067,11.937407332033066,46919680.0,69.915771484375,1,1
1775521380,2,23,1,4,paymentservice,0.008125982115192047,4.062991057596023,204230656.0,152.1636962890625,2,2
1775521440,2,24,1,4,paymentservice,0.00737743383286475,3.6887169164323748,204685312.0,152.50244140625,2,2
1775521380,2,23,1,4,productcatalogservice,0.32073434401020207,106.91144800340066,54161408.0,26.902262369791668,3,3
1775521440,2,24,1,4,productcatalogservice,0.3207512715141804,106.9170905047268,53325824.0,26.487223307291668,3,3
1775521380,2,23,1,4,recommendationservice,0.4411377860292801,88.22755720585602,223825920.0,19.40518465909091,5,5
1775521440,2,24,1,4,recommendationservice,0.4581975973741521,91.63951947483042,223789056.0,19.401988636363637,5,5
1775521380,2,23,1,4,shippingservice,0.030220370352706923,30.220370352706922,19263488.0,28.704833984375,1,1
1775521440,2,24,1,4,shippingservice,0.030373079353616453,30.37307935361645,19734528.0,29.40673828125,1,1
1775521440,2,24,1,4,frontend,0.8446787497178178,140.77979161963628,177524736.0,44.0887451171875,6,6
1775521500,2,25,1,4,frontend,0.8391451646503583,139.85752744172635,177696768.0,44.1314697265625,6,6
1775521440,2,24,1,4,adservice,0.04617074113102711,23.085370565513553,108089344.0,57.267795138888886,1,1
1775521500,2,25,1,4,adservice,0.04511170404350455,22.555852021752273,108146688.0,57.298177083333336,1,1
1775521440,2,24,1,4,cartservice,0.2308325569809827,57.70813924524567,134520832.0,100.225830078125,2,2
1775521500,2,25,1,4,cartservice,0.2162997210266619,54.07493025666547,134574080.0,100.2655029296875,2,2
1775521440,2,24,1,4,checkoutservice,0.03236323923107675,32.36323923107675,21622784.0,32.220458984375,1,1
1775521500,2,25,1,4,checkoutservice,0.03314492041362207,33.14492041362207,21536768.0,32.09228515625,1,1
1775521440,2,24,1,4,currencyservice,0.353153817666347,88.28845441658675,249622528.0,92.99163818359375,4,4
1775521500,2,25,1,4,currencyservice,0.3669267302005241,91.73168255013101,250425344.0,93.29071044921875,4,4
1775521440,2,24,1,4,emailservice,0.011937407332033067,11.937407332033066,46919680.0,69.915771484375,1,1
1775521500,2,25,1,4,emailservice,0.011179585452043108,11.179585452043108,46911488.0,69.903564453125,1,1
1775521440,2,24,1,4,paymentservice,0.00737743383286475,3.6887169164323748,204685312.0,152.50244140625,2,2
1775521500,2,25,1,4,paymentservice,0.007493580427123527,3.7467902135617632,206139392.0,153.5858154296875,2,2
1775521440,2,24,1,4,productcatalogservice,0.3207512715141804,106.9170905047268,53325824.0,26.487223307291668,3,3
1775521500,2,25,1,4,productcatalogservice,0.3363470252479749,112.11567508265827,53460992.0,26.554361979166668,3,3
1775521440,2,24,1,4,recommendationservice,0.4581975973741521,91.63951947483042,223789056.0,19.401988636363637,5,5
1775521500,2,25,1,4,recommendationservice,0.4444504795559637,88.89009591119273,224051200.0,19.42471590909091,5,5
1775521440,2,24,1,4,shippingservice,0.030373079353616453,30.37307935361645,19734528.0,29.40673828125,1,1
1775521500,2,25,1,4,shippingservice,0.02938476604596397,29.384766045963968,19406848.0,28.91845703125,1,1
1775521500,2,25,1,4,frontend,0.8391451646503583,139.85752744172635,177696768.0,44.1314697265625,6,6
1775521560,2,26,1,4,frontend,0.8287365494387379,138.12275823978965,177750016.0,44.14469401041667,6,6
1775521500,2,25,1,4,adservice,0.04511170404350455,22.555852021752273,108146688.0,57.298177083333336,1,1
1775521560,2,26,1,4,adservice,0.04053730934731695,20.268654673658475,108093440.0,57.26996527777778,1,1
1775521500,2,25,1,4,cartservice,0.2162997210266619,54.07493025666547,134574080.0,100.2655029296875,2,2
1775521560,2,26,1,4,cartservice,0.22202972638015045,55.5074315950376,134549504.0,100.2471923828125,2,2
1775521500,2,25,1,4,checkoutservice,0.03314492041362207,33.14492041362207,21536768.0,32.09228515625,1,1
1775521560,2,26,1,4,checkoutservice,0.0347787932128525,34.7787932128525,21999616.0,32.781982421875,1,1
1775521500,2,25,1,4,currencyservice,0.3669267302005241,91.73168255013101,250425344.0,93.29071044921875,4,4
1775521560,2,26,1,4,currencyservice,0.36452419698936267,91.13104924734067,252686336.0,94.13299560546875,4,4
1775521500,2,25,1,4,emailservice,0.011179585452043108,11.179585452043108,46911488.0,69.903564453125,1,1
1775521560,2,26,1,4,emailservice,0.01272488179669467,12.724881796694671,46923776.0,69.921875,1,1
1775521500,2,25,1,4,paymentservice,0.007493580427123527,3.7467902135617632,206139392.0,153.5858154296875,2,2
1775521560,2,26,1,4,paymentservice,0.008027821178378962,4.013910589189481,205606912.0,153.1890869140625,2,2
1775521500,2,25,1,4,productcatalogservice,0.3363470252479749,112.11567508265827,53460992.0,26.554361979166668,3,3
1775521560,2,26,1,4,productcatalogservice,0.3357280656146047,111.90935520486822,53133312.0,26.3916015625,3,3
1775521500,2,25,1,4,recommendationservice,0.4444504795559637,88.89009591119273,224051200.0,19.42471590909091,5,5
1775521560,2,26,1,4,recommendationservice,0.4449199952987525,88.9839990597505,223866880.0,19.408735795454547,5,5
1775521500,2,25,1,4,shippingservice,0.02938476604596397,29.384766045963968,19406848.0,28.91845703125,1,1
1775521560,2,26,1,4,shippingservice,0.03009682838463918,30.096828384639178,19460096.0,28.997802734375,1,1
1775521560,2,26,1,4,frontend,0.8287365494387379,138.12275823978965,177750016.0,44.14469401041667,6,6
1775521620,2,27,1,4,frontend,0.8356688030958412,139.27813384930684,177623040.0,44.1131591796875,6,6
1775521560,2,26,1,4,adservice,0.04053730934731695,20.268654673658475,108093440.0,57.26996527777778,1,1
1775521620,2,27,1,4,adservice,0.04562383487961635,22.81191743980817,107970560.0,57.204861111111114,1,1
1775521560,2,26,1,4,cartservice,0.22202972638015045,55.5074315950376,134549504.0,100.2471923828125,2,2
1775521620,2,27,1,4,cartservice,0.24836951392236276,62.09237848059068,134643712.0,100.3173828125,2,2
1775521560,2,26,1,4,checkoutservice,0.0347787932128525,34.7787932128525,21999616.0,32.781982421875,1,1
1775521620,2,27,1,4,checkoutservice,0.034448011637400286,34.448011637400285,21446656.0,31.9580078125,1,1
1775521560,2,26,1,4,currencyservice,0.36452419698936267,91.13104924734067,252686336.0,94.13299560546875,4,4
1775521620,2,27,1,4,currencyservice,0.3740696864594457,93.51742161486143,253554688.0,94.45648193359375,4,4
1775521560,2,26,1,4,emailservice,0.01272488179669467,12.724881796694671,46923776.0,69.921875,1,1
1775521620,2,27,1,4,emailservice,0.012896335605056281,12.896335605056281,46923776.0,69.921875,1,1
1775521560,2,26,1,4,paymentservice,0.008027821178378962,4.013910589189481,205606912.0,153.1890869140625,2,2
1775521620,2,27,1,4,paymentservice,0.008362510645311802,4.181255322655901,207491072.0,154.5928955078125,2,2
1775521560,2,26,1,4,productcatalogservice,0.3357280656146047,111.90935520486822,53133312.0,26.3916015625,3,3
1775521620,2,27,1,4,productcatalogservice,0.33824828486737707,112.74942828912566,53878784.0,26.761881510416668,3,3
1775521560,2,26,1,4,recommendationservice,0.4449199952987525,88.9839990597505,223866880.0,19.408735795454547,5,5
1775521620,2,27,1,4,recommendationservice,0.4434322965206875,88.6864593041375,224141312.0,19.43252840909091,5,5
1775521560,2,26,1,4,shippingservice,0.03009682838463918,30.096828384639178,19460096.0,28.997802734375,1,1
1775521620,2,27,1,4,shippingservice,0.030630981330960216,30.630981330960218,19427328.0,28.948974609375,1,1
1775521620,2,27,1,4,frontend,0.8356688030958412,139.27813384930684,177623040.0,44.1131591796875,6,6
1775521680,2,28,1,4,frontend,0.8334339619443313,138.9056603240552,176914432.0,43.93717447916667,6,6
1775521620,2,27,1,4,adservice,0.04562383487961635,22.81191743980817,107970560.0,57.204861111111114,1,1
1775521680,2,28,1,4,adservice,0.04158349916187301,20.791749580936507,107974656.0,57.20703124999999,1,1
1775521620,2,27,1,4,cartservice,0.24836951392236276,41.39491898706045,134643712.0,66.87825520833334,3,3
1775521680,2,28,1,4,cartservice,0.23573351266574002,39.28891877762333,134627328.0,66.8701171875,3,3
1775521620,2,27,1,4,checkoutservice,0.034448011637400286,34.448011637400285,21446656.0,31.9580078125,1,1
1775521680,2,28,1,4,checkoutservice,0.03454928109079255,34.54928109079255,21811200.0,32.501220703125,1,1
1775521620,2,27,1,4,currencyservice,0.3740696864594457,93.51742161486143,253554688.0,94.45648193359375,4,4
1775521680,2,28,1,4,currencyservice,0.3678988146452389,91.97470366130972,255893504.0,95.3277587890625,4,4
1775521620,2,27,1,4,emailservice,0.012896335605056281,12.896335605056281,46923776.0,69.921875,1,1
1775521680,2,28,1,4,emailservice,0.012691481938707201,12.6914819387072,46919680.0,69.915771484375,1,1
1775521620,2,27,1,4,paymentservice,0.008362510645311802,4.181255322655901,207491072.0,154.5928955078125,2,2
1775521680,2,28,1,4,paymentservice,0.008358198220692514,4.1790991103462565,207626240.0,154.693603515625,2,2
1775521620,2,27,1,4,productcatalogservice,0.33824828486737707,112.74942828912566,53878784.0,26.761881510416668,3,3
1775521680,2,28,1,4,productcatalogservice,0.34002816790782275,113.3427226359409,53649408.0,26.64794921875,3,3
1775521620,2,27,1,4,recommendationservice,0.4434322965206875,88.6864593041375,224141312.0,19.43252840909091,5,5
1775521680,2,28,1,4,recommendationservice,0.45936977962429787,91.87395592485957,223805440.0,19.40340909090909,5,5
1775521620,2,27,1,4,shippingservice,0.030630981330960216,30.630981330960218,19427328.0,28.948974609375,1,1
1775521680,2,28,1,4,shippingservice,0.030267661217614792,30.267661217614787,19574784.0,29.168701171875,1,1
1775521680,2,28,1,4,frontend,0.8334339619443313,138.9056603240552,176914432.0,43.93717447916667,6,6
1775521740,2,29,1,4,frontend,0.7780695813181947,129.67826355303242,177635328.0,44.1162109375,6,6
1775521680,2,28,1,4,adservice,0.04158349916187301,20.791749580936507,107974656.0,57.20703124999999,1,1
1775521740,2,29,1,4,adservice,0.04421192550451474,22.10596275225737,108032000.0,57.23741319444444,1,1
1775521680,2,28,1,4,cartservice,0.23573351266574002,39.28891877762333,134627328.0,66.8701171875,3,3
1775521740,2,29,1,4,cartservice,0.24551888101981512,40.919813503302514,160071680.0,79.50846354166666,3,3
1775521680,2,28,1,4,checkoutservice,0.03454928109079255,34.54928109079255,21811200.0,32.501220703125,1,1
1775521740,2,29,1,4,checkoutservice,0.03298797332572236,32.98797332572236,21221376.0,31.622314453125,1,1
1775521680,2,28,1,4,currencyservice,0.3678988146452389,91.97470366130972,255893504.0,95.3277587890625,4,4
1775521740,2,29,1,4,currencyservice,0.35700878429238353,89.25219607309587,256659456.0,95.61309814453125,4,4
1775521680,2,28,1,4,emailservice,0.012691481938707201,12.6914819387072,46919680.0,69.915771484375,1,1
1775521740,2,29,1,4,emailservice,0.01192539234802893,11.925392348028929,46923776.0,69.921875,1,1
1775521680,2,28,1,4,paymentservice,0.008358198220692514,4.1790991103462565,207626240.0,154.693603515625,2,2
1775521740,2,29,1,4,paymentservice,0.007546382038631101,3.77319101931555,208535552.0,155.37109375,2,2
1775521680,2,28,1,4,productcatalogservice,0.34002816790782275,113.3427226359409,53649408.0,26.64794921875,3,3
1775521740,2,29,1,4,productcatalogservice,0.3270590061686789,109.01966872289294,52858880.0,26.255289713541668,3,3
1775521680,2,28,1,4,recommendationservice,0.45936977962429787,91.87395592485957,223805440.0,19.40340909090909,5,5
1775521740,2,29,1,4,recommendationservice,0.4252335857157107,85.04671714314213,224034816.0,19.423295454545457,5,5
1775521680,2,28,1,4,shippingservice,0.030267661217614792,30.267661217614787,19574784.0,29.168701171875,1,1
1775521740,2,29,1,4,shippingservice,0.02885666383872694,28.856663838726938,19304448.0,28.765869140625,1,1
1775521740,2,29,1,4,frontend,0.7780695813181947,129.67826355303242,177635328.0,44.1162109375,6,6
1775521800,2,30,1,4,frontend,0.8255616801472366,137.59361335787275,176984064.0,43.9544677734375,6,6
1775521740,2,29,1,4,adservice,0.04421192550451474,22.10596275225737,108032000.0,57.23741319444444,1,1
1775521800,2,30,1,4,adservice,0.044998805694139055,22.499402847069526,107982848.0,57.21137152777778,1,1
1775521740,2,29,1,4,cartservice,0.24551888101981512,40.919813503302514,160071680.0,79.50846354166666,3,3
1775521800,2,30,1,4,cartservice,0.2671398061479574,44.52330102465956,166268928.0,82.586669921875,3,3
1775521740,2,29,1,4,checkoutservice,0.03298797332572236,32.98797332572236,21221376.0,31.622314453125,1,1
1775521800,2,30,1,4,checkoutservice,0.03431558991758317,34.31558991758317,21336064.0,31.793212890625,1,1
1775521740,2,29,1,4,currencyservice,0.35700878429238353,89.25219607309587,256659456.0,95.61309814453125,4,4
1775521800,2,30,1,4,currencyservice,0.3605424304632192,90.1356076158048,258813952.0,96.41571044921875,4,4
1775521740,2,29,1,4,emailservice,0.01192539234802893,11.925392348028929,46923776.0,69.921875,1,1
1775521800,2,30,1,4,emailservice,0.012746884681241967,12.746884681241966,46923776.0,69.921875,1,1
1775521740,2,29,1,4,paymentservice,0.007546382038631101,3.77319101931555,208535552.0,155.37109375,2,2
1775521800,2,30,1,4,paymentservice,0.008541000721661078,4.270500360830539,209084416.0,155.780029296875,2,2
1775521740,2,29,1,4,productcatalogservice,0.3270590061686789,109.01966872289294,52858880.0,26.255289713541668,3,3
1775521800,2,30,1,4,productcatalogservice,0.32958034878238746,109.86011626079579,53477376.0,26.5625,3,3
1775521740,2,29,1,4,recommendationservice,0.4252335857157107,85.04671714314213,224034816.0,19.423295454545457,5,5
1775521800,2,30,1,4,recommendationservice,0.4377860074345673,87.55720148691346,224063488.0,19.42578125,5,5
1775521740,2,29,1,4,shippingservice,0.02885666383872694,28.856663838726938,19304448.0,28.765869140625,1,1
1775521800,2,30,1,4,shippingservice,0.027121991393349563,27.12199139334956,19562496.0,29.150390625,1,1
1775521800,2,30,1,4,frontend,0.8255616801472366,137.59361335787275,176984064.0,43.9544677734375,6,6
1775521860,2,31,1,4,frontend,0.8315597803130497,138.5932967188416,178085888.0,44.22810872395833,6,6
1775521800,2,30,1,4,adservice,0.044998805694139055,22.499402847069526,107982848.0,57.21137152777778,1,1
1775521860,2,31,1,4,adservice,0.04585400770145226,22.92700385072613,107982848.0,57.21137152777778,1,1
1775521800,2,30,1,4,cartservice,0.2671398061479574,44.52330102465956,166268928.0,82.586669921875,3,3
1775521860,2,31,1,4,cartservice,0.23668994335709617,39.44832389284936,169324544.0,84.10441080729166,3,3
1775521800,2,30,1,4,checkoutservice,0.03431558991758317,34.31558991758317,21336064.0,31.793212890625,1,1
1775521860,2,31,1,4,checkoutservice,0.03538826832276524,35.388268322765235,21688320.0,32.318115234375,1,1
1775521800,2,30,1,4,currencyservice,0.3605424304632192,90.1356076158048,258813952.0,96.41571044921875,4,4
1775521860,2,31,1,4,currencyservice,0.36432273773122087,91.08068443280521,258572288.0,96.32568359375,4,4
1775521800,2,30,1,4,emailservice,0.012746884681241967,12.746884681241966,46923776.0,69.921875,1,1
1775521860,2,31,1,4,emailservice,0.013538499083591006,13.538499083591004,47190016.0,70.318603515625,1,1
1775521800,2,30,1,4,paymentservice,0.008541000721661078,4.270500360830539,209084416.0,155.780029296875,2,2
1775521860,2,31,1,4,paymentservice,0.009011176074328497,4.505588037164249,211021824.0,157.2235107421875,2,2
1775521800,2,30,1,4,productcatalogservice,0.32958034878238746,109.86011626079579,53477376.0,26.5625,3,3
1775521860,2,31,1,4,productcatalogservice,0.32938507966440406,109.79502655480134,53481472.0,26.564534505208332,3,3
1775521800,2,30,1,4,recommendationservice,0.4377860074345673,87.55720148691346,224063488.0,19.42578125,5,5
1775521860,2,31,1,4,recommendationservice,0.43968476745309354,87.9369534906187,223821824.0,19.404829545454547,5,5
1775521800,2,30,1,4,shippingservice,0.027121991393349563,27.12199139334956,19562496.0,29.150390625,1,1
1775521860,2,31,1,4,shippingservice,0.02882844663001644,28.828446630016437,19591168.0,29.193115234375,1,1
1775521860,2,31,1,4,frontend,0.8315597803130497,138.5932967188416,178085888.0,44.22810872395833,6,6
1775521920,2,32,1,4,frontend,0.8209500691708576,136.82501152847624,178331648.0,44.28914388020833,6,6
1775521860,2,31,1,4,adservice,0.04585400770145226,22.92700385072613,107982848.0,57.21137152777778,1,1
1775521920,2,32,1,4,adservice,0.0450425488730832,22.521274436541596,107982848.0,57.21137152777778,1,1
1775521860,2,31,1,4,cartservice,0.23668994335709617,39.44832389284936,169324544.0,84.10441080729166,3,3
1775521920,2,32,1,4,cartservice,0.23159419883961846,38.59903313993641,170119168.0,84.49910481770834,3,3
1775521860,2,31,1,4,checkoutservice,0.03538826832276524,35.388268322765235,21688320.0,32.318115234375,1,1
1775521920,2,32,1,4,checkoutservice,0.033457526318406074,33.457526318406074,21557248.0,32.122802734375,1,1
1775521860,2,31,1,4,currencyservice,0.36432273773122087,91.08068443280521,258572288.0,96.32568359375,4,4
1775521920,2,32,1,4,currencyservice,0.34596997697978876,86.49249424494718,261189632.0,97.30072021484375,4,4
1775521860,2,31,1,4,emailservice,0.013538499083591006,13.538499083591004,47190016.0,70.318603515625,1,1
1775521920,2,32,1,4,emailservice,0.01221298854128043,12.212988541280428,46919680.0,69.915771484375,1,1
1775521860,2,31,1,4,paymentservice,0.009011176074328497,4.505588037164249,211021824.0,157.2235107421875,2,2
1775521920,2,32,1,4,paymentservice,0.009424732605793644,4.712366302896822,210878464.0,157.11669921875,2,2
1775521860,2,31,1,4,productcatalogservice,0.32938507966440406,109.79502655480134,53481472.0,26.564534505208332,3,3
1775521920,2,32,1,4,productcatalogservice,0.33085117795100616,110.28372598366872,53637120.0,26.641845703125,3,3
1775521860,2,31,1,4,recommendationservice,0.43968476745309354,87.9369534906187,223821824.0,19.404829545454547,5,5
1775521920,2,32,1,4,recommendationservice,0.4505173933152354,90.10347866304707,223784960.0,19.401633522727273,5,5
1775521860,2,31,1,4,shippingservice,0.02882844663001644,28.828446630016437,19591168.0,29.193115234375,1,1
1775521920,2,32,1,4,shippingservice,0.030747650909689686,30.747650909689682,19595264.0,29.19921875,1,1
1775521920,2,32,1,4,frontend,0.8209500691708576,136.82501152847624,178331648.0,44.28914388020833,6,6
1775521980,2,33,1,4,frontend,0.8374993673374544,139.5832278895757,179068928.0,44.47224934895833,6,6
1775521920,2,32,1,4,adservice,0.0450425488730832,22.521274436541596,107982848.0,57.21137152777778,1,1
1775521980,2,33,1,4,adservice,0.045834907975454565,22.91745398772728,108081152.0,57.26345486111111,1,1
1775521920,2,32,1,4,cartservice,0.23159419883961846,38.59903313993641,170119168.0,84.49910481770834,3,3
1775521980,2,33,1,4,cartservice,0.2561800033402748,42.69666722337912,173125632.0,85.992431640625,3,3
1775521920,2,32,1,4,checkoutservice,0.033457526318406074,33.457526318406074,21557248.0,32.122802734375,1,1
1775521980,2,33,1,4,checkoutservice,0.033778669133965065,33.77866913396506,21377024.0,31.854248046875,1,1
1775521920,2,32,1,4,currencyservice,0.34596997697978876,86.49249424494718,261189632.0,97.30072021484375,4,4
1775521980,2,33,1,4,currencyservice,0.36916132828907433,92.29033207226858,262189056.0,97.67303466796875,4,4
1775521920,2,32,1,4,emailservice,0.01221298854128043,12.212988541280428,46919680.0,69.915771484375,1,1
1775521980,2,33,1,4,emailservice,0.012245989885375204,12.245989885375204,46919680.0,69.915771484375,1,1
1775521920,2,32,1,4,paymentservice,0.009424732605793644,4.712366302896822,210878464.0,157.11669921875,2,2
1775521980,2,33,1,4,paymentservice,0.009414094205409698,4.707047102704848,212033536.0,157.977294921875,2,2
1775521920,2,32,1,4,productcatalogservice,0.33085117795100616,110.28372598366872,53637120.0,26.641845703125,3,3
1775521980,2,33,1,4,productcatalogservice,0.3399936060284082,113.3312020094694,53891072.0,26.767985026041668,3,3
1775521920,2,32,1,4,recommendationservice,0.4505173933152354,90.10347866304707,223784960.0,19.401633522727273,5,5
1775521980,2,33,1,4,recommendationservice,0.44482572494384814,88.96514498876962,223817728.0,19.40447443181818,5,5
1775521920,2,32,1,4,shippingservice,0.030747650909689686,30.747650909689682,19595264.0,29.19921875,1,1
1775521980,2,33,1,4,shippingservice,0.030876351709021664,30.87635170902166,19513344.0,29.0771484375,1,1
1775521980,2,33,1,4,frontend,0.8374993673374544,139.5832278895757,179068928.0,44.47224934895833,6,6
1775522040,2,34,1,4,frontend,0.8388755068303296,139.81258447172158,178962432.0,44.44580078125,6,6
1775521980,2,33,1,4,adservice,0.045834907975454565,22.91745398772728,108081152.0,57.26345486111111,1,1
1775522040,2,34,1,4,adservice,0.04539847852231774,22.69923926115887,108089344.0,57.267795138888886,1,1
1775521980,2,33,1,4,cartservice,0.2561800033402748,42.69666722337912,173125632.0,85.992431640625,3,3
1775522040,2,34,1,4,cartservice,0.26843910291258727,44.739850485431205,176287744.0,87.56306966145834,3,3
1775521980,2,33,1,4,checkoutservice,0.033778669133965065,33.77866913396506,21377024.0,31.854248046875,1,1
1775522040,2,34,1,4,checkoutservice,0.03606555714351954,36.06555714351954,21626880.0,32.2265625,1,1
1775521980,2,33,1,4,currencyservice,0.36916132828907433,92.29033207226858,262189056.0,97.67303466796875,4,4
1775522040,2,34,1,4,currencyservice,0.36894748809317435,92.23687202329359,264183808.0,98.4161376953125,4,4
1775521980,2,33,1,4,emailservice,0.012245989885375204,12.245989885375204,46919680.0,69.915771484375,1,1
1775522040,2,34,1,4,emailservice,0.013112575574360576,13.112575574360575,46919680.0,69.915771484375,1,1
1775521980,2,33,1,4,paymentservice,0.009414094205409698,4.707047102704848,212033536.0,157.977294921875,2,2
1775522040,2,34,1,4,paymentservice,0.008939800167431334,4.469900083715666,212762624.0,158.5205078125,2,2
1775521980,2,33,1,4,productcatalogservice,0.3399936060284082,113.3312020094694,53891072.0,26.767985026041668,3,3
1775522040,2,34,1,4,productcatalogservice,0.3252893331802205,108.42977772674016,53981184.0,26.812744140625,3,3
1775521980,2,33,1,4,recommendationservice,0.44482572494384814,88.96514498876962,223817728.0,19.40447443181818,5,5
1775522040,2,34,1,4,recommendationservice,0.45157608698810653,90.31521739762131,223776768.0,19.400923295454543,5,5
1775521980,2,33,1,4,shippingservice,0.030876351709021664,30.87635170902166,19513344.0,29.0771484375,1,1
1775522040,2,34,1,4,shippingservice,0.031075655013864428,31.075655013864427,19640320.0,29.266357421875,1,1
1775522040,2,34,1,4,frontend,0.8388755068303296,139.81258447172158,178962432.0,44.44580078125,6,6
1775522100,2,35,1,4,frontend,0.8248172573311908,137.4695428885318,179732480.0,44.63704427083333,6,6
1775522040,2,34,1,4,adservice,0.04539847852231774,22.69923926115887,108089344.0,57.267795138888886,1,1
1775522100,2,35,1,4,adservice,0.04459265643326776,22.29632821663388,108097536.0,57.27213541666667,1,1
1775522040,2,34,1,4,cartservice,0.26843910291258727,44.739850485431205,176287744.0,87.56306966145834,3,3
1775522100,2,35,1,4,cartservice,0.24038243531497752,40.06373921916291,176365568.0,87.60172526041666,3,3
1775522040,2,34,1,4,checkoutservice,0.03606555714351954,36.06555714351954,21626880.0,32.2265625,1,1
1775522100,2,35,1,4,checkoutservice,0.03377403026332477,33.77403026332477,21483520.0,32.012939453125,1,1
1775522040,2,34,1,4,currencyservice,0.36894748809317435,92.23687202329359,264183808.0,98.4161376953125,4,4
1775522100,2,35,1,4,currencyservice,0.365940349384852,91.48508734621299,265093120.0,98.7548828125,4,4
1775522040,2,34,1,4,emailservice,0.013112575574360576,13.112575574360575,46919680.0,69.915771484375,1,1
1775522100,2,35,1,4,emailservice,0.012474592677701317,12.474592677701315,46927872.0,69.927978515625,1,1
1775522040,2,34,1,4,paymentservice,0.008939800167431334,4.469900083715666,212762624.0,158.5205078125,2,2
1775522100,2,35,1,4,paymentservice,0.008912232664702454,4.456116332351226,213803008.0,159.295654296875,2,2
1775522040,2,34,1,4,productcatalogservice,0.3252893331802205,108.42977772674016,53981184.0,26.812744140625,3,3
1775522100,2,35,1,4,productcatalogservice,0.33189332905075347,110.63110968358447,53923840.0,26.784261067708332,3,3
1775522040,2,34,1,4,recommendationservice,0.45157608698810653,90.31521739762131,223776768.0,19.400923295454543,5,5
1775522100,2,35,1,4,recommendationservice,0.45222825047701193,90.44565009540239,223825920.0,19.40518465909091,5,5
1775522040,2,34,1,4,shippingservice,0.031075655013864428,31.075655013864427,19640320.0,29.266357421875,1,1
1775522100,2,35,1,4,shippingservice,0.030725542267121563,30.725542267121558,19435520.0,28.961181640625,1,1
1775522100,2,35,1,4,frontend,0.8248172573311908,137.4695428885318,179732480.0,44.63704427083333,6,6
1775522160,2,36,1,4,frontend,0.8373412340491954,139.55687234153254,178647040.0,44.36747233072917,6,6
1775522100,2,35,1,4,adservice,0.04459265643326776,22.29632821663388,108097536.0,57.27213541666667,1,1
1775522160,2,36,1,4,adservice,0.04533643895927593,22.668219479637962,108081152.0,57.26345486111111,1,1
1775522100,2,35,1,4,cartservice,0.24038243531497752,60.095608828744375,176365568.0,131.402587890625,2,2
1775522160,2,36,1,4,cartservice,0.23214545483748517,58.03636370937129,176447488.0,131.463623046875,2,2
1775522100,2,35,1,4,checkoutservice,0.03377403026332477,33.77403026332477,21483520.0,32.012939453125,1,1
1775522160,2,36,1,4,checkoutservice,0.03283220314785906,32.83220314785906,21647360.0,32.257080078125,1,1
1775522100,2,35,1,4,currencyservice,0.365940349384852,91.48508734621299,265093120.0,98.7548828125,4,4
1775522160,2,36,1,4,currencyservice,0.3665070817176014,91.62677042940034,266764288.0,99.37744140625,4,4
1775522100,2,35,1,4,emailservice,0.012474592677701317,12.474592677701315,46927872.0,69.927978515625,1,1
1775522160,2,36,1,4,emailservice,0.012597792252445329,12.597792252445327,46919680.0,69.915771484375,1,1
1775522100,2,35,1,4,paymentservice,0.008912232664702454,4.456116332351226,213803008.0,159.295654296875,2,2
1775522160,2,36,1,4,paymentservice,0.008088152656061677,4.044076328030838,214011904.0,159.4512939453125,2,2
1775522100,2,35,1,4,productcatalogservice,0.33189332905075347,110.63110968358447,53923840.0,26.784261067708332,3,3
1775522160,2,36,1,4,productcatalogservice,0.335193727562255,111.73124252075166,53862400.0,26.753743489583332,3,3
1775522100,2,35,1,4,recommendationservice,0.45222825047701193,90.44565009540239,223825920.0,19.40518465909091,5,5
1775522160,2,36,1,4,recommendationservice,0.44792238717982114,89.58447743596423,224161792.0,19.434303977272727,5,5
1775522100,2,35,1,4,shippingservice,0.030725542267121563,30.725542267121558,19435520.0,28.961181640625,1,1
1775522160,2,36,1,4,shippingservice,0.030944492856228155,30.944492856228152,19189760.0,28.594970703125,1,1
1775522160,2,36,1,4,frontend,0.8373412340491954,139.55687234153254,178647040.0,44.36747233072917,6,6
1775522220,2,37,1,4,frontend,0.8385658049642714,139.76096749404522,179171328.0,44.4976806640625,6,6
1775522160,2,36,1,4,adservice,0.04533643895927593,22.668219479637962,108081152.0,57.26345486111111,1,1
1775522220,2,37,1,4,adservice,0.04520110152454894,22.60055076227447,108044288.0,57.243923611111114,1,1
1775522160,2,36,1,4,cartservice,0.23214545483748517,58.03636370937129,176447488.0,131.463623046875,2,2
1775522220,2,37,1,4,cartservice,0.22829601516155937,57.07400379038984,134696960.0,100.3570556640625,2,2
1775522160,2,36,1,4,checkoutservice,0.03283220314785906,32.83220314785906,21647360.0,32.257080078125,1,1
1775522220,2,37,1,4,checkoutservice,0.03662321423116185,36.623214231161846,21381120.0,31.8603515625,1,1
1775522160,2,36,1,4,currencyservice,0.3665070817176014,91.62677042940034,266764288.0,99.37744140625,4,4
1775522220,2,37,1,4,currencyservice,0.367825429761085,91.95635744027125,269000704.0,100.2105712890625,4,4
1775522160,2,36,1,4,emailservice,0.012597792252445329,12.597792252445327,46919680.0,69.915771484375,1,1
1775522220,2,37,1,4,emailservice,0.01331837944278818,13.318379442788178,46923776.0,69.921875,1,1
1775522160,2,36,1,4,paymentservice,0.008088152656061677,4.044076328030838,214011904.0,159.4512939453125,2,2
1775522220,2,37,1,4,paymentservice,0.008267280920438888,4.133640460219444,215646208.0,160.6689453125,2,2
1775522160,2,36,1,4,productcatalogservice,0.335193727562255,111.73124252075166,53862400.0,26.753743489583332,3,3
1775522220,2,37,1,4,productcatalogservice,0.32271660661965057,107.57220220655017,53977088.0,26.810709635416668,3,3
1775522160,2,36,1,4,recommendationservice,0.44792238717982114,89.58447743596423,224161792.0,19.434303977272727,5,5
1775522220,2,37,1,4,recommendationservice,0.4555343932328277,91.10687864656553,223821824.0,19.404829545454547,5,5
1775522160,2,36,1,4,shippingservice,0.030944492856228155,30.944492856228152,19189760.0,28.594970703125,1,1
1775522220,2,37,1,4,shippingservice,0.03109217999125544,31.092179991255435,19431424.0,28.955078125,1,1
1775522220,2,37,1,4,frontend,0.8385658049642714,139.76096749404522,179171328.0,44.4976806640625,6,6
1775522280,2,38,1,4,frontend,0.8530654948890821,142.17758248151367,178376704.0,44.30033365885417,6,6
1775522220,2,37,1,4,adservice,0.04520110152454894,22.60055076227447,108044288.0,57.243923611111114,1,1
1775522280,2,38,1,4,adservice,0.04544029370615691,22.720146853078454,108085248.0,57.265625,1,1
1775522220,2,37,1,4,cartservice,0.22829601516155937,57.07400379038984,134696960.0,100.3570556640625,2,2
1775522280,2,38,1,4,cartservice,0.2300076279755106,57.50190699387765,134762496.0,100.4058837890625,2,2
1775522220,2,37,1,4,checkoutservice,0.03662321423116185,36.623214231161846,21381120.0,31.8603515625,1,1
1775522280,2,38,1,4,checkoutservice,0.03066545313529449,30.66545313529449,21901312.0,32.635498046875,1,1
1775522220,2,37,1,4,currencyservice,0.367825429761085,91.95635744027125,269000704.0,100.2105712890625,4,4
1775522280,2,38,1,4,currencyservice,0.35069605462634074,87.67401365658517,270233600.0,100.66986083984375,4,4
1775522220,2,37,1,4,emailservice,0.01331837944278818,13.318379442788178,46923776.0,69.921875,1,1
1775522280,2,38,1,4,emailservice,0.011571562449343441,11.57156244934344,46923776.0,69.921875,1,1
1775522220,2,37,1,4,paymentservice,0.008267280920438888,4.133640460219444,215646208.0,160.6689453125,2,2
1775522280,2,38,1,4,paymentservice,0.007835286464063857,3.9176432320319283,215818240.0,160.797119140625,2,2
1775522220,2,37,1,4,productcatalogservice,0.32271660661965057,107.57220220655017,53977088.0,26.810709635416668,3,3
1775522280,2,38,1,4,productcatalogservice,0.33944193295879055,113.14731098626349,53522432.0,26.584879557291668,3,3
1775522220,2,37,1,4,recommendationservice,0.4555343932328277,91.10687864656553,223821824.0,19.404829545454547,5,5
1775522280,2,38,1,4,recommendationservice,0.46275167388198707,92.55033477639742,223838208.0,19.40625,5,5
1775522220,2,37,1,4,shippingservice,0.03109217999125544,31.092179991255435,19431424.0,28.955078125,1,1
1775522280,2,38,1,4,shippingservice,0.028444474690435585,28.444474690435584,19542016.0,29.119873046875,1,1
1775522280,2,38,1,4,frontend,0.8530654948890821,142.17758248151367,178376704.0,44.30033365885417,6,6
1775522340,2,39,1,4,frontend,0.8485816081445046,141.43026802408406,178315264.0,44.28507486979167,6,6
1775522280,2,38,1,4,adservice,0.04544029370615691,22.720146853078454,108085248.0,57.265625,1,1
1775522340,2,39,1,4,adservice,0.045411057229722475,22.705528614861237,107978752.0,57.209201388888886,1,1
1775522280,2,38,1,4,cartservice,0.2300076279755106,57.50190699387765,134762496.0,100.4058837890625,2,2
1775522340,2,39,1,4,cartservice,0.23003958216564235,57.509895541410586,134721536.0,100.3753662109375,2,2
1775522280,2,38,1,4,checkoutservice,0.03066545313529449,30.66545313529449,21901312.0,32.635498046875,1,1
1775522340,2,39,1,4,checkoutservice,0.03154316880552731,31.543168805527305,21499904.0,32.037353515625,1,1
1775522280,2,38,1,4,currencyservice,0.35069605462634074,87.67401365658517,270233600.0,100.66986083984375,4,4
1775522340,2,39,1,4,currencyservice,0.3662403743539042,91.56009358847605,271134720.0,101.00555419921875,4,4
1775522280,2,38,1,4,emailservice,0.011571562449343441,11.57156244934344,46923776.0,69.921875,1,1
1775522340,2,39,1,4,emailservice,0.011796800993865247,11.796800993865245,46923776.0,69.921875,1,1
1775522280,2,38,1,4,paymentservice,0.007835286464063857,3.9176432320319283,215818240.0,160.797119140625,2,2
1775522340,2,39,1,4,paymentservice,0.007196479179085263,3.598239589542631,217059328.0,161.7218017578125,2,2
1775522280,2,38,1,4,productcatalogservice,0.33944193295879055,113.14731098626349,53522432.0,26.584879557291668,3,3
1775522340,2,39,1,4,productcatalogservice,0.33642731017151356,112.14243672383783,53628928.0,26.637776692708332,3,3
1775522280,2,38,1,4,recommendationservice,0.46275167388198707,92.55033477639742,223838208.0,19.40625,5,5
1775522340,2,39,1,4,recommendationservice,0.4446373597657629,88.92747195315258,223817728.0,19.40447443181818,5,5
1775522280,2,38,1,4,shippingservice,0.028444474690435585,28.444474690435584,19542016.0,29.119873046875,1,1
1775522340,2,39,1,4,shippingservice,0.030415433197114296,30.415433197114293,19554304.0,29.13818359375,1,1
1775522340,2,39,1,4,frontend,0.8485816081445046,141.43026802408406,178315264.0,44.28507486979167,6,6
1775522400,2,40,1,4,frontend,0.8377837752067989,139.63062920113313,179142656.0,44.49055989583333,6,6
1775522340,2,39,1,4,adservice,0.045411057229722475,22.705528614861237,107978752.0,57.209201388888886,1,1
1775522400,2,40,1,4,adservice,0.04515849601293648,22.579248006468237,108126208.0,57.28732638888889,1,1
1775522340,2,39,1,4,cartservice,0.23003958216564235,57.509895541410586,134721536.0,100.3753662109375,2,2
1775522400,2,40,1,4,cartservice,0.22297684107122237,55.74421026780559,134746112.0,100.3936767578125,2,2
1775522340,2,39,1,4,checkoutservice,0.03154316880552731,31.543168805527305,21499904.0,32.037353515625,1,1
1775522400,2,40,1,4,checkoutservice,0.03149926039656638,31.499260396566374,21409792.0,31.903076171875,1,1
1775522340,2,39,1,4,currencyservice,0.3662403743539042,91.56009358847605,271134720.0,101.00555419921875,4,4
1775522400,2,40,1,4,currencyservice,0.36497553951826184,91.24388487956546,272900096.0,101.6632080078125,4,4
1775522340,2,39,1,4,emailservice,0.011796800993865247,11.796800993865245,46923776.0,69.921875,1,1
1775522400,2,40,1,4,emailservice,0.012220550027395926,12.220550027395925,46919680.0,69.915771484375,1,1
1775522340,2,39,1,4,paymentservice,0.007196479179085263,3.598239589542631,217059328.0,161.7218017578125,2,2
1775522400,2,40,1,4,paymentservice,0.007178824352775326,3.589412176387663,217260032.0,161.871337890625,2,2
1775522340,2,39,1,4,productcatalogservice,0.33642731017151356,112.14243672383783,53628928.0,26.637776692708332,3,3
1775522400,2,40,1,4,productcatalogservice,0.3341330833542541,111.37769445141802,54767616.0,27.203369140625,3,3
1775522340,2,39,1,4,recommendationservice,0.4446373597657629,88.92747195315258,223817728.0,19.40447443181818,5,5
1775522400,2,40,1,4,recommendationservice,0.4582096060800005,91.6419212160001,224083968.0,19.427556818181817,5,5
1775522340,2,39,1,4,shippingservice,0.030415433197114296,30.415433197114293,19554304.0,29.13818359375,1,1
1775522400,2,40,1,4,shippingservice,0.02930029230797812,29.300292307978122,19554304.0,29.13818359375,1,1
1775522400,2,40,1,4,frontend,0.8377837752067989,139.63062920113313,179142656.0,44.49055989583333,6,6
1775522460,2,41,1,4,frontend,0.826169818622009,137.6949697703348,178880512.0,44.42545572916667,6,6
1775522400,2,40,1,4,adservice,0.04515849601293648,22.579248006468237,108126208.0,57.28732638888889,1,1
1775522460,2,41,1,4,adservice,0.04459546724898773,22.297733624493866,107974656.0,57.20703124999999,1,1
1775522400,2,40,1,4,cartservice,0.22297684107122237,55.74421026780559,134746112.0,100.3936767578125,2,2
1775522460,2,41,1,4,cartservice,0.23898960927608956,59.74740231902239,134733824.0,100.384521484375,2,2
1775522400,2,40,1,4,checkoutservice,0.03149926039656638,31.499260396566374,21409792.0,31.903076171875,1,1
1775522460,2,41,1,4,checkoutservice,0.031681736281737025,31.68173628173702,21569536.0,32.14111328125,1,1
1775522400,2,40,1,4,currencyservice,0.36497553951826184,91.24388487956546,272900096.0,101.6632080078125,4,4
1775522460,2,41,1,4,currencyservice,0.3667412229927411,91.68530574818526,274567168.0,102.28424072265625,4,4
1775522400,2,40,1,4,emailservice,0.012220550027395926,12.220550027395925,46919680.0,69.915771484375,1,1
1775522460,2,41,1,4,emailservice,0.01057430422756759,10.57430422756759,46923776.0,69.921875,1,1
1775522400,2,40,1,4,paymentservice,0.007178824352775326,3.589412176387663,217260032.0,161.871337890625,2,2
1775522460,2,41,1,4,paymentservice,0.007437764739641965,3.7188823698209825,218316800.0,162.65869140625,2,2
1775522400,2,40,1,4,productcatalogservice,0.3341330833542541,111.37769445141802,54767616.0,27.203369140625,3,3
1775522460,2,41,1,4,productcatalogservice,0.3329427103787217,110.98090345957388,53706752.0,26.676432291666668,3,3
1775522400,2,40,1,4,recommendationservice,0.4582096060800005,91.6419212160001,224083968.0,19.427556818181817,5,5
1775522460,2,41,1,4,recommendationservice,0.4376153934108179,87.52307868216359,223887360.0,19.410511363636363,5,5
1775522400,2,40,1,4,shippingservice,0.02930029230797812,29.300292307978122,19554304.0,29.13818359375,1,1
1775522460,2,41,1,4,shippingservice,0.029005738059005717,29.005738059005715,19374080.0,28.86962890625,1,1
1775522460,2,41,1,4,frontend,0.826169818622009,137.6949697703348,178880512.0,44.42545572916667,6,6
1775522520,2,42,1,4,frontend,0.8338468668409875,138.97447780683123,177827840.0,44.16402180989583,6,6
1775522460,2,41,1,4,adservice,0.04459546724898773,22.297733624493866,107974656.0,57.20703124999999,1,1
1775522520,2,42,1,4,adservice,0.04579020985912828,22.895104929564138,107982848.0,57.21137152777778,1,1
1775522460,2,41,1,4,cartservice,0.23898960927608956,59.74740231902239,134733824.0,100.384521484375,2,2
1775522520,2,42,1,4,cartservice,0.24173010293550093,60.43252573387523,135016448.0,100.5950927734375,2,2
1775522460,2,41,1,4,checkoutservice,0.031681736281737025,31.68173628173702,21569536.0,32.14111328125,1,1
1775522520,2,42,1,4,checkoutservice,0.029310389232737537,29.31038923273753,20803584.0,30.999755859375,1,1
1775522460,2,41,1,4,currencyservice,0.3667412229927411,91.68530574818526,274567168.0,102.28424072265625,4,4
1775522520,2,42,1,4,currencyservice,0.37271674730595944,93.17918682648985,276348928.0,102.947998046875,4,4
1775522460,2,41,1,4,emailservice,0.01057430422756759,10.57430422756759,46923776.0,69.921875,1,1
1775522520,2,42,1,4,emailservice,0.01120004184214628,11.20004184214628,46923776.0,69.921875,1,1
1775522460,2,41,1,4,paymentservice,0.007437764739641965,3.7188823698209825,218316800.0,162.65869140625,2,2
1775522520,2,42,1,4,paymentservice,0.007130609818228063,3.565304909114031,218984448.0,163.1561279296875,2,2
1775522460,2,41,1,4,productcatalogservice,0.3329427103787217,110.98090345957388,53706752.0,26.676432291666668,3,3
1775522520,2,42,1,4,productcatalogservice,0.335633025330819,111.87767511027297,54284288.0,26.963297526041668,3,3
1775522460,2,41,1,4,recommendationservice,0.4376153934108179,87.52307868216359,223887360.0,19.410511363636363,5,5
1775522520,2,42,1,4,recommendationservice,0.4457019708960215,89.14039417920429,223821824.0,19.404829545454547,5,5
1775522460,2,41,1,4,shippingservice,0.029005738059005717,29.005738059005715,19374080.0,28.86962890625,1,1
1775522520,2,42,1,4,shippingservice,0.029379471601578798,29.379471601578793,19611648.0,29.2236328125,1,1
1775522520,2,42,1,4,frontend,0.8338468668409875,138.97447780683123,177827840.0,44.16402180989583,6,6
1775522580,2,43,1,4,frontend,0.8278107811836558,137.96846353060928,178380800.0,44.30135091145833,6,6
1775522520,2,42,1,4,adservice,0.04579020985912828,22.895104929564138,107982848.0,57.21137152777778,1,1
1775522580,2,43,1,4,adservice,0.045359617879856345,22.679808939928172,108085248.0,57.265625,1,1
1775522520,2,42,1,4,cartservice,0.24173010293550093,60.43252573387523,135016448.0,100.5950927734375,2,2
1775522580,2,43,1,4,cartservice,0.22360969003718478,55.90242250929619,134733824.0,100.384521484375,2,2
1775522520,2,42,1,4,checkoutservice,0.029310389232737537,29.31038923273753,20803584.0,30.999755859375,1,1
1775522580,2,43,1,4,checkoutservice,0.0313532385071946,31.353238507194597,21032960.0,31.341552734375,1,1
1775522520,2,42,1,4,currencyservice,0.37271674730595944,93.17918682648985,276348928.0,102.947998046875,4,4
1775522580,2,43,1,4,currencyservice,0.36859347677619353,92.14836919404837,278183936.0,103.631591796875,4,4
1775522520,2,42,1,4,emailservice,0.01120004184214628,11.20004184214628,46923776.0,69.921875,1,1
1775522580,2,43,1,4,emailservice,0.011499604033574671,11.49960403357467,46923776.0,69.921875,1,1
1775522520,2,42,1,4,paymentservice,0.007130609818228063,3.565304909114031,218984448.0,163.1561279296875,2,2
1775522580,2,43,1,4,paymentservice,0.006350751634383686,3.175375817191843,219357184.0,163.433837890625,2,2
1775522520,2,42,1,4,productcatalogservice,0.335633025330819,111.87767511027297,54284288.0,26.963297526041668,3,3
1775522580,2,43,1,4,productcatalogservice,0.3330882819878841,111.02942732929468,53325824.0,26.487223307291668,3,3
1775522520,2,42,1,4,recommendationservice,0.4457019708960215,89.14039417920429,223821824.0,19.404829545454547,5,5
1775522580,2,43,1,4,recommendationservice,0.44961568226011056,89.9231364520221,223797248.0,19.402698863636363,5,5
1775522520,2,42,1,4,shippingservice,0.029379471601578798,29.379471601578793,19611648.0,29.2236328125,1,1
1775522580,2,43,1,4,shippingservice,0.02706496059762769,27.064960597627685,18833408.0,28.06396484375,1,1
1775522580,2,43,1,4,frontend,0.8278107811836558,137.96846353060928,178380800.0,44.30135091145833,6,6
1775522640,2,44,1,4,frontend,0.8561969013240016,142.69948355400024,177643520.0,44.11824544270833,6,6
1775522580,2,43,1,4,adservice,0.045359617879856345,22.679808939928172,108085248.0,57.265625,1,1
1775522640,2,44,1,4,adservice,0.04674795681371082,23.373978406855407,108032000.0,57.23741319444444,1,1
1775522580,2,43,1,4,cartservice,0.22360969003718478,55.90242250929619,134733824.0,100.384521484375,2,2
1775522640,2,44,1,4,cartservice,0.23517995131723957,58.79498782930989,134778880.0,100.4180908203125,2,2
1775522580,2,43,1,4,checkoutservice,0.0313532385071946,31.353238507194597,21032960.0,31.341552734375,1,1
1775522640,2,44,1,4,checkoutservice,0.03403472379018144,34.03472379018144,21454848.0,31.97021484375,1,1
1775522580,2,43,1,4,currencyservice,0.36859347677619353,92.14836919404837,278183936.0,103.631591796875,4,4
1775522640,2,44,1,4,currencyservice,0.3735838824581391,93.39597061453478,279195648.0,104.00848388671875,4,4
1775522580,2,43,1,4,emailservice,0.011499604033574671,11.49960403357467,46923776.0,69.921875,1,1
1775522640,2,44,1,4,emailservice,0.012801109986055843,12.801109986055842,46919680.0,69.915771484375,1,1
1775522580,2,43,1,4,paymentservice,0.006350751634383686,3.175375817191843,219357184.0,163.433837890625,2,2
1775522640,2,44,1,4,paymentservice,0.008091410309886339,4.045705154943169,220352512.0,164.1754150390625,2,2
1775522580,2,43,1,4,productcatalogservice,0.3330882819878841,111.02942732929468,53325824.0,26.487223307291668,3,3
1775522640,2,44,1,4,productcatalogservice,0.33840107044933115,112.8003568164437,53452800.0,26.55029296875,3,3
1775522580,2,43,1,4,recommendationservice,0.44961568226011056,89.9231364520221,223797248.0,19.402698863636363,5,5
1775522640,2,44,1,4,recommendationservice,0.45840447977185844,91.68089595437169,223850496.0,19.40731534090909,5,5
1775522580,2,43,1,4,shippingservice,0.02706496059762769,27.064960597627685,18833408.0,28.06396484375,1,1
1775522640,2,44,1,4,shippingservice,0.03107641902142205,31.076419021422048,18931712.0,28.21044921875,1,1
1775522640,2,44,1,4,frontend,0.8561969013240016,142.69948355400024,177643520.0,44.11824544270833,6,6
1775522700,2,45,1,4,frontend,0.8581693698718736,143.02822831197892,177750016.0,44.14469401041667,6,6
1775522640,2,44,1,4,adservice,0.04674795681371082,23.373978406855407,108032000.0,57.23741319444444,1,1
1775522700,2,45,1,4,adservice,0.04125280170227677,20.626400851138385,107978752.0,57.209201388888886,1,1
1775522640,2,44,1,4,cartservice,0.23517995131723957,58.79498782930989,134778880.0,100.4180908203125,2,2
1775522700,2,45,1,4,cartservice,0.25759436160083976,64.39859040020993,134774784.0,100.4150390625,2,2
1775522640,2,44,1,4,checkoutservice,0.03403472379018144,34.03472379018144,21454848.0,31.97021484375,1,1
1775522700,2,45,1,4,checkoutservice,0.03621806392902468,36.21806392902467,21417984.0,31.915283203125,1,1
1775522640,2,44,1,4,currencyservice,0.3735838824581391,93.39597061453478,279195648.0,104.00848388671875,4,4
1775522700,2,45,1,4,currencyservice,0.36028288669178876,90.07072167294719,281063424.0,104.70428466796875,4,4
1775522640,2,44,1,4,emailservice,0.012801109986055843,12.801109986055842,46919680.0,69.915771484375,1,1
1775522700,2,45,1,4,emailservice,0.013921104444032023,13.921104444032023,46919680.0,69.915771484375,1,1
1775522640,2,44,1,4,paymentservice,0.008091410309886339,4.045705154943169,220352512.0,164.1754150390625,2,2
1775522700,2,45,1,4,paymentservice,0.010348168151991428,5.174084075995713,221003776.0,164.66064453125,2,2
1775522640,2,44,1,4,productcatalogservice,0.33840107044933115,112.8003568164437,53452800.0,26.55029296875,3,3
1775522700,2,45,1,4,productcatalogservice,0.3256593592954899,108.55311976516329,53129216.0,26.389567057291668,3,3
1775522640,2,44,1,4,recommendationservice,0.45840447977185844,91.68089595437169,223850496.0,19.40731534090909,5,5
1775522700,2,45,1,4,recommendationservice,0.46606672509611047,93.21334501922209,224329728.0,19.448863636363637,5,5
1775522640,2,44,1,4,shippingservice,0.03107641902142205,31.076419021422048,18931712.0,28.21044921875,1,1
1775522700,2,45,1,4,shippingservice,0.03145224166160042,31.452241661600418,19189760.0,28.594970703125,1,1
1775522700,2,45,1,4,frontend,0.8581693698718736,143.02822831197892,177750016.0,44.14469401041667,6,6
1775522760,2,46,1,4,frontend,0.8071940500024593,134.53234166707654,179146752.0,44.4915771484375,6,6
1775522700,2,45,1,4,adservice,0.04125280170227677,20.626400851138385,107978752.0,57.209201388888886,1,1
1775522760,2,46,1,4,adservice,0.04477540263259176,22.38770131629588,108064768.0,57.25477430555556,1,1
1775522700,2,45,1,4,cartservice,0.25759436160083976,64.39859040020993,134774784.0,100.4150390625,2,2
1775522760,2,46,1,4,cartservice,0.23305604435403476,58.26401108850868,135254016.0,100.7720947265625,2,2
1775522700,2,45,1,4,checkoutservice,0.03621806392902468,36.21806392902467,21417984.0,31.915283203125,1,1
1775522760,2,46,1,4,checkoutservice,0.03464877046089935,34.64877046089935,21630976.0,32.232666015625,1,1
1775522700,2,45,1,4,currencyservice,0.36028288669178876,90.07072167294719,281063424.0,104.70428466796875,4,4
1775522760,2,46,1,4,currencyservice,0.37014996796728056,92.53749199182013,282972160.0,105.41534423828125,4,4
1775522700,2,45,1,4,emailservice,0.013921104444032023,13.921104444032023,46919680.0,69.915771484375,1,1
1775522760,2,46,1,4,emailservice,0.012340084024729567,12.340084024729567,46919680.0,69.915771484375,1,1
1775522700,2,45,1,4,paymentservice,0.010348168151991428,5.174084075995713,221003776.0,164.66064453125,2,2
1775522760,2,46,1,4,paymentservice,0.009956962703508702,4.978481351754351,222330880.0,165.6494140625,2,2
1775522700,2,45,1,4,productcatalogservice,0.3256593592954899,108.55311976516329,53129216.0,26.389567057291668,3,3
1775522760,2,46,1,4,productcatalogservice,0.3156026952329056,105.2008984109685,53170176.0,26.409912109375,3,3
1775522700,2,45,1,4,recommendationservice,0.46606672509611047,93.21334501922209,224329728.0,19.448863636363637,5,5
1775522760,2,46,1,4,recommendationservice,0.4512378896141202,90.24757792282404,223789056.0,19.401988636363637,5,5
1775522700,2,45,1,4,shippingservice,0.03145224166160042,31.452241661600418,19189760.0,28.594970703125,1,1
1775522760,2,46,1,4,shippingservice,0.028276267437800408,28.276267437800406,19038208.0,28.369140625,1,1
1775522760,2,46,1,4,frontend,0.8071940500024593,134.53234166707654,179146752.0,44.4915771484375,6,6
1775522820,2,47,1,4,frontend,0.8251369786163432,137.5228297693905,177422336.0,44.06331380208333,6,6
1775522760,2,46,1,4,adservice,0.04477540263259176,22.38770131629588,108064768.0,57.25477430555556,1,1
1775522820,2,47,1,4,adservice,0.044920676355566506,22.46033817778325,108081152.0,57.26345486111111,1,1
1775522760,2,46,1,4,cartservice,0.23305604435403476,58.26401108850868,135254016.0,100.7720947265625,2,2
1775522820,2,47,1,4,cartservice,0.22788454778603984,56.97113694650996,134758400.0,100.40283203125,2,2
1775522760,2,46,1,4,checkoutservice,0.03464877046089935,34.64877046089935,21630976.0,32.232666015625,1,1
1775522820,2,47,1,4,checkoutservice,0.03477619579549035,34.77619579549035,21430272.0,31.93359375,1,1
1775522760,2,46,1,4,currencyservice,0.37014996796728056,92.53749199182013,282972160.0,105.41534423828125,4,4
1775522820,2,47,1,4,currencyservice,0.3714045818997344,92.85114547493359,283865088.0,105.74798583984375,4,4
1775522760,2,46,1,4,emailservice,0.012340084024729567,12.340084024729567,46919680.0,69.915771484375,1,1
1775522820,2,47,1,4,emailservice,0.012904119344462043,12.904119344462043,46927872.0,69.927978515625,1,1
1775522760,2,46,1,4,paymentservice,0.009956962703508702,4.978481351754351,222330880.0,165.6494140625,2,2
1775522820,2,47,1,4,paymentservice,0.007653832146781071,3.826916073390535,222396416.0,165.6982421875,2,2
1775522760,2,46,1,4,productcatalogservice,0.3156026952329056,105.2008984109685,53170176.0,26.409912109375,3,3
1775522820,2,47,1,4,productcatalogservice,0.3322058472836792,110.73528242789305,53321728.0,26.485188802083332,3,3
1775522760,2,46,1,4,recommendationservice,0.4512378896141202,90.24757792282404,223789056.0,19.401988636363637,5,5
1775522820,2,47,1,4,recommendationservice,0.45790854420789706,91.58170884157941,223907840.0,19.412286931818183,5,5
1775522760,2,46,1,4,shippingservice,0.028276267437800408,28.276267437800406,19038208.0,28.369140625,1,1
1775522820,2,47,1,4,shippingservice,0.03041525718660532,30.415257186605317,19300352.0,28.759765625,1,1
1775522820,2,47,1,4,frontend,0.8251369786163432,137.5228297693905,177422336.0,44.06331380208333,6,6
1775522880,2,48,1,4,frontend,0.8399075150295483,139.98458583825803,179527680.0,44.586181640625,6,6
1775522820,2,47,1,4,adservice,0.044920676355566506,22.46033817778325,108081152.0,57.26345486111111,1,1
1775522880,2,48,1,4,adservice,0.04598018870786318,22.99009435393159,108048384.0,57.24609375000001,1,1
1775522820,2,47,1,4,cartservice,0.22788454778603984,56.97113694650996,134758400.0,100.40283203125,2,2
1775522880,2,48,1,4,cartservice,0.22617929456736247,56.544823641840615,135270400.0,100.7843017578125,2,2
1775522820,2,47,1,4,checkoutservice,0.03477619579549035,34.77619579549035,21430272.0,31.93359375,1,1
1775522880,2,48,1,4,checkoutservice,0.03394203766080571,33.94203766080571,21200896.0,31.591796875,1,1
1775522820,2,47,1,4,currencyservice,0.3714045818997344,92.85114547493359,283865088.0,105.74798583984375,4,4
1775522880,2,48,1,4,currencyservice,0.3732685633206804,93.3171408301701,286011392.0,106.54754638671875,4,4
1775522820,2,47,1,4,emailservice,0.012904119344462043,12.904119344462043,46927872.0,69.927978515625,1,1
1775522880,2,48,1,4,emailservice,0.012378840550077997,12.378840550077996,46911488.0,69.903564453125,1,1
1775522820,2,47,1,4,paymentservice,0.007653832146781071,3.826916073390535,222396416.0,165.6982421875,2,2
1775522880,2,48,1,4,paymentservice,0.008843905975952648,4.421952987976323,223641600.0,166.6259765625,2,2
1775522820,2,47,1,4,productcatalogservice,0.3322058472836792,110.73528242789305,53321728.0,26.485188802083332,3,3
1775522880,2,48,1,4,productcatalogservice,0.3360032695532292,112.00108985107637,53104640.0,26.377360026041668,3,3
1775522820,2,47,1,4,recommendationservice,0.45790854420789706,91.58170884157941,223907840.0,19.412286931818183,5,5
1775522880,2,48,1,4,recommendationservice,0.4601001084383995,92.0200216876799,224047104.0,19.424360795454547,5,5
1775522820,2,47,1,4,shippingservice,0.03041525718660532,30.415257186605317,19300352.0,28.759765625,1,1
1775522880,2,48,1,4,shippingservice,0.03092929774551751,30.92929774551751,19255296.0,28.692626953125,1,1
1775522880,2,48,1,4,frontend,0.8399075150295483,139.98458583825803,179527680.0,44.586181640625,6,6
1775522940,2,49,1,4,frontend,0.838142579994976,139.69042999916263,179298304.0,44.52921549479167,6,6
1775522880,2,48,1,4,adservice,0.04598018870786318,22.99009435393159,108048384.0,57.24609375000001,1,1
1775522940,2,49,1,4,adservice,0.04180785654580195,20.903928272900973,108027904.0,57.23524305555555,1,1
1775522880,2,48,1,4,cartservice,0.22617929456736247,56.544823641840615,135270400.0,100.7843017578125,2,2
1775522940,2,49,1,4,cartservice,0.23721594146184477,59.30398536546119,134877184.0,100.4913330078125,2,2
1775522880,2,48,1,4,checkoutservice,0.03394203766080571,33.94203766080571,21200896.0,31.591796875,1,1
1775522940,2,49,1,4,checkoutservice,0.03359999408494094,33.59999408494094,21196800.0,31.585693359375,1,1
1775522880,2,48,1,4,currencyservice,0.3732685633206804,93.3171408301701,286011392.0,106.54754638671875,4,4
1775522940,2,49,1,4,currencyservice,0.37193742540157565,92.98435635039391,288002048.0,107.28912353515625,4,4
1775522880,2,48,1,4,emailservice,0.012378840550077997,12.378840550077996,46911488.0,69.903564453125,1,1
1775522940,2,49,1,4,emailservice,0.012802810983849427,12.802810983849424,46911488.0,69.903564453125,1,1
1775522880,2,48,1,4,paymentservice,0.008843905975952648,4.421952987976323,223641600.0,166.6259765625,2,2
1775522940,2,49,1,4,paymentservice,0.007721060090343727,3.860530045171864,223621120.0,166.6107177734375,2,2
1775522880,2,48,1,4,productcatalogservice,0.3360032695532292,112.00108985107637,53104640.0,26.377360026041668,3,3
1775522940,2,49,1,4,productcatalogservice,0.33476925737498353,111.58975245832782,53624832.0,26.6357421875,3,3
1775522880,2,48,1,4,recommendationservice,0.4601001084383995,92.0200216876799,224047104.0,19.424360795454547,5,5
1775522940,2,49,1,4,recommendationservice,0.4451578238937929,89.03156477875858,224182272.0,19.436079545454547,5,5
1775522880,2,48,1,4,shippingservice,0.03092929774551751,30.92929774551751,19255296.0,28.692626953125,1,1
1775522940,2,49,1,4,shippingservice,0.030560280750455037,30.56028075045504,19394560.0,28.900146484375,1,1
1775522940,2,49,1,4,frontend,0.838142579994976,139.69042999916263,179298304.0,44.52921549479167,6,6
1775523000,2,50,1,4,frontend,0.838571909866815,139.76198497780248,178835456.0,44.41426595052083,6,6
1775522940,2,49,1,4,adservice,0.04180785654580195,20.903928272900973,108027904.0,57.23524305555555,1,1
1775523000,2,50,1,4,adservice,0.0466722665904138,23.3361332952069,108032000.0,57.23741319444444,1,1
1775522940,2,49,1,4,cartservice,0.23721594146184477,39.53599024364079,134877184.0,66.99422200520834,3,3
1775523000,2,50,1,4,cartservice,0.24136406391079898,40.22734398513316,134725632.0,66.9189453125,3,3
1775522940,2,49,1,4,checkoutservice,0.03359999408494094,33.59999408494094,21196800.0,31.585693359375,1,1
1775523000,2,50,1,4,checkoutservice,0.031500167118497416,31.500167118497412,21143552.0,31.50634765625,1,1
1775522940,2,49,1,4,currencyservice,0.37193742540157565,92.98435635039391,288002048.0,107.28912353515625,4,4
1775523000,2,50,1,4,currencyservice,0.3720576475052574,93.01441187631434,288989184.0,107.6568603515625,4,4
1775522940,2,49,1,4,emailservice,0.012802810983849427,12.802810983849424,46911488.0,69.903564453125,1,1
1775523000,2,50,1,4,emailservice,0.012109022109515451,12.10902210951545,46919680.0,69.915771484375,1,1
1775522940,2,49,1,4,paymentservice,0.007721060090343727,3.860530045171864,223621120.0,166.6107177734375,2,2
1775523000,2,50,1,4,paymentservice,0.008788167917180938,4.3940839585904685,224759808.0,167.4591064453125,2,2
1775522940,2,49,1,4,productcatalogservice,0.33476925737498353,111.58975245832782,53624832.0,26.6357421875,3,3
1775523000,2,50,1,4,productcatalogservice,0.3252794341073507,108.42647803578356,53719040.0,26.682535807291668,3,3
1775522940,2,49,1,4,recommendationservice,0.4451578238937929,89.03156477875858,224182272.0,19.436079545454547,5,5
1775523000,2,50,1,4,recommendationservice,0.4458094834945865,89.1618966989173,223883264.0,19.41015625,5,5
1775522940,2,49,1,4,shippingservice,0.030560280750455037,30.56028075045504,19394560.0,28.900146484375,1,1
1775523000,2,50,1,4,shippingservice,0.029886951206353193,29.886951206353192,19402752.0,28.912353515625,1,1
1775523000,2,50,1,4,frontend,0.838571909866815,139.76198497780248,178835456.0,44.41426595052083,6,6
1775523060,2,51,1,4,frontend,0.8466437177333812,141.10728628889683,177389568.0,44.05517578125,6,6
1775523000,2,50,1,4,adservice,0.0466722665904138,23.3361332952069,108032000.0,57.23741319444444,1,1
1775523060,2,51,1,4,adservice,0.04225729262317689,21.128646311588444,108085248.0,57.265625,1,1
1775523000,2,50,1,4,cartservice,0.24136406391079898,40.22734398513316,134725632.0,66.9189453125,3,3
1775523060,2,51,1,4,cartservice,0.26692163570771127,44.486939284618536,159739904.0,79.34366861979166,3,3
1775523000,2,50,1,4,checkoutservice,0.031500167118497416,31.500167118497412,21143552.0,31.50634765625,1,1
1775523060,2,51,1,4,checkoutservice,0.03359944373777653,33.599443737776525,21442560.0,31.951904296875,1,1
1775523000,2,50,1,4,currencyservice,0.3720576475052574,93.01441187631434,288989184.0,107.6568603515625,4,4
1775523060,2,51,1,4,currencyservice,0.37176824571199035,92.94206142799759,290914304.0,108.3740234375,4,4
1775523000,2,50,1,4,emailservice,0.012109022109515451,12.10902210951545,46919680.0,69.915771484375,1,1
1775523060,2,51,1,4,emailservice,0.012649365373442323,12.649365373442322,46923776.0,69.921875,1,1
1775523000,2,50,1,4,paymentservice,0.008788167917180938,4.3940839585904685,224759808.0,167.4591064453125,2,2
1775523060,2,51,1,4,paymentservice,0.009363828753768889,4.6819143768844445,225472512.0,167.9901123046875,2,2
1775523000,2,50,1,4,productcatalogservice,0.3252794341073507,108.42647803578356,53719040.0,26.682535807291668,3,3
1775523060,2,51,1,4,productcatalogservice,0.3359564846011751,111.98549486705835,52998144.0,26.324462890625,3,3
1775523000,2,50,1,4,recommendationservice,0.4458094834945865,89.1618966989173,223883264.0,19.41015625,5,5
1775523060,2,51,1,4,recommendationservice,0.45599764939678233,91.19952987935646,223797248.0,19.402698863636363,5,5
1775523000,2,50,1,4,shippingservice,0.029886951206353193,29.886951206353192,19402752.0,28.912353515625,1,1
1775523060,2,51,1,4,shippingservice,0.02951613325993154,29.516133259931536,18919424.0,28.192138671875,1,1
1775523060,2,51,1,4,frontend,0.8466437177333812,141.10728628889683,177389568.0,44.05517578125,6,6
1775523120,2,52,1,4,frontend,0.8366203179283962,139.43671965473268,178941952.0,44.44071451822917,6,6
1775523060,2,51,1,4,adservice,0.04225729262317689,21.128646311588444,108085248.0,57.265625,1,1
1775523120,2,52,1,4,adservice,0.045875520279665,22.9377601398325,108085248.0,57.265625,1,1
1775523060,2,51,1,4,cartservice,0.26692163570771127,44.486939284618536,159739904.0,79.34366861979166,3,3
1775523120,2,52,1,4,cartservice,0.28745931405543534,47.90988567590588,166285312.0,82.59480794270834,3,3
1775523060,2,51,1,4,checkoutservice,0.03359944373777653,33.599443737776525,21442560.0,31.951904296875,1,1
1775523120,2,52,1,4,checkoutservice,0.033911231376276656,33.91123137627665,21487616.0,32.01904296875,1,1
1775523060,2,51,1,4,currencyservice,0.37176824571199035,92.94206142799759,290914304.0,108.3740234375,4,4
1775523120,2,52,1,4,currencyservice,0.3574457046090108,89.3614261522527,291106816.0,108.44573974609375,4,4
1775523060,2,51,1,4,emailservice,0.012649365373442323,12.649365373442322,46923776.0,69.921875,1,1
1775523120,2,52,1,4,emailservice,0.012707636136628436,12.707636136628434,46919680.0,69.915771484375,1,1
1775523060,2,51,1,4,paymentservice,0.009363828753768889,4.6819143768844445,225472512.0,167.9901123046875,2,2
1775523120,2,52,1,4,paymentservice,0.008446513236864819,4.223256618432409,225710080.0,168.1671142578125,2,2
1775523060,2,51,1,4,productcatalogservice,0.3359564846011751,111.98549486705835,52998144.0,26.324462890625,3,3
1775523120,2,52,1,4,productcatalogservice,0.33069827479885433,110.23275826628476,53043200.0,26.346842447916668,3,3
1775523060,2,51,1,4,recommendationservice,0.45599764939678233,91.19952987935646,223797248.0,19.402698863636363,5,5
1775523120,2,52,1,4,recommendationservice,0.45825537517923864,91.65107503584773,224178176.0,19.435724431818183,5,5
1775523060,2,51,1,4,shippingservice,0.02951613325993154,29.516133259931536,18919424.0,28.192138671875,1,1
1775523120,2,52,1,4,shippingservice,0.029667230507626246,29.667230507626247,19333120.0,28.80859375,1,1
1775523120,2,52,1,4,frontend,0.8366203179283962,139.43671965473268,178941952.0,44.44071451822917,6,6
1775523180,2,53,1,4,frontend,0.8443783105350684,140.72971842251138,180596736.0,44.8516845703125,6,6
1775523120,2,52,1,4,adservice,0.045875520279665,22.9377601398325,108085248.0,57.265625,1,1
1775523180,2,53,1,4,adservice,0.04663345479819837,23.316727399099186,108142592.0,57.29600694444444,1,1
1775523120,2,52,1,4,cartservice,0.28745931405543534,47.90988567590588,166285312.0,82.59480794270834,3,3
1775523180,2,53,1,4,cartservice,0.25119501591465754,41.86583598577625,167534592.0,83.21533203125,3,3
1775523120,2,52,1,4,checkoutservice,0.033911231376276656,33.91123137627665,21487616.0,32.01904296875,1,1
1775523180,2,53,1,4,checkoutservice,0.03306459980835203,33.06459980835203,21684224.0,32.31201171875,1,1
1775523120,2,52,1,4,currencyservice,0.3574457046090108,89.3614261522527,291106816.0,108.44573974609375,4,4
1775523180,2,53,1,4,currencyservice,0.37621559430679713,94.05389857669928,294318080.0,109.64202880859375,4,4
1775523120,2,52,1,4,emailservice,0.012707636136628436,12.707636136628434,46919680.0,69.915771484375,1,1
1775523180,2,53,1,4,emailservice,0.01237982842656035,12.37982842656035,46927872.0,69.927978515625,1,1
1775523120,2,52,1,4,paymentservice,0.008446513236864819,4.223256618432409,225710080.0,168.1671142578125,2,2
1775523180,2,53,1,4,paymentservice,0.00816302497416186,4.08151248708093,226426880.0,168.701171875,2,2
1775523120,2,52,1,4,productcatalogservice,0.33069827479885433,110.23275826628476,53043200.0,26.346842447916668,3,3
1775523180,2,53,1,4,productcatalogservice,0.33771021121674294,112.57007040558096,53858304.0,26.751708984375,3,3
1775523120,2,52,1,4,recommendationservice,0.45825537517923864,91.65107503584773,224178176.0,19.435724431818183,5,5
1775523180,2,53,1,4,recommendationservice,0.46817773857295725,93.63554771459145,223948800.0,19.415838068181817,5,5
1775523120,2,52,1,4,shippingservice,0.029667230507626246,29.667230507626247,19333120.0,28.80859375,1,1
1775523180,2,53,1,4,shippingservice,0.03025404691726106,30.254046917261057,19345408.0,28.826904296875,1,1
1775523180,2,53,1,4,frontend,0.8443783105350684,140.72971842251138,180596736.0,44.8516845703125,6,6
1775523240,2,54,1,4,frontend,0.8351596171092187,139.1932695182031,179912704.0,44.68180338541667,6,6
1775523180,2,53,1,4,adservice,0.04663345479819837,23.316727399099186,108142592.0,57.29600694444444,1,1
1775523240,2,54,1,4,adservice,0.04682269049420993,23.411345247104965,108294144.0,57.37630208333333,1,1
1775523180,2,53,1,4,cartservice,0.25119501591465754,41.86583598577625,167534592.0,83.21533203125,3,3
1775523240,2,54,1,4,cartservice,0.2621819126714191,43.696985445236514,168816640.0,83.85213216145834,3,3
1775523180,2,53,1,4,checkoutservice,0.03306459980835203,33.06459980835203,21684224.0,32.31201171875,1,1
1775523240,2,54,1,4,checkoutservice,0.03362843529774145,33.62843529774145,21118976.0,31.4697265625,1,1
1775523180,2,53,1,4,currencyservice,0.37621559430679713,94.05389857669928,294318080.0,109.64202880859375,4,4
1775523240,2,54,1,4,currencyservice,0.3725781023899584,93.1445255974896,294608896.0,109.7503662109375,4,4
1775523180,2,53,1,4,emailservice,0.01237982842656035,12.37982842656035,46927872.0,69.927978515625,1,1
1775523240,2,54,1,4,emailservice,0.012780656110901671,12.78065611090167,46927872.0,69.927978515625,1,1
1775523180,2,53,1,4,paymentservice,0.00816302497416186,4.08151248708093,226426880.0,168.701171875,2,2
1775523240,2,54,1,4,paymentservice,0.007784318592688322,3.892159296344161,227536896.0,169.5281982421875,2,2
1775523180,2,53,1,4,productcatalogservice,0.33771021121674294,112.57007040558096,53858304.0,26.751708984375,3,3
1775523240,2,54,1,4,productcatalogservice,0.33605937124922897,112.01979041640963,53780480.0,26.713053385416668,3,3
1775523180,2,53,1,4,recommendationservice,0.46817773857295725,93.63554771459145,223948800.0,19.415838068181817,5,5
1775523240,2,54,1,4,recommendationservice,0.4638305149815309,92.76610299630617,224186368.0,19.43643465909091,5,5
1775523180,2,53,1,4,shippingservice,0.03025404691726106,30.254046917261057,19345408.0,28.826904296875,1,1
1775523240,2,54,1,4,shippingservice,0.030226976885653845,30.226976885653844,19218432.0,28.6376953125,1,1
1775523240,2,54,1,4,frontend,0.8351596171092187,139.1932695182031,179912704.0,44.68180338541667,6,6
1775523300,2,55,1,4,frontend,0.8404832174224635,140.0805362370772,179437568.0,44.56380208333333,6,6
1775523240,2,54,1,4,adservice,0.04682269049420993,23.411345247104965,108294144.0,57.37630208333333,1,1
1775523300,2,55,1,4,adservice,0.04749842812233639,23.749214061168196,108199936.0,57.32638888888889,1,1
1775523240,2,54,1,4,cartservice,0.2621819126714191,65.54547816785478,168816640.0,125.7781982421875,2,2
1775523300,2,55,1,4,cartservice,0.2338892869020948,58.47232172552369,170762240.0,127.227783203125,2,2
1775523240,2,54,1,4,checkoutservice,0.03362843529774145,33.62843529774145,21118976.0,31.4697265625,1,1
1775523300,2,55,1,4,checkoutservice,0.03382991969227048,33.82991969227048,21487616.0,32.01904296875,1,1
1775523240,2,54,1,4,currencyservice,0.3725781023899584,93.1445255974896,294608896.0,109.7503662109375,4,4
1775523300,2,55,1,4,currencyservice,0.3747634635518149,93.69086588795372,296992768.0,110.638427734375,4,4
1775523240,2,54,1,4,emailservice,0.012780656110901671,12.78065611090167,46927872.0,69.927978515625,1,1
1775523300,2,55,1,4,emailservice,0.012780765414320962,12.78076541432096,46919680.0,69.915771484375,1,1
1775523240,2,54,1,4,paymentservice,0.007784318592688322,3.892159296344161,227536896.0,169.5281982421875,2,2
1775523300,2,55,1,4,paymentservice,0.007786874254608576,3.8934371273042876,227205120.0,169.281005859375,2,2
1775523240,2,54,1,4,productcatalogservice,0.33605937124922897,112.01979041640963,53780480.0,26.713053385416668,3,3
1775523300,2,55,1,4,productcatalogservice,0.3382199072853233,112.73996909510775,53571584.0,26.609293619791668,3,3
1775523240,2,54,1,4,recommendationservice,0.4638305149815309,92.76610299630617,224186368.0,19.43643465909091,5,5
1775523300,2,55,1,4,recommendationservice,0.47291585533962693,94.58317106792539,223916032.0,19.41299715909091,5,5
1775523240,2,54,1,4,shippingservice,0.030226976885653845,30.226976885653844,19218432.0,28.6376953125,1,1
1775523300,2,55,1,4,shippingservice,0.03074409073279506,30.74409073279506,19148800.0,28.533935546875,1,1
1775523300,2,55,1,4,frontend,0.8404832174224635,140.0805362370772,179437568.0,44.56380208333333,6,6
1775523360,2,56,1,4,frontend,0.8500736551389492,141.67894252315818,180875264.0,44.92085774739583,6,6
1775523300,2,55,1,4,adservice,0.04749842812233639,23.749214061168196,108199936.0,57.32638888888889,1,1
1775523360,2,56,1,4,adservice,0.04766949823489939,23.834749117449693,108290048.0,57.37413194444444,1,1
1775523300,2,55,1,4,cartservice,0.2338892869020948,58.47232172552369,170762240.0,127.227783203125,2,2
1775523360,2,56,1,4,cartservice,0.23284005415827924,58.21001353956981,134926336.0,100.5279541015625,2,2
1775523300,2,55,1,4,checkoutservice,0.03382991969227048,33.82991969227048,21487616.0,32.01904296875,1,1
1775523360,2,56,1,4,checkoutservice,0.03325754989108212,33.25754989108212,21442560.0,31.951904296875,1,1
1775523300,2,55,1,4,currencyservice,0.3747634635518149,93.69086588795372,296992768.0,110.638427734375,4,4
1775523360,2,56,1,4,currencyservice,0.3749367834952078,93.73419587380195,298651648.0,111.25640869140625,4,4
1775523300,2,55,1,4,emailservice,0.012780765414320962,12.78076541432096,46919680.0,69.915771484375,1,1
1775523360,2,56,1,4,emailservice,0.012134544365709743,12.134544365709742,46927872.0,69.927978515625,1,1
1775523300,2,55,1,4,paymentservice,0.007786874254608576,3.8934371273042876,227205120.0,169.281005859375,2,2
1775523360,2,56,1,4,paymentservice,0.007251672811566423,3.6258364057832115,228282368.0,170.0836181640625,2,2
1775523300,2,55,1,4,productcatalogservice,0.3382199072853233,112.73996909510775,53571584.0,26.609293619791668,3,3
1775523360,2,56,1,4,productcatalogservice,0.33726230588207096,112.42076862735698,54005760.0,26.824951171875,3,3
1775523300,2,55,1,4,recommendationservice,0.47291585533962693,94.58317106792539,223916032.0,19.41299715909091,5,5
1775523360,2,56,1,4,recommendationservice,0.4690112865227832,93.80225730455663,223776768.0,19.400923295454543,5,5
1775523300,2,55,1,4,shippingservice,0.03074409073279506,30.74409073279506,19148800.0,28.533935546875,1,1
1775523360,2,56,1,4,shippingservice,0.030484572922447578,30.48457292244758,19484672.0,29.034423828125,1,1
1775523360,2,56,1,4,frontend,0.8500736551389492,141.67894252315818,180875264.0,44.92085774739583,6,6
1775523420,2,57,1,4,frontend,0.8606616864562788,143.4436144093798,179294208.0,44.5281982421875,6,6
1775523360,2,56,1,4,adservice,0.04766949823489939,23.834749117449693,108290048.0,57.37413194444444,1,1
1775523420,2,57,1,4,adservice,0.047451707144617675,23.725853572308836,108285952.0,57.37196180555556,1,1
1775523360,2,56,1,4,cartservice,0.23284005415827924,58.21001353956981,134926336.0,100.5279541015625,2,2
1775523420,2,57,1,4,cartservice,0.24109848050317623,60.27462012579405,134918144.0,100.5218505859375,2,2
1775523360,2,56,1,4,checkoutservice,0.03325754989108212,33.25754989108212,21442560.0,31.951904296875,1,1
1775523420,2,57,1,4,checkoutservice,0.03525651892621275,35.25651892621275,21594112.0,32.177734375,1,1
1775523360,2,56,1,4,currencyservice,0.3749367834952078,93.73419587380195,298651648.0,111.25640869140625,4,4
1775523420,2,57,1,4,currencyservice,0.3622718798472549,90.56796996181372,300122112.0,111.80419921875,4,4
1775523360,2,56,1,4,emailservice,0.012134544365709743,12.134544365709742,46927872.0,69.927978515625,1,1
1775523420,2,57,1,4,emailservice,0.012637924746537533,12.637924746537532,46919680.0,69.915771484375,1,1
1775523360,2,56,1,4,paymentservice,0.007251672811566423,3.6258364057832115,228282368.0,170.0836181640625,2,2
1775523420,2,57,1,4,paymentservice,0.007902733526369802,3.9513667631849008,228966400.0,170.59326171875,2,2
1775523360,2,56,1,4,productcatalogservice,0.33726230588207096,112.42076862735698,54005760.0,26.824951171875,3,3
1775523420,2,57,1,4,productcatalogservice,0.3369086645500379,112.30288818334596,54030336.0,26.837158203125,3,3
1775523360,2,56,1,4,recommendationservice,0.4690112865227832,93.80225730455663,223776768.0,19.400923295454543,5,5
1775523420,2,57,1,4,recommendationservice,0.4680964476664799,93.61928953329598,224272384.0,19.443892045454543,5,5
1775523360,2,56,1,4,shippingservice,0.030484572922447578,30.48457292244758,19484672.0,29.034423828125,1,1
1775523420,2,57,1,4,shippingservice,0.03132628068656182,31.32628068656182,19496960.0,29.052734375,1,1
1775523420,2,57,1,4,frontend,0.8606616864562788,143.4436144093798,179294208.0,44.5281982421875,6,6
1775523480,2,58,1,4,frontend,0.8593620789148506,143.22701315247508,176570368.0,43.85172526041667,6,6
1775523420,2,57,1,4,adservice,0.047451707144617675,23.725853572308836,108285952.0,57.37196180555556,1,1
1775523480,2,58,1,4,adservice,0.046820045099070076,23.410022549535036,108244992.0,57.350260416666664,1,1
1775523420,2,57,1,4,cartservice,0.24109848050317623,60.27462012579405,134918144.0,100.5218505859375,2,2
1775523480,2,58,1,4,cartservice,0.22705249755940654,56.763124389851626,135389184.0,100.872802734375,2,2
1775523420,2,57,1,4,checkoutservice,0.03525651892621275,35.25651892621275,21594112.0,32.177734375,1,1
1775523480,2,58,1,4,checkoutservice,0.03666659236896023,36.666592368960224,21884928.0,32.611083984375,1,1
1775523420,2,57,1,4,currencyservice,0.3622718798472549,90.56796996181372,300122112.0,111.80419921875,4,4
1775523480,2,58,1,4,currencyservice,0.37587195899361336,93.96798974840334,301359104.0,112.2650146484375,4,4
1775523420,2,57,1,4,emailservice,0.012637924746537533,12.637924746537532,46919680.0,69.915771484375,1,1
1775523480,2,58,1,4,emailservice,0.013815773506409966,13.815773506409965,46923776.0,69.921875,1,1
1775523420,2,57,1,4,paymentservice,0.007902733526369802,3.9513667631849008,228966400.0,170.59326171875,2,2
1775523480,2,58,1,4,paymentservice,0.008565989086900587,4.282994543450293,230248448.0,171.5484619140625,2,2
1775523420,2,57,1,4,productcatalogservice,0.3369086645500379,112.30288818334596,54030336.0,26.837158203125,3,3
1775523480,2,58,1,4,productcatalogservice,0.3400657825487547,113.35526084958487,53751808.0,26.698811848958332,3,3
1775523420,2,57,1,4,recommendationservice,0.4680964476664799,93.61928953329598,224272384.0,19.443892045454543,5,5
1775523480,2,58,1,4,recommendationservice,0.47504362022174373,95.00872404434875,223793152.0,19.40234375,5,5
1775523420,2,57,1,4,shippingservice,0.03132628068656182,31.32628068656182,19496960.0,29.052734375,1,1
1775523480,2,58,1,4,shippingservice,0.033098032260476126,33.098032260476124,19062784.0,28.40576171875,1,1
1775523480,2,58,1,4,frontend,0.8593620789148506,143.22701315247508,176570368.0,43.85172526041667,6,6
1775523540,2,59,1,4,frontend,0.8425536996733735,140.4256166122289,173948928.0,43.20068359375,6,6
1775523480,2,58,1,4,adservice,0.046820045099070076,23.410022549535036,108244992.0,57.350260416666664,1,1
1775523540,2,59,1,4,adservice,0.04693003814398076,23.46501907199038,108290048.0,57.37413194444444,1,1
1775523480,2,58,1,4,cartservice,0.22705249755940654,56.763124389851626,135389184.0,100.872802734375,2,2
1775523540,2,59,1,4,cartservice,0.23292727504315994,58.23181876078998,134955008.0,100.54931640625,2,2
1775523480,2,58,1,4,checkoutservice,0.03666659236896023,36.666592368960224,21884928.0,32.611083984375,1,1
1775523540,2,59,1,4,checkoutservice,0.0357136078385183,35.7136078385183,21602304.0,32.18994140625,1,1
1775523480,2,58,1,4,currencyservice,0.37587195899361336,93.96798974840334,301359104.0,112.2650146484375,4,4
1775523540,2,59,1,4,currencyservice,0.37383861882410774,93.45965470602692,304431104.0,113.409423828125,4,4
1775523480,2,58,1,4,emailservice,0.013815773506409966,13.815773506409965,46923776.0,69.921875,1,1
1775523540,2,59,1,4,emailservice,0.013120115265676247,13.120115265676247,46919680.0,69.915771484375,1,1
1775523480,2,58,1,4,paymentservice,0.008565989086900587,4.282994543450293,230248448.0,171.5484619140625,2,2
1775523540,2,59,1,4,paymentservice,0.008032427587175674,4.016213793587837,230047744.0,171.39892578125,2,2
1775523480,2,58,1,4,productcatalogservice,0.3400657825487547,113.35526084958487,53751808.0,26.698811848958332,3,3
1775523540,2,59,1,4,productcatalogservice,0.3363255352987781,112.10851176625935,53522432.0,26.584879557291668,3,3
1775523480,2,58,1,4,recommendationservice,0.47504362022174373,95.00872404434875,223793152.0,19.40234375,5,5
1775523540,2,59,1,4,recommendationservice,0.47105804316091504,94.21160863218302,224096256.0,19.428622159090907,5,5
1775523480,2,58,1,4,shippingservice,0.033098032260476126,33.098032260476124,19062784.0,28.40576171875,1,1
1775523540,2,59,1,4,shippingservice,0.031952282655655244,31.95228265565524,19165184.0,28.558349609375,1,1
1775523540,2,59,1,4,frontend,0.8425536996733735,140.4256166122289,173948928.0,43.20068359375,6,6
1775523600,3,0,1,4,frontend,0.8448689022219146,140.8114837036524,176070656.0,43.72762044270833,6,6
1775523660,3,1,1,4,frontend,0.776647990476462,129.441331746077,177496064.0,44.08162434895833,6,6
1775523540,2,59,1,4,adservice,0.04693003814398076,23.46501907199038,108290048.0,57.37413194444444,1,1
1775523600,3,0,1,4,adservice,0.047377146111158015,23.688573055579006,108277760.0,57.36762152777778,1,1
1775523660,3,1,1,4,adservice,0.042728151875113626,21.364075937556812,108240896.0,57.34809027777777,1,1
1775523540,2,59,1,4,cartservice,0.23292727504315994,38.821212507193316,134955008.0,67.03287760416666,3,3
1775523600,3,0,1,4,cartservice,0.24729938352629835,41.21656392104972,135229440.0,67.169189453125,3,3
1775523660,3,1,1,4,cartservice,0.25335533656509124,42.2258894275152,158404608.0,78.680419921875,3,3
1775523540,2,59,1,4,checkoutservice,0.0357136078385183,35.7136078385183,21602304.0,32.18994140625,1,1
1775523600,3,0,1,4,checkoutservice,0.036202546792395277,36.202546792395275,21712896.0,32.354736328125,1,1
1775523660,3,1,1,4,checkoutservice,0.029124168394478043,29.12416839447804,21512192.0,32.0556640625,1,1
1775523540,2,59,1,4,currencyservice,0.37383861882410774,93.45965470602692,304431104.0,113.409423828125,4,4
1775523600,3,0,1,4,currencyservice,0.37598507742056114,93.99626935514029,304496640.0,113.433837890625,4,4
1775523660,3,1,1,4,currencyservice,0.35848354290210144,89.62088572552535,306143232.0,114.0472412109375,4,4
1775523540,2,59,1,4,emailservice,0.013120115265676247,13.120115265676247,46919680.0,69.915771484375,1,1
1775523600,3,0,1,4,emailservice,0.01307252399959298,13.072523999592981,46919680.0,69.915771484375,1,1
1775523660,3,1,1,4,emailservice,0.010718014650624396,10.718014650624395,46923776.0,69.921875,1,1
1775523540,2,59,1,4,paymentservice,0.008032427587175674,4.016213793587837,230047744.0,171.39892578125,2,2
1775523600,3,0,1,4,paymentservice,0.008141513542060037,4.070756771030018,231686144.0,172.61962890625,2,2
1775523660,3,1,1,4,paymentservice,0.007132564090249506,3.566282045124753,232378368.0,173.1353759765625,2,2
1775523540,2,59,1,4,productcatalogservice,0.3363255352987781,112.10851176625935,53522432.0,26.584879557291668,3,3
1775523600,3,0,1,4,productcatalogservice,0.3400209263613627,113.34030878712089,53444608.0,26.546223958333332,3,3
1775523660,3,1,1,4,productcatalogservice,0.3175811938528486,105.86039795094952,53317632.0,26.483154296875,3,3
1775523540,2,59,1,4,recommendationservice,0.47105804316091504,94.21160863218302,224096256.0,19.428622159090907,5,5
1775523600,3,0,1,4,recommendationservice,0.45634546141238225,91.26909228247645,223842304.0,19.406605113636363,5,5
1775523660,3,1,1,4,recommendationservice,0.4623587130662211,92.47174261324422,224301056.0,19.44637784090909,5,5
1775523540,2,59,1,4,shippingservice,0.031952282655655244,31.95228265565524,19165184.0,28.558349609375,1,1
1775523600,3,0,1,4,shippingservice,0.03145265514732546,31.45265514732546,19714048.0,29.376220703125,1,1
1775523660,3,1,1,4,shippingservice,0.030348118620829676,30.348118620829673,19496960.0,29.052734375,1,1
1775523660,3,1,1,4,frontend,0.816497796052983,136.08296600883048,177786880.0,44.15384928385417,6,6
1775523720,3,2,1,4,frontend,0.8063138823298674,134.38564705497788,177852416.0,44.17012532552083,6,6
1775523660,3,1,1,4,adservice,0.0465843266381512,23.2921633190756,108285952.0,57.37196180555556,1,1
1775523720,3,2,1,4,adservice,0.046336679772493505,23.168339886246752,108392448.0,57.42838541666667,1,1
1775523660,3,1,1,4,cartservice,0.2693068873286045,44.88448122143408,160010240.0,79.47794596354166,3,3
1775523720,3,2,1,4,cartservice,0.254673455871007,42.44557597850116,165638144.0,82.27335611979166,3,3
1775523660,3,1,1,4,checkoutservice,0.03221225633483381,32.2122563348338,21422080.0,31.92138671875,1,1
1775523720,3,2,1,4,checkoutservice,0.03148082595869828,31.480825958698276,21417984.0,31.915283203125,1,1
1775523660,3,1,1,4,currencyservice,0.3767827913700829,94.19569784252072,307056640.0,114.38751220703125,4,4
1775523720,3,2,1,4,currencyservice,0.370625879562961,92.65646989074024,308527104.0,114.935302734375,4,4
1775523660,3,1,1,4,emailservice,0.012529581936186604,12.529581936186604,46923776.0,69.921875,1,1
1775523720,3,2,1,4,emailservice,0.012090321991315737,12.090321991315736,46911488.0,69.903564453125,1,1
1775523660,3,1,1,4,paymentservice,0.00718426106340788,3.5921305317039396,233701376.0,174.12109375,2,2
1775523720,3,2,1,4,paymentservice,0.008031290214045621,4.01564510702281,236003328.0,175.836181640625,2,2
1775523660,3,1,1,4,productcatalogservice,0.31696924037898094,105.6564134596603,53198848.0,26.424153645833332,3,3
1775523720,3,2,1,4,productcatalogservice,0.33055786960650996,110.1859565355033,53579776.0,26.613362630208332,3,3
1775523660,3,1,1,4,recommendationservice,0.4623587130662211,92.47174261324422,224301056.0,19.44637784090909,5,5
1775523720,3,2,1,4,recommendationservice,0.4674447870554752,93.48895741109504,223989760.0,19.419389204545453,5,5
1775523660,3,1,1,4,shippingservice,0.030348118620829676,30.348118620829673,19496960.0,29.052734375,1,1
1775523720,3,2,1,4,shippingservice,0.030111882227054843,30.111882227054842,19857408.0,29.58984375,1,1
1775523720,3,2,1,4,frontend,0.8063138823298674,134.38564705497788,177852416.0,44.17012532552083,6,6
1775523780,3,3,1,4,frontend,0.8338066809113169,138.96778015188613,177508352.0,44.08467610677083,6,6
1775523720,3,2,1,4,adservice,0.046336679772493505,23.168339886246752,108392448.0,57.42838541666667,1,1
1775523780,3,3,1,4,adservice,0.04277409427568791,21.387047137843954,108384256.0,57.42404513888889,1,1
1775523720,3,2,1,4,cartservice,0.254673455871007,42.44557597850116,165638144.0,82.27335611979166,3,3
1775523780,3,3,1,4,cartservice,0.24749966210465582,41.2499436841093,166162432.0,82.53377278645834,3,3
1775523720,3,2,1,4,checkoutservice,0.03148082595869828,31.480825958698276,21417984.0,31.915283203125,1,1
1775523780,3,3,1,4,checkoutservice,0.034570324623913774,34.57032462391377,21446656.0,31.9580078125,1,1
1775523720,3,2,1,4,currencyservice,0.370625879562961,92.65646989074024,308527104.0,114.935302734375,4,4
1775523780,3,3,1,4,currencyservice,0.37260450644737003,93.1511266118425,311656448.0,116.10107421875,4,4
1775523720,3,2,1,4,emailservice,0.012090321991315737,12.090321991315736,46911488.0,69.903564453125,1,1
1775523780,3,3,1,4,emailservice,0.012887695453102775,12.887695453102774,46919680.0,69.915771484375,1,1
1775523720,3,2,1,4,paymentservice,0.008031290214045621,4.01564510702281,236003328.0,175.836181640625,2,2
1775523780,3,3,1,4,paymentservice,0.010205399193488639,5.102699596744319,236388352.0,176.123046875,2,2
1775523720,3,2,1,4,productcatalogservice,0.33055786960650996,110.1859565355033,53579776.0,26.613362630208332,3,3
1775523780,3,3,1,4,productcatalogservice,0.3345771524820803,111.52571749402675,54153216.0,26.898193359375,3,3
1775523720,3,2,1,4,recommendationservice,0.4674447870554752,93.48895741109504,223989760.0,19.419389204545453,5,5
1775523780,3,3,1,4,recommendationservice,0.47369806738907,94.739613477814,223858688.0,19.40802556818182,5,5
1775523720,3,2,1,4,shippingservice,0.030111882227054843,30.111882227054842,19857408.0,29.58984375,1,1
1775523780,3,3,1,4,shippingservice,0.03035157289615683,30.351572896156824,19415040.0,28.9306640625,1,1
1775523780,3,3,1,4,frontend,0.8338066809113169,138.96778015188613,177508352.0,44.08467610677083,6,6
1775523840,3,4,1,4,frontend,0.8214828723491685,136.91381205819474,177332224.0,44.04093424479167,6,6
1775523780,3,3,1,4,adservice,0.04277409427568791,21.387047137843954,108384256.0,57.42404513888889,1,1
1775523840,3,4,1,4,adservice,0.04645772244008871,23.228861220044354,108236800.0,57.345920138888886,1,1
1775523780,3,3,1,4,cartservice,0.24749966210465582,41.2499436841093,166162432.0,82.53377278645834,3,3
1775523840,3,4,1,4,cartservice,0.26782683668348306,44.63780611391384,167989248.0,83.441162109375,3,3
1775523780,3,3,1,4,checkoutservice,0.034570324623913774,34.57032462391377,21446656.0,31.9580078125,1,1
1775523840,3,4,1,4,checkoutservice,0.03266937435495853,32.66937435495853,21774336.0,32.4462890625,1,1
1775523780,3,3,1,4,currencyservice,0.37260450644737003,93.1511266118425,311656448.0,116.10107421875,4,4
1775523840,3,4,1,4,currencyservice,0.3718696360717018,92.96740901792545,320720896.0,119.47784423828125,4,4
1775523780,3,3,1,4,emailservice,0.012887695453102775,12.887695453102774,46919680.0,69.915771484375,1,1
1775523840,3,4,1,4,emailservice,0.011545849483016813,11.545849483016813,46919680.0,69.915771484375,1,1
1775523780,3,3,1,4,paymentservice,0.010205399193488639,5.102699596744319,236388352.0,176.123046875,2,2
1775523840,3,4,1,4,paymentservice,0.01019694910453093,5.098474552265465,237314048.0,176.812744140625,2,2
1775523780,3,3,1,4,productcatalogservice,0.3345771524820803,111.52571749402675,54153216.0,26.898193359375,3,3
1775523840,3,4,1,4,productcatalogservice,0.33802644365309265,112.67548121769752,53665792.0,26.656087239583332,3,3
1775523780,3,3,1,4,recommendationservice,0.47369806738907,94.739613477814,223858688.0,19.40802556818182,5,5
1775523840,3,4,1,4,recommendationservice,0.4572994354626803,91.45988709253606,224120832.0,19.43075284090909,5,5
1775523780,3,3,1,4,shippingservice,0.03035157289615683,30.351572896156824,19415040.0,28.9306640625,1,1
1775523840,3,4,1,4,shippingservice,0.030530916904634223,30.53091690463422,19525632.0,29.095458984375,1,1
1775523840,3,4,1,4,frontend,0.8214828723491685,136.91381205819474,177332224.0,44.04093424479167,6,6
1775523900,3,5,1,4,frontend,0.8460511784716989,141.00852974528314,178872320.0,44.42342122395833,6,6
1775523840,3,4,1,4,adservice,0.04645772244008871,23.228861220044354,108236800.0,57.345920138888886,1,1
1775523900,3,5,1,4,adservice,0.04643431652339807,23.217158261699034,108285952.0,57.37196180555556,1,1
1775523840,3,4,1,4,cartservice,0.26782683668348306,44.63780611391384,167989248.0,83.441162109375,3,3
1775523900,3,5,1,4,cartservice,0.22805775904963102,38.00962650827183,169213952.0,84.04947916666666,3,3
1775523840,3,4,1,4,checkoutservice,0.03266937435495853,32.66937435495853,21774336.0,32.4462890625,1,1
1775523900,3,5,1,4,checkoutservice,0.030504759501600073,30.50475950160007,21426176.0,31.927490234375,1,1
1775523840,3,4,1,4,currencyservice,0.3718696360717018,92.96740901792545,320720896.0,119.47784423828125,4,4
1775523900,3,5,1,4,currencyservice,0.37297852855862285,93.2446321396557,326447104.0,121.61102294921875,4,4
1775523840,3,4,1,4,emailservice,0.011545849483016813,11.545849483016813,46919680.0,69.915771484375,1,1
1775523900,3,5,1,4,emailservice,0.011236948419718493,11.236948419718493,46927872.0,69.927978515625,1,1
1775523840,3,4,1,4,paymentservice,0.01019694910453093,5.098474552265465,237314048.0,176.812744140625,2,2
1775523900,3,5,1,4,paymentservice,0.008371530622178078,4.185765311089039,237772800.0,177.154541015625,2,2
1775523840,3,4,1,4,productcatalogservice,0.33802644365309265,112.67548121769752,53665792.0,26.656087239583332,3,3
1775523900,3,5,1,4,productcatalogservice,0.33805609759841987,112.68536586613993,53813248.0,26.729329427083332,3,3
1775523840,3,4,1,4,recommendationservice,0.4572994354626803,91.45988709253606,224120832.0,19.43075284090909,5,5
1775523900,3,5,1,4,recommendationservice,0.455994208471675,91.198841694335,224178176.0,19.435724431818183,5,5
1775523840,3,4,1,4,shippingservice,0.030530916904634223,30.53091690463422,19525632.0,29.095458984375,1,1
1775523900,3,5,1,4,shippingservice,0.030011589335335813,30.01158933533581,19603456.0,29.21142578125,1,1
1775523900,3,5,1,4,frontend,0.8460511784716989,141.00852974528314,178872320.0,44.42342122395833,6,6
1775523960,3,6,1,4,frontend,0.8443754741542563,140.72924569237603,178638848.0,44.36543782552083,6,6
1775523900,3,5,1,4,adservice,0.04643431652339807,23.217158261699034,108285952.0,57.37196180555556,1,1
1775523960,3,6,1,4,adservice,0.04690846596776327,23.454232983881635,108290048.0,57.37413194444444,1,1
1775523900,3,5,1,4,cartservice,0.22805775904963102,57.014439762407754,169213952.0,126.07421875,2,2
1775523960,3,6,1,4,cartservice,0.22352015899357483,55.880039748393706,134799360.0,100.433349609375,2,2
1775523900,3,5,1,4,checkoutservice,0.030504759501600073,30.50475950160007,21426176.0,31.927490234375,1,1
1775523960,3,6,1,4,checkoutservice,0.035517910863767405,35.517910863767405,21307392.0,31.75048828125,1,1
1775523900,3,5,1,4,currencyservice,0.37297852855862285,93.2446321396557,326447104.0,121.61102294921875,4,4
1775523960,3,6,1,4,currencyservice,0.37616472151892705,94.04118037973176,327843840.0,122.13134765625,4,4
1775523900,3,5,1,4,emailservice,0.011236948419718493,11.236948419718493,46927872.0,69.927978515625,1,1
1775523960,3,6,1,4,emailservice,0.01266238412605306,12.66238412605306,46923776.0,69.921875,1,1
1775523900,3,5,1,4,paymentservice,0.008371530622178078,4.185765311089039,237772800.0,177.154541015625,2,2
1775523960,3,6,1,4,paymentservice,0.008531117332647737,4.2655586663238685,238878720.0,177.978515625,2,2
1775523900,3,5,1,4,productcatalogservice,0.33805609759841987,112.68536586613993,53813248.0,26.729329427083332,3,3
1775523960,3,6,1,4,productcatalogservice,0.33962139951114756,113.20713317038252,53997568.0,26.820882161458332,3,3
1775523900,3,5,1,4,recommendationservice,0.455994208471675,91.198841694335,224178176.0,19.435724431818183,5,5
1775523960,3,6,1,4,recommendationservice,0.47220336712650174,94.44067342530035,224145408.0,19.432883522727273,5,5
1775523900,3,5,1,4,shippingservice,0.030011589335335813,30.01158933533581,19603456.0,29.21142578125,1,1
1775523960,3,6,1,4,shippingservice,0.030571125905228244,30.571125905228243,19505152.0,29.06494140625,1,1
1775523960,3,6,1,4,frontend,0.8443754741542563,140.72924569237603,178638848.0,44.36543782552083,6,6
1775524020,3,7,1,4,frontend,0.8426561118292173,140.4426853048695,178925568.0,44.4366455078125,6,6
1775523960,3,6,1,4,adservice,0.04690846596776327,23.454232983881635,108290048.0,57.37413194444444,1,1
1775524020,3,7,1,4,adservice,0.04775961386763494,23.87980693381747,108343296.0,57.40234374999999,1,1
1775523960,3,6,1,4,cartservice,0.22352015899357483,55.880039748393706,134799360.0,100.433349609375,2,2
1775524020,3,7,1,4,cartservice,0.20418535963892379,51.04633990973094,134463488.0,100.18310546875,2,2
1775523960,3,6,1,4,checkoutservice,0.035517910863767405,35.517910863767405,21307392.0,31.75048828125,1,1
1775524020,3,7,1,4,checkoutservice,0.03644244331346022,36.442443313460224,21450752.0,31.964111328125,1,1
1775523960,3,6,1,4,currencyservice,0.37616472151892705,94.04118037973176,327843840.0,122.13134765625,4,4
1775524020,3,7,1,4,currencyservice,0.37623433610267426,94.05858402566855,328155136.0,122.247314453125,4,4
1775523960,3,6,1,4,emailservice,0.01266238412605306,12.66238412605306,46923776.0,69.921875,1,1
1775524020,3,7,1,4,emailservice,0.01318932470113793,13.189324701137927,46923776.0,69.921875,1,1
1775523960,3,6,1,4,paymentservice,0.008531117332647737,4.2655586663238685,238878720.0,177.978515625,2,2
1775524020,3,7,1,4,paymentservice,0.008651959761355075,4.325979880677537,240136192.0,178.9154052734375,2,2
1775523960,3,6,1,4,productcatalogservice,0.33962139951114756,113.20713317038252,53997568.0,26.820882161458332,3,3
1775524020,3,7,1,4,productcatalogservice,0.339449005754359,113.14966858478633,54104064.0,26.873779296875,3,3
1775523960,3,6,1,4,recommendationservice,0.47220336712650174,94.44067342530035,224145408.0,19.432883522727273,5,5
1775524020,3,7,1,4,recommendationservice,0.47667091147186086,95.33418229437217,223784960.0,19.401633522727273,5,5
1775523960,3,6,1,4,shippingservice,0.030571125905228244,30.571125905228243,19505152.0,29.06494140625,1,1
1775524020,3,7,1,4,shippingservice,0.030744235626524244,30.74423562652424,19394560.0,28.900146484375,1,1
1775524020,3,7,1,4,frontend,0.8426561118292173,140.4426853048695,178925568.0,44.4366455078125,6,6
1775524080,3,8,1,4,frontend,0.8378148446130409,139.6358074355068,178270208.0,44.27388509114583,6,6
1775524020,3,7,1,4,adservice,0.04775961386763494,23.87980693381747,108343296.0,57.40234374999999,1,1
1775524080,3,8,1,4,adservice,0.04646131027107349,23.230655135536743,108294144.0,57.37630208333333,1,1
1775524020,3,7,1,4,cartservice,0.20418535963892379,51.04633990973094,134463488.0,100.18310546875,2,2
1775524080,3,8,1,4,cartservice,0.22139536060964304,55.34884015241076,134492160.0,100.2044677734375,2,2
1775524020,3,7,1,4,checkoutservice,0.03644244331346022,36.442443313460224,21450752.0,31.964111328125,1,1
1775524080,3,8,1,4,checkoutservice,0.031501175633016576,31.501175633016576,21225472.0,31.62841796875,1,1
1775524020,3,7,1,4,currencyservice,0.37623433610267426,94.05858402566855,328155136.0,122.247314453125,4,4
1775524080,3,8,1,4,currencyservice,0.3748429507994329,93.71073769985823,330473472.0,123.1109619140625,4,4
1775524020,3,7,1,4,emailservice,0.01318932470113793,13.189324701137927,46923776.0,69.921875,1,1
1775524080,3,8,1,4,emailservice,0.011946335116385808,11.946335116385807,46923776.0,69.921875,1,1
1775524020,3,7,1,4,paymentservice,0.008651959761355075,4.325979880677537,240136192.0,178.9154052734375,2,2
1775524080,3,8,1,4,paymentservice,0.007601888181355754,3.800944090677877,240455680.0,179.1534423828125,2,2
1775524020,3,7,1,4,productcatalogservice,0.339449005754359,113.14966858478633,54104064.0,26.873779296875,3,3
1775524080,3,8,1,4,productcatalogservice,0.33638993514515486,112.12997838171827,54419456.0,27.030436197916668,3,3
1775524020,3,7,1,4,recommendationservice,0.47667091147186086,95.33418229437217,223784960.0,19.401633522727273,5,5
1775524080,3,8,1,4,recommendationservice,0.46373610593442677,92.74722118688535,224239616.0,19.441051136363637,5,5
1775524020,3,7,1,4,shippingservice,0.030744235626524244,30.74423562652424,19394560.0,28.900146484375,1,1
1775524080,3,8,1,4,shippingservice,0.030344989605875075,30.34498960587507,19132416.0,28.509521484375,1,1
1775524080,3,8,1,4,frontend,0.8378148446130409,139.6358074355068,178270208.0,44.27388509114583,6,6
1775524140,3,9,1,4,frontend,0.8544134883274049,142.40224805456748,179691520.0,44.62687174479167,6,6
1775524080,3,8,1,4,adservice,0.04646131027107349,23.230655135536743,108294144.0,57.37630208333333,1,1
1775524140,3,9,1,4,adservice,0.047070853974904334,23.535426987452166,108326912.0,57.39366319444444,1,1
1775524080,3,8,1,4,cartservice,0.22139536060964304,55.34884015241076,134492160.0,100.2044677734375,2,2
1775524140,3,9,1,4,cartservice,0.21510492669429798,53.77623167357449,134389760.0,100.128173828125,2,2
1775524080,3,8,1,4,checkoutservice,0.031501175633016576,31.501175633016576,21225472.0,31.62841796875,1,1
1775524140,3,9,1,4,checkoutservice,0.03264621423623594,32.646214236235934,21708800.0,32.3486328125,1,1
1775524080,3,8,1,4,currencyservice,0.3748429507994329,93.71073769985823,330473472.0,123.1109619140625,4,4
1775524140,3,9,1,4,currencyservice,0.37779317839350635,94.44829459837658,331227136.0,123.3917236328125,4,4
1775524080,3,8,1,4,emailservice,0.011946335116385808,11.946335116385807,46923776.0,69.921875,1,1
1775524140,3,9,1,4,emailservice,0.012390756821270933,12.390756821270932,46923776.0,69.921875,1,1
1775524080,3,8,1,4,paymentservice,0.007601888181355754,3.800944090677877,240455680.0,179.1534423828125,2,2
1775524140,3,9,1,4,paymentservice,0.007426933581999336,3.713466790999668,241135616.0,179.6600341796875,2,2
1775524080,3,8,1,4,productcatalogservice,0.33638993514515486,112.12997838171827,54419456.0,27.030436197916668,3,3
1775524140,3,9,1,4,productcatalogservice,0.33630507113123154,112.10169037707716,53858304.0,26.751708984375,3,3
1775524080,3,8,1,4,recommendationservice,0.46373610593442677,92.74722118688535,224239616.0,19.441051136363637,5,5
1775524140,3,9,1,4,recommendationservice,0.46059158363121167,92.11831672624233,223830016.0,19.405539772727273,5,5
1775524080,3,8,1,4,shippingservice,0.030344989605875075,30.34498960587507,19132416.0,28.509521484375,1,1
1775524140,3,9,1,4,shippingservice,0.030830105420288828,30.830105420288827,19615744.0,29.229736328125,1,1
1775524140,3,9,1,4,frontend,0.8544134883274049,142.40224805456748,179691520.0,44.62687174479167,6,6
1775524200,3,10,1,4,frontend,0.8530977741454312,142.18296235757185,179879936.0,44.67366536458333,6,6
1775524140,3,9,1,4,adservice,0.047070853974904334,23.535426987452166,108326912.0,57.39366319444444,1,1
1775524200,3,10,1,4,adservice,0.04769093927427576,23.84546963713788,108191744.0,57.32204861111111,1,1
1775524140,3,9,1,4,cartservice,0.21510492669429798,53.77623167357449,134389760.0,100.128173828125,2,2
1775524200,3,10,1,4,cartservice,0.22398236763932533,55.99559190983133,135102464.0,100.6591796875,2,2
1775524140,3,9,1,4,checkoutservice,0.03264621423623594,32.646214236235934,21708800.0,32.3486328125,1,1
1775524200,3,10,1,4,checkoutservice,0.03448806427373467,34.48806427373467,21381120.0,31.8603515625,1,1
1775524140,3,9,1,4,currencyservice,0.37779317839350635,94.44829459837658,331227136.0,123.3917236328125,4,4
1775524200,3,10,1,4,currencyservice,0.37995559642224386,94.98889910556096,332627968.0,123.91357421875,4,4
1775524140,3,9,1,4,emailservice,0.012390756821270933,12.390756821270932,46923776.0,69.921875,1,1
1775524200,3,10,1,4,emailservice,0.011648087426997675,11.648087426997675,46923776.0,69.921875,1,1
1775524140,3,9,1,4,paymentservice,0.007426933581999336,3.713466790999668,241135616.0,179.6600341796875,2,2
1775524200,3,10,1,4,paymentservice,0.009934531195789392,4.967265597894696,241848320.0,180.1910400390625,2,2
1775524140,3,9,1,4,productcatalogservice,0.33630507113123154,112.10169037707716,53858304.0,26.751708984375,3,3
1775524200,3,10,1,4,productcatalogservice,0.33734967508429053,112.4498916947635,53055488.0,26.352945963541668,3,3
1775524140,3,9,1,4,recommendationservice,0.46059158363121167,92.11831672624233,223830016.0,19.405539772727273,5,5
1775524200,3,10,1,4,recommendationservice,0.48071027162097996,96.142054324196,224190464.0,19.436789772727273,5,5
1775524140,3,9,1,4,shippingservice,0.030830105420288828,30.830105420288827,19615744.0,29.229736328125,1,1
1775524200,3,10,1,4,shippingservice,0.03145055040531233,31.450550405312335,19251200.0,28.6865234375,1,1
1775524200,3,10,1,4,frontend,0.8530977741454312,142.18296235757185,179879936.0,44.67366536458333,6,6
1775524260,3,11,1,4,frontend,0.8527039504400191,142.1173250733365,178593792.0,44.354248046875,6,6
1775524200,3,10,1,4,adservice,0.04769093927427576,23.84546963713788,108191744.0,57.32204861111111,1,1
1775524260,3,11,1,4,adservice,0.047897203805120914,23.94860190256046,108236800.0,57.345920138888886,1,1
1775524200,3,10,1,4,cartservice,0.22398236763932533,55.99559190983133,135102464.0,100.6591796875,2,2
1775524260,3,11,1,4,cartservice,0.23966028721699678,59.91507180424919,134545408.0,100.244140625,2,2
1775524200,3,10,1,4,checkoutservice,0.03448806427373467,34.48806427373467,21381120.0,31.8603515625,1,1
1775524260,3,11,1,4,checkoutservice,0.03307022886436994,33.07022886436993,21155840.0,31.524658203125,1,1
1775524200,3,10,1,4,currencyservice,0.37995559642224386,94.98889910556096,332627968.0,123.91357421875,4,4
1775524260,3,11,1,4,currencyservice,0.37649131949614045,94.1228298740351,334004224.0,124.42626953125,4,4
1775524200,3,10,1,4,emailservice,0.011648087426997675,11.648087426997675,46923776.0,69.921875,1,1
1775524260,3,11,1,4,emailservice,0.012772286420845502,12.7722864208455,46923776.0,69.921875,1,1
1775524200,3,10,1,4,paymentservice,0.009934531195789392,4.967265597894696,241848320.0,180.1910400390625,2,2
1775524260,3,11,1,4,paymentservice,0.007556928901504564,3.7784644507522813,242515968.0,180.6884765625,2,2
1775524200,3,10,1,4,productcatalogservice,0.33734967508429053,112.4498916947635,53055488.0,26.352945963541668,3,3
1775524260,3,11,1,4,productcatalogservice,0.34103097242976516,113.6769908099217,53825536.0,26.735432942708332,3,3
1775524200,3,10,1,4,recommendationservice,0.48071027162097996,96.142054324196,224190464.0,19.436789772727273,5,5
1775524260,3,11,1,4,recommendationservice,0.47907441461988787,95.81488292397758,224079872.0,19.427201704545453,5,5
1775524200,3,10,1,4,shippingservice,0.03145055040531233,31.450550405312335,19251200.0,28.6865234375,1,1
1775524260,3,11,1,4,shippingservice,0.03080250717682922,30.80250717682922,19533824.0,29.107666015625,1,1
1775524260,3,11,1,4,frontend,0.8527039504400191,142.1173250733365,178593792.0,44.354248046875,6,6
1775524320,3,12,1,4,frontend,0.857884989292824,142.98083154880396,179453952.0,44.56787109375,6,6
1775524260,3,11,1,4,adservice,0.047897203805120914,23.94860190256046,108236800.0,57.345920138888886,1,1
1775524320,3,12,1,4,adservice,0.04746243539875556,23.73121769937778,108281856.0,57.36979166666667,1,1
1775524260,3,11,1,4,cartservice,0.23966028721699678,59.91507180424919,134545408.0,100.244140625,2,2
1775524320,3,12,1,4,cartservice,0.24447460237735616,61.118650594339044,134606848.0,100.2899169921875,2,2
1775524260,3,11,1,4,checkoutservice,0.03307022886436994,33.07022886436993,21155840.0,31.524658203125,1,1
1775524320,3,12,1,4,checkoutservice,0.032823782022816175,32.823782022816175,21671936.0,32.293701171875,1,1
1775524260,3,11,1,4,currencyservice,0.37649131949614045,94.1228298740351,334004224.0,124.42626953125,4,4
1775524320,3,12,1,4,currencyservice,0.36316506503702795,90.79126625925699,335294464.0,124.90692138671875,4,4
1775524260,3,11,1,4,emailservice,0.012772286420845502,12.7722864208455,46923776.0,69.921875,1,1
1775524320,3,12,1,4,emailservice,0.012424142895714403,12.424142895714402,46919680.0,69.915771484375,1,1
1775524260,3,11,1,4,paymentservice,0.007556928901504564,3.7784644507522813,242515968.0,180.6884765625,2,2
1775524320,3,12,1,4,paymentservice,0.00815449889805464,4.07724944902732,243384320.0,181.33544921875,2,2
1775524260,3,11,1,4,productcatalogservice,0.34103097242976516,113.6769908099217,53825536.0,26.735432942708332,3,3
1775524320,3,12,1,4,productcatalogservice,0.3395646463018799,113.18821543395994,54493184.0,27.067057291666668,3,3
1775524260,3,11,1,4,recommendationservice,0.47907441461988787,95.81488292397758,224079872.0,19.427201704545453,5,5
1775524320,3,12,1,4,recommendationservice,0.46479832471677857,92.95966494335572,223866880.0,19.408735795454547,5,5
1775524260,3,11,1,4,shippingservice,0.03080250717682922,30.80250717682922,19533824.0,29.107666015625,1,1
1775524320,3,12,1,4,shippingservice,0.030303504847122728,30.303504847122724,19767296.0,29.45556640625,1,1
1775524320,3,12,1,4,frontend,0.857884989292824,142.98083154880396,179453952.0,44.56787109375,6,6
1775524380,3,13,1,4,frontend,0.857509756651307,142.91829277521782,180547584.0,44.8394775390625,6,6
1775524320,3,12,1,4,adservice,0.04746243539875556,23.73121769937778,108281856.0,57.36979166666667,1,1
1775524380,3,13,1,4,adservice,0.04714940789296773,23.574703946483865,108232704.0,57.34375000000001,1,1
1775524320,3,12,1,4,cartservice,0.24447460237735616,61.118650594339044,134606848.0,100.2899169921875,2,2
1775524380,3,13,1,4,cartservice,0.23325889242539963,58.31472310634991,134979584.0,100.567626953125,2,2
1775524320,3,12,1,4,checkoutservice,0.032823782022816175,32.823782022816175,21671936.0,32.293701171875,1,1
1775524380,3,13,1,4,checkoutservice,0.03431770442610246,34.317704426102466,21397504.0,31.884765625,1,1
1775524320,3,12,1,4,currencyservice,0.36316506503702795,90.79126625925699,335294464.0,124.90692138671875,4,4
1775524380,3,13,1,4,currencyservice,0.37519010338354025,93.79752584588505,336277504.0,125.27313232421875,4,4
1775524320,3,12,1,4,emailservice,0.012424142895714403,12.424142895714402,46919680.0,69.915771484375,1,1
1775524380,3,13,1,4,emailservice,0.012570755180203494,12.570755180203493,46923776.0,69.921875,1,1
1775524320,3,12,1,4,paymentservice,0.00815449889805464,4.07724944902732,243384320.0,181.33544921875,2,2
1775524380,3,13,1,4,paymentservice,0.007686188825123664,3.8430944125618316,243875840.0,181.70166015625,2,2
1775524320,3,12,1,4,productcatalogservice,0.3395646463018799,113.18821543395994,54493184.0,27.067057291666668,3,3
1775524380,3,13,1,4,productcatalogservice,0.3416490028071015,113.88300093570048,53235712.0,26.442464192708332,3,3
1775524320,3,12,1,4,recommendationservice,0.46479832471677857,92.95966494335572,223866880.0,19.408735795454547,5,5
1775524380,3,13,1,4,recommendationservice,0.4883724580147528,97.67449160295057,223825920.0,19.40518465909091,5,5
1775524320,3,12,1,4,shippingservice,0.030303504847122728,30.303504847122724,19767296.0,29.45556640625,1,1
1775524380,3,13,1,4,shippingservice,0.030566969448281914,30.56696944828191,19537920.0,29.11376953125,1,1
1775524380,3,13,1,4,frontend,0.857509756651307,142.91829277521782,180547584.0,44.8394775390625,6,6
1775524440,3,14,1,4,frontend,0.867109235111139,144.5182058518565,180633600.0,44.86083984375,6,6
1775524380,3,13,1,4,adservice,0.04714940789296773,23.574703946483865,108232704.0,57.34375000000001,1,1
1775524440,3,14,1,4,adservice,0.04849650730972336,24.248253654861678,108290048.0,57.37413194444444,1,1
1775524380,3,13,1,4,cartservice,0.23325889242539963,58.31472310634991,134979584.0,100.567626953125,2,2
1775524440,3,14,1,4,cartservice,0.2300973224993781,57.524330624844524,135069696.0,100.634765625,2,2
1775524380,3,13,1,4,checkoutservice,0.03431770442610246,34.317704426102466,21397504.0,31.884765625,1,1
1775524440,3,14,1,4,checkoutservice,0.033094470256923934,33.09447025692393,21647360.0,32.257080078125,1,1
1775524380,3,13,1,4,currencyservice,0.37519010338354025,93.79752584588505,336277504.0,125.27313232421875,4,4
1775524440,3,14,1,4,currencyservice,0.3629889406494269,90.74723516235672,339443712.0,126.45263671875,4,4
1775524380,3,13,1,4,emailservice,0.012570755180203494,12.570755180203493,46923776.0,69.921875,1,1
1775524440,3,14,1,4,emailservice,0.012713001186018126,12.713001186018126,46911488.0,69.903564453125,1,1
1775524380,3,13,1,4,paymentservice,0.007686188825123664,3.8430944125618316,243875840.0,181.70166015625,2,2
1775524440,3,14,1,4,paymentservice,0.007790706988960049,3.895353494480024,244703232.0,182.318115234375,2,2
1775524380,3,13,1,4,productcatalogservice,0.3416490028071015,113.88300093570048,53235712.0,26.442464192708332,3,3
1775524440,3,14,1,4,productcatalogservice,0.34195213485149384,113.98404495049792,54218752.0,26.930745442708332,3,3
1775524380,3,13,1,4,recommendationservice,0.4883724580147528,97.67449160295057,223825920.0,19.40518465909091,5,5
1775524440,3,14,1,4,recommendationservice,0.4880171211425569,97.60342422851139,224129024.0,19.431463068181817,5,5
1775524380,3,13,1,4,shippingservice,0.030566969448281914,30.56696944828191,19537920.0,29.11376953125,1,1
1775524440,3,14,1,4,shippingservice,0.029242374039018533,29.242374039018532,19648512.0,29.278564453125,1,1
1775524440,3,14,1,4,frontend,0.867109235111139,144.5182058518565,180633600.0,44.86083984375,6,6
1775524500,3,15,1,4,frontend,0.8688657038691342,144.81095064485567,180113408.0,44.73164876302083,6,6
1775524440,3,14,1,4,adservice,0.04849650730972336,24.248253654861678,108290048.0,57.37413194444444,1,1
1775524500,3,15,1,4,adservice,0.0488930586961016,24.4465293480508,108240896.0,57.34809027777777,1,1
1775524440,3,14,1,4,cartservice,0.2300973224993781,57.524330624844524,135069696.0,100.634765625,2,2
1775524500,3,15,1,4,cartservice,0.2570588401097618,64.26471002744046,134971392.0,100.5615234375,2,2
1775524440,3,14,1,4,checkoutservice,0.033094470256923934,33.09447025692393,21647360.0,32.257080078125,1,1
1775524500,3,15,1,4,checkoutservice,0.03596684021544095,35.966840215440946,21483520.0,32.012939453125,1,1
1775524440,3,14,1,4,currencyservice,0.3629889406494269,90.74723516235672,339443712.0,126.45263671875,4,4
1775524500,3,15,1,4,currencyservice,0.3766096349379671,94.15240873449177,340066304.0,126.6845703125,4,4
1775524440,3,14,1,4,emailservice,0.012713001186018126,12.713001186018126,46911488.0,69.903564453125,1,1
1775524500,3,15,1,4,emailservice,0.013550486193326662,13.55048619332666,46923776.0,69.921875,1,1
1775524440,3,14,1,4,paymentservice,0.007790706988960049,3.895353494480024,244703232.0,182.318115234375,2,2
1775524500,3,15,1,4,paymentservice,0.008409662410224911,4.2048312051124555,245354496.0,182.8033447265625,2,2
1775524440,3,14,1,4,productcatalogservice,0.34195213485149384,113.98404495049792,54218752.0,26.930745442708332,3,3
1775524500,3,15,1,4,productcatalogservice,0.341803027736872,113.93434257895731,53280768.0,26.46484375,3,3
1775524440,3,14,1,4,recommendationservice,0.4880171211425569,97.60342422851139,224129024.0,19.431463068181817,5,5
1775524500,3,15,1,4,recommendationservice,0.4924930076417668,98.49860152835336,223920128.0,19.413352272727273,5,5
1775524440,3,14,1,4,shippingservice,0.029242374039018533,29.242374039018532,19648512.0,29.278564453125,1,1
1775524500,3,15,1,4,shippingservice,0.03232388893896644,32.32388893896644,19587072.0,29.18701171875,1,1
1775524500,3,15,1,4,frontend,0.8688657038691342,144.81095064485567,180113408.0,44.73164876302083,6,6
1775524560,3,16,1,4,frontend,0.8645726719247943,144.09544532079903,179331072.0,44.537353515625,6,6
1775524500,3,15,1,4,adservice,0.0488930586961016,24.4465293480508,108240896.0,57.34809027777777,1,1
1775524560,3,16,1,4,adservice,0.04816681572288555,24.083407861442772,108285952.0,57.37196180555556,1,1
1775524500,3,15,1,4,cartservice,0.2570588401097618,64.26471002744046,134971392.0,100.5615234375,2,2
1775524560,3,16,1,4,cartservice,0.2465071842146338,61.62679605365845,134860800.0,100.4791259765625,2,2
1775524500,3,15,1,4,checkoutservice,0.03596684021544095,35.966840215440946,21483520.0,32.012939453125,1,1
1775524560,3,16,1,4,checkoutservice,0.03492329399922544,34.923293999225436,21774336.0,32.4462890625,1,1
1775524500,3,15,1,4,currencyservice,0.3766096349379671,94.15240873449177,340066304.0,126.6845703125,4,4
1775524560,3,16,1,4,currencyservice,0.37830623137839364,94.57655784459841,341667840.0,127.28118896484375,4,4
1775524500,3,15,1,4,emailservice,0.013550486193326662,13.55048619332666,46923776.0,69.921875,1,1
1775524560,3,16,1,4,emailservice,0.013028881438264603,13.028881438264603,46919680.0,69.915771484375,1,1
1775524500,3,15,1,4,paymentservice,0.008409662410224911,4.2048312051124555,245354496.0,182.8033447265625,2,2
1775524560,3,16,1,4,paymentservice,0.007957425042726333,3.9787125213631667,246153216.0,183.3984375,2,2
1775524500,3,15,1,4,productcatalogservice,0.341803027736872,113.93434257895731,53280768.0,26.46484375,3,3
1775524560,3,16,1,4,productcatalogservice,0.3274374344613284,109.14581148710944,53477376.0,26.5625,3,3
1775524500,3,15,1,4,recommendationservice,0.4924930076417668,98.49860152835336,223920128.0,19.413352272727273,5,5
1775524560,3,16,1,4,recommendationservice,0.48535230346962066,97.07046069392413,224100352.0,19.42897727272727,5,5
1775524500,3,15,1,4,shippingservice,0.03232388893896644,32.32388893896644,19587072.0,29.18701171875,1,1
1775524560,3,16,1,4,shippingservice,0.03196795903703739,31.967959037037392,19726336.0,29.39453125,1,1
1775524560,3,16,1,4,frontend,0.8645726719247943,144.09544532079903,179331072.0,44.537353515625,6,6
1775524620,3,17,1,4,frontend,0.8381967864011436,139.69946440019058,180240384.0,44.76318359375,6,6
1775524560,3,16,1,4,adservice,0.04816681572288555,24.083407861442772,108285952.0,57.37196180555556,1,1
1775524620,3,17,1,4,adservice,0.04916319791686968,24.581598958434842,108183552.0,57.31770833333333,1,1
1775524560,3,16,1,4,cartservice,0.2465071842146338,41.08453070243896,134860800.0,66.986083984375,3,3
1775524620,3,17,1,4,cartservice,0.25385912478038275,42.30985413006378,160727040.0,79.833984375,3,3
1775524560,3,16,1,4,checkoutservice,0.03492329399922544,34.923293999225436,21774336.0,32.4462890625,1,1
1775524620,3,17,1,4,checkoutservice,0.033288069059514556,33.288069059514555,21463040.0,31.982421875,1,1
1775524560,3,16,1,4,currencyservice,0.37830623137839364,94.57655784459841,341667840.0,127.28118896484375,4,4
1775524620,3,17,1,4,currencyservice,0.37782299933611735,94.45574983402933,342851584.0,127.72216796875,4,4
1775524560,3,16,1,4,emailservice,0.013028881438264603,13.028881438264603,46919680.0,69.915771484375,1,1
1775524620,3,17,1,4,emailservice,0.012151662823376569,12.151662823376569,46923776.0,69.921875,1,1
1775524560,3,16,1,4,paymentservice,0.007957425042726333,3.9787125213631667,246153216.0,183.3984375,2,2
1775524620,3,17,1,4,paymentservice,0.00777507850348649,3.8875392517432448,247066624.0,184.0789794921875,2,2
1775524560,3,16,1,4,productcatalogservice,0.3274374344613284,109.14581148710944,53477376.0,26.5625,3,3
1775524620,3,17,1,4,productcatalogservice,0.33702615155213456,112.34205051737818,53915648.0,26.780192057291668,3,3
1775524560,3,16,1,4,recommendationservice,0.48535230346962066,97.07046069392413,224100352.0,19.42897727272727,5,5
1775524620,3,17,1,4,recommendationservice,0.46374838490553705,92.74967698110741,223899648.0,19.411576704545457,5,5
1775524560,3,16,1,4,shippingservice,0.03196795903703739,31.967959037037392,19726336.0,29.39453125,1,1
1775524620,3,17,1,4,shippingservice,0.03123311323374563,31.23311323374563,19566592.0,29.156494140625,1,1
1775524620,3,17,1,4,frontend,0.8381967864011436,139.69946440019058,180240384.0,44.76318359375,6,6
1775524680,3,18,1,4,frontend,0.8392532168926126,139.87553614876873,181407744.0,45.0531005859375,6,6
1775524620,3,17,1,4,adservice,0.04916319791686968,24.581598958434842,108183552.0,57.31770833333333,1,1
1775524680,3,18,1,4,adservice,0.04825359902398356,24.126799511991777,108236800.0,57.345920138888886,1,1
1775524620,3,17,1,4,cartservice,0.25385912478038275,42.30985413006378,160727040.0,79.833984375,3,3
1775524680,3,18,1,4,cartservice,0.27795729653565737,46.32621608927622,166531072.0,82.71687825520834,3,3
1775524620,3,17,1,4,checkoutservice,0.033288069059514556,33.288069059514555,21463040.0,31.982421875,1,1
1775524680,3,18,1,4,checkoutservice,0.034719180870938095,34.7191808709381,21573632.0,32.147216796875,1,1
1775524620,3,17,1,4,currencyservice,0.37782299933611735,94.45574983402933,342851584.0,127.72216796875,4,4
1775524680,3,18,1,4,currencyservice,0.37814758314240415,94.53689578560103,344653824.0,128.3935546875,4,4
1775524620,3,17,1,4,emailservice,0.012151662823376569,12.151662823376569,46923776.0,69.921875,1,1
1775524680,3,18,1,4,emailservice,0.01282709729008202,12.827097290082017,46919680.0,69.915771484375,1,1
1775524620,3,17,1,4,paymentservice,0.00777507850348649,3.8875392517432448,247066624.0,184.0789794921875,2,2
1775524680,3,18,1,4,paymentservice,0.011085340016097997,5.542670008048998,247541760.0,184.4329833984375,2,2
1775524620,3,17,1,4,productcatalogservice,0.33702615155213456,112.34205051737818,53915648.0,26.780192057291668,3,3
1775524680,3,18,1,4,productcatalogservice,0.3376192905489977,112.53976351633254,53243904.0,26.446533203125,3,3
1775524620,3,17,1,4,recommendationservice,0.46374838490553705,92.74967698110741,223899648.0,19.411576704545457,5,5
1775524680,3,18,1,4,recommendationservice,0.47897196827092114,95.79439365418423,224296960.0,19.446022727272727,5,5
1775524620,3,17,1,4,shippingservice,0.03123311323374563,31.23311323374563,19566592.0,29.156494140625,1,1
1775524680,3,18,1,4,shippingservice,0.031332563058824384,31.33256305882438,19701760.0,29.35791015625,1,1
1775524680,3,18,1,4,frontend,0.8392532168926126,139.87553614876873,181407744.0,45.0531005859375,6,6
1775524740,3,19,1,4,frontend,0.8481311371992675,141.35518953321122,180404224.0,44.80387369791667,6,6
1775524680,3,18,1,4,adservice,0.04825359902398356,24.126799511991777,108236800.0,57.345920138888886,1,1
1775524740,3,19,1,4,adservice,0.04758502110995003,23.792510554975017,108290048.0,57.37413194444444,1,1
1775524680,3,18,1,4,cartservice,0.27795729653565737,46.32621608927622,166531072.0,82.71687825520834,3,3
1775524740,3,19,1,4,cartservice,0.24069899161424177,40.116498602373625,167600128.0,83.24788411458334,3,3
1775524680,3,18,1,4,checkoutservice,0.034719180870938095,34.7191808709381,21573632.0,32.147216796875,1,1
1775524740,3,19,1,4,checkoutservice,0.034900395438760855,34.90039543876085,21663744.0,32.281494140625,1,1
1775524680,3,18,1,4,currencyservice,0.37814758314240415,94.53689578560103,344653824.0,128.3935546875,4,4
1775524740,3,19,1,4,currencyservice,0.3728650947986295,93.21627369965736,346796032.0,129.19158935546875,4,4
1775524680,3,18,1,4,emailservice,0.01282709729008202,12.827097290082017,46919680.0,69.915771484375,1,1
1775524740,3,19,1,4,emailservice,0.012336002447183568,12.336002447183567,46919680.0,69.915771484375,1,1
1775524680,3,18,1,4,paymentservice,0.011085340016097997,5.542670008048998,247541760.0,184.4329833984375,2,2
1775524740,3,19,1,4,paymentservice,0.010665295328532496,5.332647664266248,248934400.0,185.4705810546875,2,2
1775524680,3,18,1,4,productcatalogservice,0.3376192905489977,112.53976351633254,53243904.0,26.446533203125,3,3
1775524740,3,19,1,4,productcatalogservice,0.33499390388377254,111.66463462792416,52572160.0,26.112874348958332,3,3
1775524680,3,18,1,4,recommendationservice,0.47897196827092114,95.79439365418423,224296960.0,19.446022727272727,5,5
1775524740,3,19,1,4,recommendationservice,0.4782703401590377,95.65406803180754,224702464.0,19.481178977272727,5,5
1775524680,3,18,1,4,shippingservice,0.031332563058824384,31.33256305882438,19701760.0,29.35791015625,1,1
1775524740,3,19,1,4,shippingservice,0.03088608755239571,30.886087552395708,19816448.0,29.52880859375,1,1
1775524740,3,19,1,4,frontend,0.8481311371992675,141.35518953321122,180404224.0,44.80387369791667,6,6
1775524800,3,20,1,4,frontend,0.8396119955609644,139.93533259349405,179318784.0,44.5343017578125,6,6
1775524740,3,19,1,4,adservice,0.04758502110995003,23.792510554975017,108290048.0,57.37413194444444,1,1
1775524800,3,20,1,4,adservice,0.047337789010726675,23.668894505363337,108187648.0,57.31987847222222,1,1
1775524740,3,19,1,4,cartservice,0.24069899161424177,40.116498602373625,167600128.0,83.24788411458334,3,3
1775524800,3,20,1,4,cartservice,0.22974494541340554,38.290824235567584,168894464.0,83.89078776041666,3,3
1775524740,3,19,1,4,checkoutservice,0.034900395438760855,34.90039543876085,21663744.0,32.281494140625,1,1
1775524800,3,20,1,4,checkoutservice,0.03246226415094388,32.462264150943874,21381120.0,31.8603515625,1,1
1775524740,3,19,1,4,currencyservice,0.3728650947986295,93.21627369965736,346796032.0,129.19158935546875,4,4
1775524800,3,20,1,4,currencyservice,0.3740901106084246,93.52252765210615,348147712.0,129.69512939453125,4,4
1775524740,3,19,1,4,emailservice,0.012336002447183568,12.336002447183567,46919680.0,69.915771484375,1,1
1775524800,3,20,1,4,emailservice,0.011911053378683761,11.91105337868376,46919680.0,69.915771484375,1,1
1775524740,3,19,1,4,paymentservice,0.010665295328532496,5.332647664266248,248934400.0,185.4705810546875,2,2
1775524800,3,20,1,4,paymentservice,0.006973318011073678,3.4866590055368385,248651776.0,185.260009765625,2,2
1775524740,3,19,1,4,productcatalogservice,0.33499390388377254,111.66463462792416,52572160.0,26.112874348958332,3,3
1775524800,3,20,1,4,productcatalogservice,0.33833398381304863,112.77799460434952,53575680.0,26.611328125,3,3
1775524740,3,19,1,4,recommendationservice,0.4782703401590377,95.65406803180754,224702464.0,19.481178977272727,5,5
1775524800,3,20,1,4,recommendationservice,0.47956217975443,95.91243595088599,223854592.0,19.407670454545457,5,5
1775524740,3,19,1,4,shippingservice,0.03088608755239571,30.886087552395708,19816448.0,29.52880859375,1,1
1775524800,3,20,1,4,shippingservice,0.03087285964165079,30.87285964165079,19505152.0,29.06494140625,1,1
1775524800,3,20,1,4,frontend,0.8396119955609644,139.93533259349405,179318784.0,44.5343017578125,6,6
1775524860,3,21,1,4,frontend,0.8635492553355097,143.9248758892516,179748864.0,44.64111328125,6,6
1775524800,3,20,1,4,adservice,0.047337789010726675,23.668894505363337,108187648.0,57.31987847222222,1,1
1775524860,3,21,1,4,adservice,0.0481036218793414,24.0518109396707,108339200.0,57.400173611111114,1,1
1775524800,3,20,1,4,cartservice,0.22974494541340554,38.290824235567584,168894464.0,83.89078776041666,3,3
1775524860,3,21,1,4,cartservice,0.2566777414881157,42.7796235813526,170315776.0,84.59676106770834,3,3
1775524800,3,20,1,4,checkoutservice,0.03246226415094388,32.462264150943874,21381120.0,31.8603515625,1,1
1775524860,3,21,1,4,checkoutservice,0.034494100716685634,34.49410071668563,21471232.0,31.99462890625,1,1
1775524800,3,20,1,4,currencyservice,0.3740901106084246,93.52252765210615,348147712.0,129.69512939453125,4,4
1775524860,3,21,1,4,currencyservice,0.35928022284679745,89.82005571169935,349564928.0,130.22308349609375,4,4
1775524800,3,20,1,4,emailservice,0.011911053378683761,11.91105337868376,46919680.0,69.915771484375,1,1
1775524860,3,21,1,4,emailservice,0.011657958422361671,11.657958422361672,46919680.0,69.915771484375,1,1
1775524800,3,20,1,4,paymentservice,0.006973318011073678,3.4866590055368385,248651776.0,185.260009765625,2,2
1775524860,3,21,1,4,paymentservice,0.007936800108840486,3.968400054420243,249864192.0,186.163330078125,2,2
1775524800,3,20,1,4,productcatalogservice,0.33833398381304863,112.77799460434952,53575680.0,26.611328125,3,3
1775524860,3,21,1,4,productcatalogservice,0.34270082317531214,114.23360772510402,53653504.0,26.649983723958332,3,3
1775524800,3,20,1,4,recommendationservice,0.47956217975443,95.91243595088599,223854592.0,19.407670454545457,5,5
1775524860,3,21,1,4,recommendationservice,0.4852707123821194,97.05414247642388,224165888.0,19.43465909090909,5,5
1775524800,3,20,1,4,shippingservice,0.03087285964165079,30.87285964165079,19505152.0,29.06494140625,1,1
1775524860,3,21,1,4,shippingservice,0.031706218050405945,31.706218050405944,19623936.0,29.241943359375,1,1
1775524860,3,21,1,4,frontend,0.8635492553355097,143.9248758892516,179748864.0,44.64111328125,6,6
1775524920,3,22,1,4,frontend,0.8223718281603583,137.0619713600597,181862400.0,45.166015625,6,6
1775524860,3,21,1,4,adservice,0.0481036218793414,24.0518109396707,108339200.0,57.400173611111114,1,1
1775524920,3,22,1,4,adservice,0.04676937291250734,23.384686456253668,108511232.0,57.49131944444444,1,1
1775524860,3,21,1,4,cartservice,0.2566777414881157,42.7796235813526,170315776.0,84.59676106770834,3,3
1775524920,3,22,1,4,cartservice,0.2606440281577314,43.440671359621895,170954752.0,84.91414388020834,3,3
1775524860,3,21,1,4,checkoutservice,0.034494100716685634,34.49410071668563,21471232.0,31.99462890625,1,1
1775524920,3,22,1,4,checkoutservice,0.034196776890624184,34.19677689062418,21684224.0,32.31201171875,1,1
1775524860,3,21,1,4,currencyservice,0.35928022284679745,89.82005571169935,349564928.0,130.22308349609375,4,4
1775524920,3,22,1,4,currencyservice,0.3767558449067256,94.18896122668139,351227904.0,130.84259033203125,4,4
1775524860,3,21,1,4,emailservice,0.011657958422361671,11.657958422361672,46919680.0,69.915771484375,1,1
1775524920,3,22,1,4,emailservice,0.011552010651500277,11.552010651500275,46923776.0,69.921875,1,1
1775524860,3,21,1,4,paymentservice,0.007936800108840486,3.968400054420243,249864192.0,186.163330078125,2,2
1775524920,3,22,1,4,paymentservice,0.007540518247672294,3.7702591238361465,249917440.0,186.2030029296875,2,2
1775524860,3,21,1,4,productcatalogservice,0.34270082317531214,114.23360772510402,53653504.0,26.649983723958332,3,3
1775524920,3,22,1,4,productcatalogservice,0.31783326722818156,105.94442240939384,53485568.0,26.566569010416668,3,3
1775524860,3,21,1,4,recommendationservice,0.4852707123821194,97.05414247642388,224165888.0,19.43465909090909,5,5
1775524920,3,22,1,4,recommendationservice,0.4782795976239588,95.65591952479176,224153600.0,19.43359375,5,5
1775524860,3,21,1,4,shippingservice,0.031706218050405945,31.706218050405944,19623936.0,29.241943359375,1,1
1775524920,3,22,1,4,shippingservice,0.03173775277219362,31.737752772193623,19337216.0,28.814697265625,1,1
1775524920,3,22,1,4,frontend,0.8223718281603583,137.0619713600597,181862400.0,45.166015625,6,6
1775524980,3,23,1,4,frontend,0.8472894939199273,141.21491565332119,181301248.0,45.02665201822917,6,6
1775524920,3,22,1,4,adservice,0.04676937291250734,23.384686456253668,108511232.0,57.49131944444444,1,1
1775524980,3,23,1,4,adservice,0.0467619263802563,23.38096319012815,108359680.0,57.41102430555556,1,1
1775524920,3,22,1,4,cartservice,0.2606440281577314,65.16100703943285,170954752.0,127.3712158203125,2,2
1775524980,3,23,1,4,cartservice,0.2582670950423854,64.56677376059633,135098368.0,100.6561279296875,2,2
1775524920,3,22,1,4,checkoutservice,0.034196776890624184,34.19677689062418,21684224.0,32.31201171875,1,1
1775524980,3,23,1,4,checkoutservice,0.03347978034356938,33.47978034356938,21786624.0,32.464599609375,1,1
1775524920,3,22,1,4,currencyservice,0.3767558449067256,94.18896122668139,351227904.0,130.84259033203125,4,4
1775524980,3,23,1,4,currencyservice,0.3761885426014269,94.04713565035672,353296384.0,131.6131591796875,4,4
1775524920,3,22,1,4,emailservice,0.011552010651500277,11.552010651500275,46923776.0,69.921875,1,1
1775524980,3,23,1,4,emailservice,0.01256380403167476,12.563804031674758,46923776.0,69.921875,1,1
1775524920,3,22,1,4,paymentservice,0.007540518247672294,3.7702591238361465,249917440.0,186.2030029296875,2,2
1775524980,3,23,1,4,paymentservice,0.007738866356423605,3.869433178211802,251408384.0,187.3138427734375,2,2
1775524920,3,22,1,4,productcatalogservice,0.31783326722818156,105.94442240939384,53485568.0,26.566569010416668,3,3
1775524980,3,23,1,4,productcatalogservice,0.31738969755211666,105.79656585070553,52756480.0,26.204427083333332,3,3
1775524920,3,22,1,4,recommendationservice,0.4782795976239588,95.65591952479176,224153600.0,19.43359375,5,5
1775524980,3,23,1,4,recommendationservice,0.48252407349694443,96.50481469938889,224235520.0,19.440696022727273,5,5
1775524920,3,22,1,4,shippingservice,0.03173775277219362,31.737752772193623,19337216.0,28.814697265625,1,1
1775524980,3,23,1,4,shippingservice,0.0308210940409957,30.8210940409957,19693568.0,29.345703125,1,1
1775524980,3,23,1,4,frontend,0.8472894939199273,141.21491565332119,181301248.0,45.02665201822917,6,6
1775525040,3,24,1,4,frontend,0.8415979376392967,140.26632293988277,182071296.0,45.2178955078125,6,6
1775524980,3,23,1,4,adservice,0.0467619263802563,23.38096319012815,108359680.0,57.41102430555556,1,1
1775525040,3,24,1,4,adservice,0.04852916678211625,24.264583391058125,108302336.0,57.380642361111114,1,1
1775524980,3,23,1,4,cartservice,0.2582670950423854,64.56677376059633,135098368.0,100.6561279296875,2,2
1775525040,3,24,1,4,cartservice,0.2573469426653661,64.33673566634153,134582272.0,100.2716064453125,2,2
1775524980,3,23,1,4,checkoutservice,0.03347978034356938,33.47978034356938,21786624.0,32.464599609375,1,1
1775525040,3,24,1,4,checkoutservice,0.03502507783242751,35.025077832427506,21745664.0,32.403564453125,1,1
1775524980,3,23,1,4,currencyservice,0.3761885426014269,94.04713565035672,353296384.0,131.6131591796875,4,4
1775525040,3,24,1,4,currencyservice,0.3658557463666898,91.46393659167245,352890880.0,131.46209716796875,4,4
1775524980,3,23,1,4,emailservice,0.01256380403167476,12.563804031674758,46923776.0,69.921875,1,1
1775525040,3,24,1,4,emailservice,0.013116506631072769,13.116506631072768,46919680.0,69.915771484375,1,1
1775524980,3,23,1,4,paymentservice,0.007738866356423605,3.869433178211802,251408384.0,187.3138427734375,2,2
1775525040,3,24,1,4,paymentservice,0.008039379117745542,4.019689558872771,250933248.0,186.9598388671875,2,2
1775524980,3,23,1,4,productcatalogservice,0.31738969755211666,105.79656585070553,52756480.0,26.204427083333332,3,3
1775525040,3,24,1,4,productcatalogservice,0.34153483960281267,113.84494653427086,53760000.0,26.702880859375,3,3
1775524980,3,23,1,4,recommendationservice,0.48252407349694443,96.50481469938889,224235520.0,19.440696022727273,5,5
1775525040,3,24,1,4,recommendationservice,0.4987383306868467,99.74766613736934,224444416.0,19.458806818181817,5,5
1775524980,3,23,1,4,shippingservice,0.0308210940409957,30.8210940409957,19693568.0,29.345703125,1,1
1775525040,3,24,1,4,shippingservice,0.03174649520302588,31.746495203025876,19697664.0,29.351806640625,1,1
1775525040,3,24,1,4,frontend,0.8415979376392967,140.26632293988277,182071296.0,45.2178955078125,6,6
1775525100,3,25,1,4,frontend,0.8457282908467922,140.95471514113203,180994048.0,44.95035807291667,6,6
1775525040,3,24,1,4,adservice,0.04852916678211625,24.264583391058125,108302336.0,57.380642361111114,1,1
1775525100,3,25,1,4,adservice,0.04858468279496026,24.29234139748013,108302336.0,57.380642361111114,1,1
1775525040,3,24,1,4,cartservice,0.2573469426653661,64.33673566634153,134582272.0,100.2716064453125,2,2
1775525100,3,25,1,4,cartservice,0.2718887178924444,67.9721794731111,134594560.0,100.28076171875,2,2
1775525040,3,24,1,4,checkoutservice,0.03502507783242751,35.025077832427506,21745664.0,32.403564453125,1,1
1775525100,3,25,1,4,checkoutservice,0.03601989315829325,36.01989315829325,21782528.0,32.45849609375,1,1
1775525040,3,24,1,4,currencyservice,0.3658557463666898,91.46393659167245,352890880.0,131.46209716796875,4,4
1775525100,3,25,1,4,currencyservice,0.3853409812153918,96.33524530384794,356749312.0,132.89947509765625,4,4
1775525040,3,24,1,4,emailservice,0.013116506631072769,13.116506631072768,46919680.0,69.915771484375,1,1
1775525100,3,25,1,4,emailservice,0.013465308495839596,13.465308495839595,46923776.0,69.921875,1,1
1775525040,3,24,1,4,paymentservice,0.008039379117745542,4.019689558872771,250933248.0,186.9598388671875,2,2
1775525100,3,25,1,4,paymentservice,0.007796710873934314,3.8983554369671567,252411904.0,188.0615234375,2,2
1775525040,3,24,1,4,productcatalogservice,0.34153483960281267,113.84494653427086,53760000.0,26.702880859375,3,3
1775525100,3,25,1,4,productcatalogservice,0.3409946798320971,113.66489327736569,54300672.0,26.971435546875,3,3
1775525040,3,24,1,4,recommendationservice,0.4987383306868467,99.74766613736934,224444416.0,19.458806818181817,5,5
1775525100,3,25,1,4,recommendationservice,0.4892989019265873,97.85978038531746,223879168.0,19.409801136363637,5,5
1775525040,3,24,1,4,shippingservice,0.03174649520302588,31.746495203025876,19697664.0,29.351806640625,1,1
1775525100,3,25,1,4,shippingservice,0.032451261751615876,32.451261751615874,19730432.0,29.400634765625,1,1
1775525100,3,25,1,4,frontend,0.8457282908467922,140.95471514113203,180994048.0,44.95035807291667,6,6
1775525160,3,26,1,4,frontend,0.8485612422525242,141.426873708754,180109312.0,44.73063151041667,6,6
1775525100,3,25,1,4,adservice,0.04858468279496026,24.29234139748013,108302336.0,57.380642361111114,1,1
1775525160,3,26,1,4,adservice,0.04711635511584493,23.558177557922463,108417024.0,57.44140625000001,1,1
1775525100,3,25,1,4,cartservice,0.2718887178924444,45.31478631540739,134594560.0,66.85384114583334,3,3
1775525160,3,26,1,4,cartservice,0.29721051076359906,49.535085127266505,160243712.0,79.59391276041666,3,3
1775525100,3,25,1,4,checkoutservice,0.03601989315829325,36.01989315829325,21782528.0,32.45849609375,1,1
1775525160,3,26,1,4,checkoutservice,0.036671755495637996,36.671755495637996,21704704.0,32.342529296875,1,1
1775525100,3,25,1,4,currencyservice,0.3853409812153918,96.33524530384794,356749312.0,132.89947509765625,4,4
1775525160,3,26,1,4,currencyservice,0.3829939734804352,95.74849337010879,356315136.0,132.73773193359375,4,4
1775525100,3,25,1,4,emailservice,0.013465308495839596,13.465308495839595,46923776.0,69.921875,1,1
1775525160,3,26,1,4,emailservice,0.013735570874533662,13.735570874533662,46919680.0,69.915771484375,1,1
1775525100,3,25,1,4,paymentservice,0.007796710873934314,3.8983554369671567,252411904.0,188.0615234375,2,2
1775525160,3,26,1,4,paymentservice,0.008108237015366445,4.0541185076832225,252559360.0,188.17138671875,2,2
1775525100,3,25,1,4,productcatalogservice,0.3409946798320971,113.66489327736569,54300672.0,26.971435546875,3,3
1775525160,3,26,1,4,productcatalogservice,0.33704689257037995,112.34896419012664,53760000.0,26.702880859375,3,3
1775525100,3,25,1,4,recommendationservice,0.4892989019265873,97.85978038531746,223879168.0,19.409801136363637,5,5
1775525160,3,26,1,4,recommendationservice,0.4549766381752961,90.99532763505923,224313344.0,19.447443181818183,5,5
1775525100,3,25,1,4,shippingservice,0.032451261751615876,32.451261751615874,19730432.0,29.400634765625,1,1
1775525160,3,26,1,4,shippingservice,0.03186130254450215,31.861302544502152,19537920.0,29.11376953125,1,1
1775525160,3,26,1,4,frontend,0.8485612422525242,141.426873708754,180109312.0,44.73063151041667,6,6
1775525220,3,27,1,4,frontend,0.8610491310400371,143.50818850667284,180150272.0,44.74080403645833,6,6
1775525160,3,26,1,4,adservice,0.04711635511584493,23.558177557922463,108417024.0,57.44140625000001,1,1
1775525220,3,27,1,4,adservice,0.04820866816822581,24.104334084112907,108306432.0,57.3828125,1,1
1775525160,3,26,1,4,cartservice,0.29721051076359906,49.535085127266505,160243712.0,79.59391276041666,3,3
1775525220,3,27,1,4,cartservice,0.28601551373241957,47.66925228873659,165253120.0,82.08211263020834,3,3
1775525160,3,26,1,4,checkoutservice,0.036671755495637996,36.671755495637996,21704704.0,32.342529296875,1,1
1775525220,3,27,1,4,checkoutservice,0.035457427973598445,35.45742797359844,21962752.0,32.72705078125,1,1
1775525160,3,26,1,4,currencyservice,0.3829939734804352,95.74849337010879,356315136.0,132.73773193359375,4,4
1775525220,3,27,1,4,currencyservice,0.38195585396017556,95.48896349004389,357556224.0,133.2000732421875,4,4
1775525160,3,26,1,4,emailservice,0.013735570874533662,13.735570874533662,46919680.0,69.915771484375,1,1
1775525220,3,27,1,4,emailservice,0.013176042740091706,13.176042740091704,46923776.0,69.921875,1,1
1775525160,3,26,1,4,paymentservice,0.008108237015366445,4.0541185076832225,252559360.0,188.17138671875,2,2
1775525220,3,27,1,4,paymentservice,0.00804667322730589,4.023336613652945,253337600.0,188.751220703125,2,2
1775525160,3,26,1,4,productcatalogservice,0.33704689257037995,112.34896419012664,53760000.0,26.702880859375,3,3
1775525220,3,27,1,4,productcatalogservice,0.32442258493653525,108.14086164551173,54059008.0,26.851399739583332,3,3
1775525160,3,26,1,4,recommendationservice,0.4549766381752961,90.99532763505923,224313344.0,19.447443181818183,5,5
1775525220,3,27,1,4,recommendationservice,0.4898204010195804,97.96408020391608,223989760.0,19.419389204545453,5,5
1775525160,3,26,1,4,shippingservice,0.03186130254450215,31.861302544502152,19537920.0,29.11376953125,1,1
1775525220,3,27,1,4,shippingservice,0.03171228539004621,31.71228539004621,19755008.0,29.437255859375,1,1
1775525220,3,27,1,4,frontend,0.8610491310400371,143.50818850667284,180150272.0,44.74080403645833,6,6
1775525280,3,28,1,4,frontend,0.846755783845243,141.12596397420714,181063680.0,44.9676513671875,6,6
1775525220,3,27,1,4,adservice,0.04820866816822581,24.104334084112907,108306432.0,57.3828125,1,1
1775525280,3,28,1,4,adservice,0.048793073853937545,24.39653692696877,108343296.0,57.40234374999999,1,1
1775525220,3,27,1,4,cartservice,0.28601551373241957,47.66925228873659,165253120.0,82.08211263020834,3,3
1775525280,3,28,1,4,cartservice,0.2575591714736151,42.926528578935844,166195200.0,82.550048828125,3,3
1775525220,3,27,1,4,checkoutservice,0.035457427973598445,35.45742797359844,21962752.0,32.72705078125,1,1
1775525280,3,28,1,4,checkoutservice,0.0355225850401891,35.5225850401891,20836352.0,31.048583984375,1,1
1775525220,3,27,1,4,currencyservice,0.38195585396017556,95.48896349004389,357556224.0,133.2000732421875,4,4
1775525280,3,28,1,4,currencyservice,0.3797682829357594,94.94207073393986,359378944.0,133.87908935546875,4,4
1775525220,3,27,1,4,emailservice,0.013176042740091706,13.176042740091704,46923776.0,69.921875,1,1
1775525280,3,28,1,4,emailservice,0.013374016122280315,13.374016122280313,46919680.0,69.915771484375,1,1
1775525220,3,27,1,4,paymentservice,0.00804667322730589,4.023336613652945,253337600.0,188.751220703125,2,2
1775525280,3,28,1,4,paymentservice,0.007970906600071444,3.9854533000357217,254320640.0,189.483642578125,2,2
1775525220,3,27,1,4,productcatalogservice,0.32442258493653525,108.14086164551173,54059008.0,26.851399739583332,3,3
1775525280,3,28,1,4,productcatalogservice,0.33970978468710644,113.23659489570213,52473856.0,26.064046223958332,3,3
1775525220,3,27,1,4,recommendationservice,0.4898204010195804,97.96408020391608,223989760.0,19.419389204545453,5,5
1775525280,3,28,1,4,recommendationservice,0.48448040540626347,96.89608108125269,224296960.0,19.446022727272727,5,5
1775525220,3,27,1,4,shippingservice,0.03171228539004621,31.71228539004621,19755008.0,29.437255859375,1,1
1775525280,3,28,1,4,shippingservice,0.03185949216979125,31.859492169791242,19439616.0,28.96728515625,1,1
1775525280,3,28,1,4,frontend,0.846755783845243,141.12596397420714,181063680.0,44.9676513671875,6,6
1775525340,3,29,1,4,frontend,0.86529053355814,144.21508892635663,181264384.0,45.01749674479167,6,6
1775525280,3,28,1,4,adservice,0.048793073853937545,24.39653692696877,108343296.0,57.40234374999999,1,1
1775525340,3,29,1,4,adservice,0.04772665957445613,23.863329787228064,108347392.0,57.404513888888886,1,1
1775525280,3,28,1,4,cartservice,0.2575591714736151,42.926528578935844,166195200.0,82.550048828125,3,3
1775525340,3,29,1,4,cartservice,0.2516161354502128,41.93602257503546,167555072.0,83.22550455729166,3,3
1775525280,3,28,1,4,checkoutservice,0.0355225850401891,35.5225850401891,20836352.0,31.048583984375,1,1
1775525340,3,29,1,4,checkoutservice,0.034329918558575,34.329918558574995,21172224.0,31.549072265625,1,1
1775525280,3,28,1,4,currencyservice,0.3797682829357594,94.94207073393986,359378944.0,133.87908935546875,4,4
1775525340,3,29,1,4,currencyservice,0.3803077513042266,95.07693782605665,361422848.0,134.6405029296875,4,4
1775525280,3,28,1,4,emailservice,0.013374016122280315,13.374016122280313,46919680.0,69.915771484375,1,1
1775525340,3,29,1,4,emailservice,0.012433878956561454,12.433878956561454,46919680.0,69.915771484375,1,1
1775525280,3,28,1,4,paymentservice,0.007970906600071444,3.9854533000357217,254320640.0,189.483642578125,2,2
1775525340,3,29,1,4,paymentservice,0.007514400961841508,3.757200480920754,254382080.0,189.5294189453125,2,2
1775525280,3,28,1,4,productcatalogservice,0.33970978468710644,113.23659489570213,52473856.0,26.064046223958332,3,3
1775525340,3,29,1,4,productcatalogservice,0.34147498715580216,113.82499571860069,53923840.0,26.784261067708332,3,3
1775525280,3,28,1,4,recommendationservice,0.48448040540626347,96.89608108125269,224296960.0,19.446022727272727,5,5
1775525340,3,29,1,4,recommendationservice,0.47596271848045724,95.19254369609145,223895552.0,19.411221590909093,5,5
1775525280,3,28,1,4,shippingservice,0.03185949216979125,31.859492169791242,19439616.0,28.96728515625,1,1
1775525340,3,29,1,4,shippingservice,0.03207035035408839,32.07035035408838,18956288.0,28.2470703125,1,1
1775525340,3,29,1,4,frontend,0.86529053355814,144.21508892635663,181264384.0,45.01749674479167,6,6
1775525400,3,30,1,4,frontend,0.8726979507331337,145.44965845552227,180375552.0,44.7967529296875,6,6
1775525340,3,29,1,4,adservice,0.04772665957445613,23.863329787228064,108347392.0,57.404513888888886,1,1
1775525400,3,30,1,4,adservice,0.04887566539110568,24.43783269555284,108236800.0,57.345920138888886,1,1
1775525340,3,29,1,4,cartservice,0.2516161354502128,41.93602257503546,167555072.0,83.22550455729166,3,3
1775525400,3,30,1,4,cartservice,0.2565944226618936,42.76573711031559,169263104.0,84.07389322916666,3,3
1775525340,3,29,1,4,checkoutservice,0.034329918558575,34.329918558574995,21172224.0,31.549072265625,1,1
1775525400,3,30,1,4,checkoutservice,0.03303360307818427,33.03360307818427,21176320.0,31.55517578125,1,1
1775525340,3,29,1,4,currencyservice,0.3803077513042266,95.07693782605665,361422848.0,134.6405029296875,4,4
1775525400,3,30,1,4,currencyservice,0.3820094685292145,95.50236713230362,363020288.0,135.235595703125,4,4
1775525340,3,29,1,4,emailservice,0.012433878956561454,12.433878956561454,46919680.0,69.915771484375,1,1
1775525400,3,30,1,4,emailservice,0.012119422238539594,12.119422238539594,46923776.0,69.921875,1,1
1775525340,3,29,1,4,paymentservice,0.007514400961841508,3.757200480920754,254382080.0,189.5294189453125,2,2
1775525400,3,30,1,4,paymentservice,0.007624157803658179,3.8120789018290893,254869504.0,189.892578125,2,2
1775525340,3,29,1,4,productcatalogservice,0.34147498715580216,113.82499571860069,53923840.0,26.784261067708332,3,3
1775525400,3,30,1,4,productcatalogservice,0.31746678534770306,105.82226178256767,52850688.0,26.251220703125,3,3
1775525340,3,29,1,4,recommendationservice,0.47596271848045724,95.19254369609145,223895552.0,19.411221590909093,5,5
1775525400,3,30,1,4,recommendationservice,0.4809123848557495,96.1824769711499,224169984.0,19.435014204545453,5,5
1775525340,3,29,1,4,shippingservice,0.03207035035408839,32.07035035408838,18956288.0,28.2470703125,1,1
1775525400,3,30,1,4,shippingservice,0.0316845898879402,31.684589887940195,19542016.0,29.119873046875,1,1
1775525400,3,30,1,4,frontend,0.8726979507331337,145.44965845552227,180375552.0,44.7967529296875,6,6
1775525460,3,31,1,4,frontend,0.8521963231493624,142.03272052489373,181006336.0,44.95340983072917,6,6
1775525400,3,30,1,4,adservice,0.04887566539110568,24.43783269555284,108236800.0,57.345920138888886,1,1
1775525460,3,31,1,4,adservice,0.04884433532841759,24.422167664208793,108339200.0,57.400173611111114,1,1
1775525400,3,30,1,4,cartservice,0.2565944226618936,42.76573711031559,169263104.0,84.07389322916666,3,3
1775525460,3,31,1,4,cartservice,0.2401901726649057,40.03169544415094,170500096.0,84.68831380208334,3,3
1775525400,3,30,1,4,checkoutservice,0.03303360307818427,33.03360307818427,21176320.0,31.55517578125,1,1
1775525460,3,31,1,4,checkoutservice,0.02947375869959673,29.47375869959673,20844544.0,31.060791015625,1,1
1775525400,3,30,1,4,currencyservice,0.3820094685292145,95.50236713230362,363020288.0,135.235595703125,4,4
1775525460,3,31,1,4,currencyservice,0.3634022958292251,90.85057395730628,364093440.0,135.6353759765625,4,4
1775525400,3,30,1,4,emailservice,0.012119422238539594,12.119422238539594,46923776.0,69.921875,1,1
1775525460,3,31,1,4,emailservice,0.01195169082125631,11.95169082125631,46923776.0,69.921875,1,1
1775525400,3,30,1,4,paymentservice,0.007624157803658179,3.8120789018290893,254869504.0,189.892578125,2,2
1775525460,3,31,1,4,paymentservice,0.007471547333936541,3.73577366696827,256503808.0,191.1102294921875,2,2
1775525400,3,30,1,4,productcatalogservice,0.31746678534770306,105.82226178256767,52850688.0,26.251220703125,3,3
1775525460,3,31,1,4,productcatalogservice,0.33996051346159645,113.32017115386546,52994048.0,26.322428385416668,3,3
1775525400,3,30,1,4,recommendationservice,0.4809123848557495,96.1824769711499,224169984.0,19.435014204545453,5,5
1775525460,3,31,1,4,recommendationservice,0.48798439279113565,97.59687855822713,224313344.0,19.447443181818183,5,5
1775525400,3,30,1,4,shippingservice,0.0316845898879402,31.684589887940195,19542016.0,29.119873046875,1,1
1775525460,3,31,1,4,shippingservice,0.027724190876053784,27.724190876053783,19296256.0,28.753662109375,1,1
1775525460,3,31,1,4,frontend,0.8521963231493624,142.03272052489373,181006336.0,44.95340983072917,6,6
1775525520,3,32,1,4,frontend,0.8703515167726589,145.05858612877645,180969472.0,44.94425455729167,6,6
1775525460,3,31,1,4,adservice,0.04884433532841759,24.422167664208793,108339200.0,57.400173611111114,1,1
1775525520,3,32,1,4,adservice,0.048663973020564515,24.331986510282256,108285952.0,57.37196180555556,1,1
1775525460,3,31,1,4,cartservice,0.2401901726649057,40.03169544415094,170500096.0,84.68831380208334,3,3
1775525520,3,32,1,4,cartservice,0.2630094003578071,43.83490005963451,170962944.0,84.918212890625,3,3
1775525460,3,31,1,4,checkoutservice,0.02947375869959673,29.47375869959673,20844544.0,31.060791015625,1,1
1775525520,3,32,1,4,checkoutservice,0.03434130894491983,34.34130894491983,21557248.0,32.122802734375,1,1
1775525460,3,31,1,4,currencyservice,0.3634022958292251,90.85057395730628,364093440.0,135.6353759765625,4,4
1775525520,3,32,1,4,currencyservice,0.3788094553603807,94.70236384009517,365883392.0,136.30218505859375,4,4
1775525460,3,31,1,4,emailservice,0.01195169082125631,11.95169082125631,46923776.0,69.921875,1,1
1775525520,3,32,1,4,emailservice,0.01269808443199338,12.698084431993378,46923776.0,69.921875,1,1
1775525460,3,31,1,4,paymentservice,0.007471547333936541,3.73577366696827,256503808.0,191.1102294921875,2,2
1775525520,3,32,1,4,paymentservice,0.007517592977317572,3.758796488658786,256962560.0,191.4520263671875,2,2
1775525460,3,31,1,4,productcatalogservice,0.33996051346159645,113.32017115386546,52994048.0,26.322428385416668,3,3
1775525520,3,32,1,4,productcatalogservice,0.3397434952374905,113.24783174583015,53379072.0,26.513671875,3,3
1775525460,3,31,1,4,recommendationservice,0.48798439279113565,97.59687855822713,224313344.0,19.447443181818183,5,5
1775525520,3,32,1,4,recommendationservice,0.4938581102990219,98.77162205980437,224047104.0,19.424360795454547,5,5
1775525460,3,31,1,4,shippingservice,0.027724190876053784,27.724190876053783,19296256.0,28.753662109375,1,1
1775525520,3,32,1,4,shippingservice,0.030960621145709775,30.960621145709773,19685376.0,29.33349609375,1,1
1775525520,3,32,1,4,frontend,0.8703515167726589,145.05858612877645,180969472.0,44.94425455729167,6,6
1775525580,3,33,1,4,frontend,0.8683209536866232,144.7201589477705,180506624.0,44.82930501302083,6,6
1775525520,3,32,1,4,adservice,0.048663973020564515,24.331986510282256,108285952.0,57.37196180555556,1,1
1775525580,3,33,1,4,adservice,0.04837144920558413,24.185724602792064,108294144.0,57.37630208333333,1,1
1775525520,3,32,1,4,cartservice,0.2630094003578071,43.83490005963451,170962944.0,84.918212890625,3,3
1775525580,3,33,1,4,cartservice,0.24747063420201093,41.24510570033515,170504192.0,84.69034830729166,3,3
1775525520,3,32,1,4,checkoutservice,0.03434130894491983,34.34130894491983,21557248.0,32.122802734375,1,1
1775525580,3,33,1,4,checkoutservice,0.034172883868429406,34.1728838684294,21327872.0,31.781005859375,1,1
1775525520,3,32,1,4,currencyservice,0.3788094553603807,94.70236384009517,365883392.0,136.30218505859375,4,4
1775525580,3,33,1,4,currencyservice,0.3813142542694048,95.3285635673512,367095808.0,136.75384521484375,4,4
1775525520,3,32,1,4,emailservice,0.01269808443199338,12.698084431993378,46923776.0,69.921875,1,1
1775525580,3,33,1,4,emailservice,0.012761391322838378,12.761391322838378,46919680.0,69.915771484375,1,1
1775525520,3,32,1,4,paymentservice,0.007517592977317572,3.758796488658786,256962560.0,191.4520263671875,2,2
1775525580,3,33,1,4,paymentservice,0.010783785371637664,5.391892685818831,258351104.0,192.486572265625,2,2
1775525520,3,32,1,4,productcatalogservice,0.3397434952374905,113.24783174583015,53379072.0,26.513671875,3,3
1775525580,3,33,1,4,productcatalogservice,0.33927079988765196,113.09026662921731,54038528.0,26.841227213541668,3,3
1775525520,3,32,1,4,recommendationservice,0.4938581102990219,98.77162205980437,224047104.0,19.424360795454547,5,5
1775525580,3,33,1,4,recommendationservice,0.48022001337089393,96.04400267417878,224010240.0,19.421164772727273,5,5
1775525520,3,32,1,4,shippingservice,0.030960621145709775,30.960621145709773,19685376.0,29.33349609375,1,1
1775525580,3,33,1,4,shippingservice,0.031661830126709395,31.661830126709393,19714048.0,29.376220703125,1,1
1775525580,3,33,1,4,frontend,0.8683209536866232,144.7201589477705,180506624.0,44.82930501302083,6,6
1775525640,3,34,1,4,frontend,0.8604211814783725,143.4035302463954,180637696.0,44.86185709635417,6,6
1775525580,3,33,1,4,adservice,0.04837144920558413,24.185724602792064,108294144.0,57.37630208333333,1,1
1775525640,3,34,1,4,adservice,0.044138721659673384,22.06936082983669,108249088.0,57.35243055555556,1,1
1775525580,3,33,1,4,cartservice,0.24747063420201093,41.24510570033515,170504192.0,84.69034830729166,3,3
1775525640,3,34,1,4,cartservice,0.24491997897978082,40.819996496630125,170553344.0,84.71476236979166,3,3
1775525580,3,33,1,4,checkoutservice,0.034172883868429406,34.1728838684294,21327872.0,31.781005859375,1,1
1775525640,3,34,1,4,checkoutservice,0.038354458125248486,38.354458125248485,21094400.0,31.43310546875,1,1
1775525580,3,33,1,4,currencyservice,0.3813142542694048,95.3285635673512,367095808.0,136.75384521484375,4,4
1775525640,3,34,1,4,currencyservice,0.38422826623019285,96.05706655754821,368414720.0,137.24517822265625,4,4
1775525580,3,33,1,4,emailservice,0.012761391322838378,12.761391322838378,46919680.0,69.915771484375,1,1
1775525640,3,34,1,4,emailservice,0.01366731458766079,13.667314587660789,46919680.0,69.915771484375,1,1
1775525580,3,33,1,4,paymentservice,0.010783785371637664,5.391892685818831,258351104.0,192.486572265625,2,2
1775525640,3,34,1,4,paymentservice,0.012921248801633685,6.460624400816842,259371008.0,193.2464599609375,2,2
1775525580,3,33,1,4,productcatalogservice,0.33927079988765196,113.09026662921731,54038528.0,26.841227213541668,3,3
1775525640,3,34,1,4,productcatalogservice,0.3432070879613952,114.40236265379839,54284288.0,26.963297526041668,3,3
1775525580,3,33,1,4,recommendationservice,0.48022001337089393,96.04400267417878,224010240.0,19.421164772727273,5,5
1775525640,3,34,1,4,recommendationservice,0.47721388460408726,95.44277692081745,224096256.0,19.428622159090907,5,5
1775525580,3,33,1,4,shippingservice,0.031661830126709395,31.661830126709393,19714048.0,29.376220703125,1,1
1775525640,3,34,1,4,shippingservice,0.03234949834239352,32.34949834239352,19464192.0,29.00390625,1,1
1775525640,3,34,1,4,frontend,0.8604211814783725,143.4035302463954,180637696.0,44.86185709635417,6,6
1775525700,3,35,1,4,frontend,0.8684100547479581,144.73500912465965,180932608.0,44.93509928385417,6,6
1775525640,3,34,1,4,adservice,0.044138721659673384,22.06936082983669,108249088.0,57.35243055555556,1,1
1775525700,3,35,1,4,adservice,0.04843414407517043,24.217072037585215,108351488.0,57.40668402777778,1,1
1775525640,3,34,1,4,cartservice,0.24491997897978082,40.819996496630125,170553344.0,84.71476236979166,3,3
1775525700,3,35,1,4,cartservice,0.24385274569533827,40.642124282556374,170651648.0,84.76359049479166,3,3
1775525640,3,34,1,4,checkoutservice,0.038354458125248486,38.354458125248485,21094400.0,31.43310546875,1,1
1775525700,3,35,1,4,checkoutservice,0.03680259425935382,36.80259425935382,21389312.0,31.87255859375,1,1
1775525640,3,34,1,4,currencyservice,0.38422826623019285,96.05706655754821,368414720.0,137.24517822265625,4,4
1775525700,3,35,1,4,currencyservice,0.38160470422861026,95.40117605715255,369360896.0,137.59765625,4,4
1775525640,3,34,1,4,emailservice,0.01366731458766079,13.667314587660789,46919680.0,69.915771484375,1,1
1775525700,3,35,1,4,emailservice,0.013588651734904506,13.588651734904506,46923776.0,69.921875,1,1
1775525640,3,34,1,4,paymentservice,0.012921248801633685,6.460624400816842,259371008.0,193.2464599609375,2,2
1775525700,3,35,1,4,paymentservice,0.010523817306618825,5.261908653309413,260411392.0,194.0216064453125,2,2
1775525640,3,34,1,4,productcatalogservice,0.3432070879613952,114.40236265379839,54284288.0,26.963297526041668,3,3
1775525700,3,35,1,4,productcatalogservice,0.3453839680029905,115.12798933433015,53612544.0,26.629638671875,3,3
1775525640,3,34,1,4,recommendationservice,0.47721388460408726,95.44277692081745,224096256.0,19.428622159090907,5,5
1775525700,3,35,1,4,recommendationservice,0.4792305597091911,95.84611194183822,223920128.0,19.413352272727273,5,5
1775525640,3,34,1,4,shippingservice,0.03234949834239352,32.34949834239352,19464192.0,29.00390625,1,1
1775525700,3,35,1,4,shippingservice,0.03265904409679213,32.65904409679213,19726336.0,29.39453125,1,1
1775525700,3,35,1,4,frontend,0.8684100547479581,144.73500912465965,180932608.0,44.93509928385417,6,6
1775525760,3,36,1,4,frontend,0.8596153617644395,143.2692269607399,181207040.0,45.00325520833333,6,6
1775525700,3,35,1,4,adservice,0.04843414407517043,24.217072037585215,108351488.0,57.40668402777778,1,1
1775525760,3,36,1,4,adservice,0.048327071892174896,24.163535946087446,108388352.0,57.42621527777778,1,1
1775525700,3,35,1,4,cartservice,0.24385274569533827,40.642124282556374,170651648.0,84.76359049479166,3,3
1775525760,3,36,1,4,cartservice,0.24052788288921817,40.087980481536356,170799104.0,84.83683268229166,3,3
1775525700,3,35,1,4,checkoutservice,0.03680259425935382,36.80259425935382,21389312.0,31.87255859375,1,1
1775525760,3,36,1,4,checkoutservice,0.03484784676253838,34.84784676253838,21434368.0,31.939697265625,1,1
1775525700,3,35,1,4,currencyservice,0.38160470422861026,95.40117605715255,369360896.0,137.59765625,4,4
1775525760,3,36,1,4,currencyservice,0.3821597095028955,95.53992737572388,370544640.0,138.03863525390625,4,4
1775525700,3,35,1,4,emailservice,0.013588651734904506,13.588651734904506,46923776.0,69.921875,1,1
1775525760,3,36,1,4,emailservice,0.012608104039944864,12.608104039944863,46923776.0,69.921875,1,1
1775525700,3,35,1,4,paymentservice,0.010523817306618825,5.261908653309413,260411392.0,194.0216064453125,2,2
1775525760,3,36,1,4,paymentservice,0.008886127426698125,4.443063713349062,261234688.0,194.635009765625,2,2
1775525700,3,35,1,4,productcatalogservice,0.3453839680029905,115.12798933433015,53612544.0,26.629638671875,3,3
1775525760,3,36,1,4,productcatalogservice,0.34394185435584024,114.64728478528005,53907456.0,26.776123046875,3,3
1775525700,3,35,1,4,recommendationservice,0.4792305597091911,95.84611194183822,223920128.0,19.413352272727273,5,5
1775525760,3,36,1,4,recommendationservice,0.47746551747287447,95.4931034945749,224129024.0,19.431463068181817,5,5
1775525700,3,35,1,4,shippingservice,0.03265904409679213,32.65904409679213,19726336.0,29.39453125,1,1
1775525760,3,36,1,4,shippingservice,0.032508173981963685,32.50817398196369,19705856.0,29.364013671875,1,1
1775525760,3,36,1,4,frontend,0.8596153617644395,143.2692269607399,181207040.0,45.00325520833333,6,6
1775525820,3,37,1,4,frontend,0.856078806592881,142.6798010988135,179302400.0,44.53023274739583,6,6
1775525760,3,36,1,4,adservice,0.048327071892174896,24.163535946087446,108388352.0,57.42621527777778,1,1
1775525820,3,37,1,4,adservice,0.047833992411388845,23.91699620569442,108335104.0,57.39800347222223,1,1
1775525760,3,36,1,4,cartservice,0.24052788288921817,60.13197072230454,170799104.0,127.2552490234375,2,2
1775525820,3,37,1,4,cartservice,0.23555785804196072,58.88946451049017,171728896.0,127.947998046875,2,2
1775525760,3,36,1,4,checkoutservice,0.03484784676253838,34.84784676253838,21434368.0,31.939697265625,1,1
1775525820,3,37,1,4,checkoutservice,0.03366537477285315,33.66537477285315,21442560.0,31.951904296875,1,1
1775525760,3,36,1,4,currencyservice,0.3821597095028955,95.53992737572388,370544640.0,138.03863525390625,4,4
1775525820,3,37,1,4,currencyservice,0.3821256645381755,95.53141613454386,372768768.0,138.8671875,4,4
1775525760,3,36,1,4,emailservice,0.012608104039944864,12.608104039944863,46923776.0,69.921875,1,1
1775525820,3,37,1,4,emailservice,0.012651356295795446,12.651356295795447,46923776.0,69.921875,1,1
1775525760,3,36,1,4,paymentservice,0.008886127426698125,4.443063713349062,261234688.0,194.635009765625,2,2
1775525820,3,37,1,4,paymentservice,0.00818766730055673,4.0938336502783645,262000640.0,195.2056884765625,2,2
1775525760,3,36,1,4,productcatalogservice,0.34394185435584024,114.64728478528005,53907456.0,26.776123046875,3,3
1775525820,3,37,1,4,productcatalogservice,0.3420245318694476,114.00817728981585,54161408.0,26.902262369791668,3,3
1775525760,3,36,1,4,recommendationservice,0.47746551747287447,95.4931034945749,224129024.0,19.431463068181817,5,5
1775525820,3,37,1,4,recommendationservice,0.4922361221620583,98.44722443241166,224096256.0,19.428622159090907,5,5
1775525760,3,36,1,4,shippingservice,0.032508173981963685,32.50817398196369,19705856.0,29.364013671875,1,1
1775525820,3,37,1,4,shippingservice,0.03209203159073577,32.09203159073577,19423232.0,28.94287109375,1,1
1775525820,3,37,1,4,frontend,0.856078806592881,142.6798010988135,179302400.0,44.53023274739583,6,6
1775525880,3,38,1,4,frontend,0.8650040964001051,144.16734940001749,180895744.0,44.92594401041667,6,6
1775525820,3,37,1,4,adservice,0.047833992411388845,23.91699620569442,108335104.0,57.39800347222223,1,1
1775525880,3,38,1,4,adservice,0.048172270829475415,24.086135414737704,108302336.0,57.380642361111114,1,1
1775525820,3,37,1,4,cartservice,0.23555785804196072,58.88946451049017,171728896.0,127.947998046875,2,2
1775525880,3,38,1,4,cartservice,0.2508774938989337,62.719373474733416,135344128.0,100.8392333984375,2,2
1775525820,3,37,1,4,checkoutservice,0.03366537477285315,33.66537477285315,21442560.0,31.951904296875,1,1
1775525880,3,38,1,4,checkoutservice,0.03666956034724249,36.66956034724249,21626880.0,32.2265625,1,1
1775525820,3,37,1,4,currencyservice,0.3821256645381755,95.53141613454386,372768768.0,138.8671875,4,4
1775525880,3,38,1,4,currencyservice,0.3651664499530926,91.29161248827315,373653504.0,139.19677734375,4,4
1775525820,3,37,1,4,emailservice,0.012651356295795446,12.651356295795447,46923776.0,69.921875,1,1
1775525880,3,38,1,4,emailservice,0.013254974251940412,13.25497425194041,46919680.0,69.915771484375,1,1
1775525820,3,37,1,4,paymentservice,0.00818766730055673,4.0938336502783645,262000640.0,195.2056884765625,2,2
1775525880,3,38,1,4,paymentservice,0.007867088647338084,3.9335443236690413,262008832.0,195.2117919921875,2,2
1775525820,3,37,1,4,productcatalogservice,0.3420245318694476,114.00817728981585,54161408.0,26.902262369791668,3,3
1775525880,3,38,1,4,productcatalogservice,0.3407561980397373,113.58539934657908,54083584.0,26.863606770833332,3,3
1775525820,3,37,1,4,recommendationservice,0.4922361221620583,98.44722443241166,224096256.0,19.428622159090907,5,5
1775525880,3,38,1,4,recommendationservice,0.4851488693696229,97.02977387392458,223793152.0,19.40234375,5,5
1775525820,3,37,1,4,shippingservice,0.03209203159073577,32.09203159073577,19423232.0,28.94287109375,1,1
1775525880,3,38,1,4,shippingservice,0.03234275900782054,32.34275900782054,19324928.0,28.79638671875,1,1
1775525880,3,38,1,4,frontend,0.8650040964001051,144.16734940001749,180895744.0,44.92594401041667,6,6
1775525940,3,39,1,4,frontend,0.8676176008968571,144.6029334828095,180764672.0,44.89339192708333,6,6
1775525880,3,38,1,4,adservice,0.048172270829475415,24.086135414737704,108302336.0,57.380642361111114,1,1
1775525940,3,39,1,4,adservice,0.049409691137992436,24.704845568996216,108240896.0,57.34809027777777,1,1
1775525880,3,38,1,4,cartservice,0.2508774938989337,62.719373474733416,135344128.0,100.8392333984375,2,2
1775525940,3,39,1,4,cartservice,0.25235003667435063,63.08750916858765,134549504.0,100.2471923828125,2,2
1775525880,3,38,1,4,checkoutservice,0.03666956034724249,36.66956034724249,21626880.0,32.2265625,1,1
1775525940,3,39,1,4,checkoutservice,0.03725180037265735,37.25180037265735,22212608.0,33.099365234375,1,1
1775525880,3,38,1,4,currencyservice,0.3651664499530926,91.29161248827315,373653504.0,139.19677734375,4,4
1775525940,3,39,1,4,currencyservice,0.379664690647924,94.91617266198101,374792192.0,139.6209716796875,4,4
1775525880,3,38,1,4,emailservice,0.013254974251940412,13.25497425194041,46919680.0,69.915771484375,1,1
1775525940,3,39,1,4,emailservice,0.012461988733219173,12.461988733219172,46919680.0,69.915771484375,1,1
1775525880,3,38,1,4,paymentservice,0.007867088647338084,3.9335443236690413,262008832.0,195.2117919921875,2,2
1775525940,3,39,1,4,paymentservice,0.0080157169376345,4.00785846881725,262668288.0,195.703125,2,2
1775525880,3,38,1,4,productcatalogservice,0.3407561980397373,113.58539934657908,54083584.0,26.863606770833332,3,3
1775525940,3,39,1,4,productcatalogservice,0.34369394112017904,114.56464704005967,53993472.0,26.81884765625,3,3
1775525880,3,38,1,4,recommendationservice,0.4851488693696229,97.02977387392458,223793152.0,19.40234375,5,5
1775525940,3,39,1,4,recommendationservice,0.46537033132527633,93.07406626505527,224083968.0,19.427556818181817,5,5
1775525880,3,38,1,4,shippingservice,0.03234275900782054,32.34275900782054,19324928.0,28.79638671875,1,1
1775525940,3,39,1,4,shippingservice,0.03274214075982882,32.74214075982882,19959808.0,29.742431640625,1,1
1775525940,3,39,1,4,frontend,0.8676176008968571,144.6029334828095,180764672.0,44.89339192708333,6,6
1775526000,3,40,1,4,frontend,0.8840399242431557,147.33998737385926,180408320.0,44.80489095052083,6,6
1775525940,3,39,1,4,adservice,0.049409691137992436,24.704845568996216,108240896.0,57.34809027777777,1,1
1775526000,3,40,1,4,adservice,0.049204757942573375,24.602378971286686,108335104.0,57.39800347222223,1,1
1775525940,3,39,1,4,cartservice,0.25235003667435063,63.08750916858765,134549504.0,100.2471923828125,2,2
1775526000,3,40,1,4,cartservice,0.25263480120098136,63.15870030024534,134635520.0,100.311279296875,2,2
1775525940,3,39,1,4,checkoutservice,0.03725180037265735,37.25180037265735,22212608.0,33.099365234375,1,1
1775526000,3,40,1,4,checkoutservice,0.031177046290958427,31.177046290958426,21561344.0,32.12890625,1,1
1775525940,3,39,1,4,currencyservice,0.379664690647924,94.91617266198101,374792192.0,139.6209716796875,4,4
1775526000,3,40,1,4,currencyservice,0.3814372756909652,95.3593189227413,376619008.0,140.301513671875,4,4
1775525940,3,39,1,4,emailservice,0.012461988733219173,12.461988733219172,46919680.0,69.915771484375,1,1
1775526000,3,40,1,4,emailservice,0.01276875940886118,12.76875940886118,46919680.0,69.915771484375,1,1
1775525940,3,39,1,4,paymentservice,0.0080157169376345,4.00785846881725,262668288.0,195.703125,2,2
1775526000,3,40,1,4,paymentservice,0.007380210052505655,3.6901050262528274,263458816.0,196.2921142578125,2,2
1775525940,3,39,1,4,productcatalogservice,0.34369394112017904,114.56464704005967,53993472.0,26.81884765625,3,3
1775526000,3,40,1,4,productcatalogservice,0.34457191925867436,114.85730641955811,53690368.0,26.668294270833332,3,3
1775525940,3,39,1,4,recommendationservice,0.46537033132527633,93.07406626505527,224083968.0,19.427556818181817,5,5
1775526000,3,40,1,4,recommendationservice,0.47629077285594607,95.25815457118921,224079872.0,19.427201704545453,5,5
1775525940,3,39,1,4,shippingservice,0.03274214075982882,32.74214075982882,19959808.0,29.742431640625,1,1
1775526000,3,40,1,4,shippingservice,0.031626407047164046,31.626407047164047,19423232.0,28.94287109375,1,1
1775526000,3,40,1,4,frontend,0.8840399242431557,147.33998737385926,180408320.0,44.80489095052083,6,6
1775526060,3,41,1,4,frontend,0.8772762546469751,146.21270910782917,183037952.0,45.45796712239583,6,6
1775526000,3,40,1,4,adservice,0.049204757942573375,24.602378971286686,108335104.0,57.39800347222223,1,1
1775526060,3,41,1,4,adservice,0.04904736693207004,24.52368346603502,108392448.0,57.42838541666667,1,1
1775526000,3,40,1,4,cartservice,0.25263480120098136,63.15870030024534,134635520.0,100.311279296875,2,2
1775526060,3,41,1,4,cartservice,0.25500850705146927,63.75212676286731,134586368.0,100.274658203125,2,2
1775526000,3,40,1,4,checkoutservice,0.031177046290958427,31.177046290958426,21561344.0,32.12890625,1,1
1775526060,3,41,1,4,checkoutservice,0.030482347853436294,30.48234785343629,21381120.0,31.8603515625,1,1
1775526000,3,40,1,4,currencyservice,0.3814372756909652,95.3593189227413,376619008.0,140.301513671875,4,4
1775526060,3,41,1,4,currencyservice,0.3807886199843735,95.19715499609337,378486784.0,140.997314453125,4,4
1775526000,3,40,1,4,emailservice,0.01276875940886118,12.76875940886118,46919680.0,69.915771484375,1,1
1775526060,3,41,1,4,emailservice,0.011755935998032296,11.755935998032294,46923776.0,69.921875,1,1
1775526000,3,40,1,4,paymentservice,0.007380210052505655,3.6901050262528274,263458816.0,196.2921142578125,2,2
1775526060,3,41,1,4,paymentservice,0.0070275533920953655,3.5137766960476826,264421376.0,197.00927734375,2,2
1775526000,3,40,1,4,productcatalogservice,0.34457191925867436,114.85730641955811,53690368.0,26.668294270833332,3,3
1775526060,3,41,1,4,productcatalogservice,0.3432094560024902,114.40315200083005,53964800.0,26.804606119791668,3,3
1775526000,3,40,1,4,recommendationservice,0.47629077285594607,95.25815457118921,224079872.0,19.427201704545453,5,5
1775526060,3,41,1,4,recommendationservice,0.48391714505162464,96.78342901032492,223895552.0,19.411221590909093,5,5
1775526000,3,40,1,4,shippingservice,0.031626407047164046,31.626407047164047,19423232.0,28.94287109375,1,1
1775526060,3,41,1,4,shippingservice,0.030239880862894905,30.239880862894903,19693568.0,29.345703125,1,1
1775526060,3,41,1,4,frontend,0.8772762546469751,146.21270910782917,183037952.0,45.45796712239583,6,6
1775526120,3,42,1,4,frontend,0.8551475497061319,142.52459161768866,181997568.0,45.1995849609375,6,6
1775526060,3,41,1,4,adservice,0.04904736693207004,24.52368346603502,108392448.0,57.42838541666667,1,1
1775526120,3,42,1,4,adservice,0.04794657799831485,23.973288999157425,108339200.0,57.400173611111114,1,1
1775526060,3,41,1,4,cartservice,0.25500850705146927,63.75212676286731,134586368.0,100.274658203125,2,2
1775526120,3,42,1,4,cartservice,0.22814666177214987,57.03666544303746,134619136.0,100.299072265625,2,2
1775526060,3,41,1,4,checkoutservice,0.030482347853436294,30.48234785343629,21381120.0,31.8603515625,1,1
1775526120,3,42,1,4,checkoutservice,0.032114420860665835,32.11442086066583,21651456.0,32.26318359375,1,1
1775526060,3,41,1,4,currencyservice,0.3807886199843735,95.19715499609337,378486784.0,140.997314453125,4,4
1775526120,3,42,1,4,currencyservice,0.382669180209223,95.66729505230576,380481536.0,141.74041748046875,4,4
1775526060,3,41,1,4,emailservice,0.011755935998032296,11.755935998032294,46923776.0,69.921875,1,1
1775526120,3,42,1,4,emailservice,0.012638127210064288,12.638127210064287,46911488.0,69.903564453125,1,1
1775526060,3,41,1,4,paymentservice,0.0070275533920953655,3.5137766960476826,264421376.0,197.00927734375,2,2
1775526120,3,42,1,4,paymentservice,0.007517467847574434,3.7587339237872173,264257536.0,196.88720703125,2,2
1775526060,3,41,1,4,productcatalogservice,0.3432094560024902,114.40315200083005,53964800.0,26.804606119791668,3,3
1775526120,3,42,1,4,productcatalogservice,0.3426647439567806,114.22158131892685,53968896.0,26.806640625,3,3
1775526060,3,41,1,4,recommendationservice,0.48391714505162464,96.78342901032492,223895552.0,19.411221590909093,5,5
1775526120,3,42,1,4,recommendationservice,0.4805690704331739,96.11381408663478,224342016.0,19.449928977272727,5,5
1775526060,3,41,1,4,shippingservice,0.030239880862894905,30.239880862894903,19693568.0,29.345703125,1,1
1775526120,3,42,1,4,shippingservice,0.03149812671717763,31.498126717177627,19628032.0,29.248046875,1,1
1775526120,3,42,1,4,frontend,0.8551475497061319,142.52459161768866,181997568.0,45.1995849609375,6,6
1775526180,3,43,1,4,frontend,0.8803664196052206,146.72773660087006,181907456.0,45.17720540364583,6,6
1775526120,3,42,1,4,adservice,0.04794657799831485,23.973288999157425,108339200.0,57.400173611111114,1,1
1775526180,3,43,1,4,adservice,0.0488275374111329,24.41376870556645,108232704.0,57.34375000000001,1,1
1775526120,3,42,1,4,cartservice,0.22814666177214987,38.02444362869164,134619136.0,66.86604817708334,3,2
1775526180,3,43,1,4,cartservice,0.2545406259490351,42.42343765817251,134565888.0,66.839599609375,3,2
1775526120,3,42,1,4,checkoutservice,0.032114420860665835,32.11442086066583,21651456.0,32.26318359375,1,1
1775526180,3,43,1,4,checkoutservice,0.03569025798999402,35.690257989994016,21553152.0,32.11669921875,1,1
1775526120,3,42,1,4,currencyservice,0.382669180209223,95.66729505230576,380481536.0,141.74041748046875,4,4
1775526180,3,43,1,4,currencyservice,0.3844200396102673,96.10500990256682,381796352.0,142.230224609375,4,4
1775526120,3,42,1,4,emailservice,0.012638127210064288,12.638127210064287,46911488.0,69.903564453125,1,1
1775526180,3,43,1,4,emailservice,0.013345206581416913,13.345206581416914,46923776.0,69.921875,1,1
1775526120,3,42,1,4,paymentservice,0.007517467847574434,3.7587339237872173,264257536.0,196.88720703125,2,2
1775526180,3,43,1,4,paymentservice,0.008147678625915,4.0738393129575,265162752.0,197.5616455078125,2,2
1775526120,3,42,1,4,productcatalogservice,0.3426647439567806,114.22158131892685,53968896.0,26.806640625,3,3
1775526180,3,43,1,4,productcatalogservice,0.33039278634652897,110.1309287821763,53477376.0,26.5625,3,3
1775526120,3,42,1,4,recommendationservice,0.4805690704331739,96.11381408663478,224342016.0,19.449928977272727,5,5
1775526180,3,43,1,4,recommendationservice,0.4864083720351133,97.28167440702265,224055296.0,19.425071022727273,5,5
1775526120,3,42,1,4,shippingservice,0.03149812671717763,31.498126717177627,19628032.0,29.248046875,1,1
1775526180,3,43,1,4,shippingservice,0.03315845389174312,33.158453891743115,19599360.0,29.205322265625,1,1
1775526180,3,43,1,4,frontend,0.8803664196052206,146.72773660087006,181907456.0,45.17720540364583,6,6
1775526240,3,44,1,4,frontend,0.8232958761144908,137.2159793524151,176259072.0,43.7744140625,6,6
1775526180,3,43,1,4,adservice,0.0488275374111329,24.41376870556645,108232704.0,57.34375000000001,1,1
1775526240,3,44,1,4,adservice,0.047199050371213296,23.599525185606645,108351488.0,57.40668402777778,1,1
1775526180,3,43,1,4,cartservice,0.2545406259490351,42.42343765817251,134565888.0,66.839599609375,3,3
1775526240,3,44,1,4,cartservice,0.2715290746524194,45.254845775403226,159551488.0,79.25008138020834,3,3
1775526180,3,43,1,4,checkoutservice,0.03569025798999402,35.690257989994016,21553152.0,32.11669921875,1,1
1775526240,3,44,1,4,checkoutservice,0.033056740125162555,33.056740125162555,21852160.0,32.562255859375,1,1
1775526180,3,43,1,4,currencyservice,0.3844200396102673,96.10500990256682,381796352.0,142.230224609375,4,4
1775526240,3,44,1,4,currencyservice,0.3759267094602117,93.98167736505293,383696896.0,142.938232421875,4,4
1775526180,3,43,1,4,emailservice,0.013345206581416913,13.345206581416914,46923776.0,69.921875,1,1
1775526240,3,44,1,4,emailservice,0.011744333574563637,11.744333574563637,46923776.0,69.921875,1,1
1775526180,3,43,1,4,paymentservice,0.008147678625915,4.0738393129575,265162752.0,197.5616455078125,2,2
1775526240,3,44,1,4,paymentservice,0.01861978756249357,9.309893781246785,149860352.0,111.6546630859375,2,2
1775526180,3,43,1,4,productcatalogservice,0.33039278634652897,110.1309287821763,53477376.0,26.5625,3,3
1775526240,3,44,1,4,productcatalogservice,0.33355753730748156,111.18584576916051,53653504.0,26.649983723958332,3,3
1775526180,3,43,1,4,recommendationservice,0.4864083720351133,97.28167440702265,224055296.0,19.425071022727273,5,5
1775526240,3,44,1,4,recommendationservice,0.4651728735774564,93.03457471549127,224313344.0,19.447443181818183,5,5
1775526180,3,43,1,4,shippingservice,0.03315845389174312,33.158453891743115,19599360.0,29.205322265625,1,1
1775526240,3,44,1,4,shippingservice,0.030678952981953007,30.678952981953007,19673088.0,29.315185546875,1,1
1775526240,3,44,1,4,frontend,0.8232958761144908,137.2159793524151,176259072.0,43.7744140625,6,6
1775526300,3,45,1,4,frontend,0.8303119690167988,138.38532816946645,176439296.0,43.81917317708333,6,6
1775526240,3,44,1,4,adservice,0.047199050371213296,23.599525185606645,108351488.0,57.40668402777778,1,1
1775526300,3,45,1,4,adservice,0.04661356179732893,23.306780898664464,108232704.0,57.34375000000001,1,1
1775526240,3,44,1,4,cartservice,0.2715290746524194,45.254845775403226,159551488.0,79.25008138020834,3,3
1775526300,3,45,1,4,cartservice,0.26607375371087255,44.34562561847875,166584320.0,82.74332682291666,3,3
1775526240,3,44,1,4,checkoutservice,0.033056740125162555,33.056740125162555,21852160.0,32.562255859375,1,1
1775526300,3,45,1,4,checkoutservice,0.032592984032031376,32.592984032031374,21483520.0,32.012939453125,1,1
1775526240,3,44,1,4,currencyservice,0.3759267094602117,93.98167736505293,383696896.0,142.938232421875,4,4
1775526300,3,45,1,4,currencyservice,0.37524759626131343,93.81189906532835,385499136.0,143.609619140625,4,4
1775526240,3,44,1,4,emailservice,0.011744333574563637,11.744333574563637,46923776.0,69.921875,1,1
1775526300,3,45,1,4,emailservice,0.012210246830297939,12.210246830297939,46911488.0,69.903564453125,1,1
1775526240,3,44,1,4,paymentservice,0.01861978756249357,9.309893781246785,149860352.0,111.6546630859375,2,2
1775526300,3,45,1,4,paymentservice,0.022952047991108674,11.476023995554337,145309696.0,108.26416015625,2,2
1775526240,3,44,1,4,productcatalogservice,0.33355753730748156,111.18584576916051,53653504.0,26.649983723958332,3,3
1775526300,3,45,1,4,productcatalogservice,0.33295923214934814,110.98641071644937,53415936.0,26.531982421875,3,3
1775526240,3,44,1,4,recommendationservice,0.4651728735774564,93.03457471549127,224313344.0,19.447443181818183,5,5
1775526300,3,45,1,4,recommendationservice,0.46189433138714786,92.37886627742957,224378880.0,19.453125,5,5
1775526240,3,44,1,4,shippingservice,0.030678952981953007,30.678952981953007,19673088.0,29.315185546875,1,1
1775526300,3,45,1,4,shippingservice,0.029978329879861442,29.97832987986144,19390464.0,28.89404296875,1,1
1775526300,3,45,1,4,frontend,0.8303119690167988,138.38532816946645,176439296.0,43.81917317708333,6,6
1775526360,3,46,1,4,frontend,0.8371012949211598,139.51688248685994,175517696.0,43.59029134114583,6,6
1775526300,3,45,1,4,adservice,0.04661356179732893,23.306780898664464,108232704.0,57.34375000000001,1,1
1775526360,3,46,1,4,adservice,0.04590432391857241,22.952161959286205,108400640.0,57.43272569444444,1,1
1775526300,3,45,1,4,cartservice,0.26607375371087255,44.34562561847875,166584320.0,82.74332682291666,3,3
1775526360,3,46,1,4,cartservice,0.25104128520197977,41.84021420032995,167444480.0,83.17057291666666,3,3
1775526300,3,45,1,4,checkoutservice,0.032592984032031376,32.592984032031374,21483520.0,32.012939453125,1,1
1775526360,3,46,1,4,checkoutservice,0.03278478542928802,32.784785429288014,21483520.0,32.012939453125,1,1
1775526300,3,45,1,4,currencyservice,0.37524759626131343,93.81189906532835,385499136.0,143.609619140625,4,4
1775526360,3,46,1,4,currencyservice,0.354655695898824,88.663923974706,385568768.0,143.63555908203125,4,4
1775526300,3,45,1,4,emailservice,0.012210246830297939,12.210246830297939,46911488.0,69.903564453125,1,1
1775526360,3,46,1,4,emailservice,0.012200488326255076,12.200488326255075,46923776.0,69.921875,1,1
1775526300,3,45,1,4,paymentservice,0.022952047991108674,11.476023995554337,145309696.0,108.26416015625,2,1
1775526360,3,46,1,4,paymentservice,0.012222806774270649,6.111403387135324,148451328.0,110.6048583984375,2,1
1775526300,3,45,1,4,productcatalogservice,0.33295923214934814,110.98641071644937,53415936.0,26.531982421875,3,3
1775526360,3,46,1,4,productcatalogservice,0.33529158168861095,111.7638605628703,54235136.0,26.938883463541668,3,3
1775526300,3,45,1,4,recommendationservice,0.46189433138714786,92.37886627742957,224378880.0,19.453125,5,5
1775526360,3,46,1,4,recommendationservice,0.45990646011219843,91.98129202243969,224157696.0,19.433948863636363,5,5
1775526300,3,45,1,4,shippingservice,0.029978329879861442,29.97832987986144,19390464.0,28.89404296875,1,1
1775526360,3,46,1,4,shippingservice,0.030836568843979846,30.836568843979844,19406848.0,28.91845703125,1,1
1775526360,3,46,1,4,frontend,0.8371012949211598,139.51688248685994,175517696.0,43.59029134114583,6,6
1775526420,3,47,1,4,frontend,0.8638239093788158,143.97065156313596,178733056.0,44.38883463541667,6,6
1775526360,3,46,1,4,adservice,0.04590432391857241,22.952161959286205,108400640.0,57.43272569444444,1,1
1775526420,3,47,1,4,adservice,0.043329464086147455,21.664732043073727,108232704.0,57.34375000000001,1,1
1775526360,3,46,1,4,cartservice,0.25104128520197977,41.84021420032995,167444480.0,83.17057291666666,3,3
1775526420,3,47,1,4,cartservice,0.2538731099178094,42.31218498630157,168517632.0,83.70361328125,3,3
1775526360,3,46,1,4,checkoutservice,0.03278478542928802,32.784785429288014,21483520.0,32.012939453125,1,1
1775526420,3,47,1,4,checkoutservice,0.030981332874005098,30.981332874005098,21463040.0,31.982421875,1,1
1775526360,3,46,1,4,currencyservice,0.354655695898824,88.663923974706,385568768.0,143.63555908203125,4,4
1775526420,3,47,1,4,currencyservice,0.345475260611686,86.3688151529215,388608000.0,144.76776123046875,4,4
1775526360,3,46,1,4,emailservice,0.012200488326255076,12.200488326255075,46923776.0,69.921875,1,1
1775526420,3,47,1,4,emailservice,0.01160194684671108,11.60194684671108,46915584.0,69.90966796875,1,1
1775526360,3,46,1,4,paymentservice,0.012222806774270649,6.111403387135324,148451328.0,110.6048583984375,2,2
1775526420,3,47,1,4,paymentservice,0.023421654857476264,11.710827428738131,34226176.0,25.50048828125,2,2
1775526360,3,46,1,4,productcatalogservice,0.33529158168861095,111.7638605628703,54235136.0,26.938883463541668,3,3
1775526420,3,47,1,4,productcatalogservice,0.3298408891682585,109.94696305608616,52977664.0,26.314290364583332,3,3
1775526360,3,46,1,4,recommendationservice,0.45990646011219843,91.98129202243969,224157696.0,19.433948863636363,5,5
1775526420,3,47,1,4,recommendationservice,0.48539373776738337,97.07874755347667,224407552.0,19.455610795454543,5,5
1775526360,3,46,1,4,shippingservice,0.030836568843979846,30.836568843979844,19406848.0,28.91845703125,1,1
1775526420,3,47,1,4,shippingservice,0.03216477856907776,32.16477856907776,20307968.0,30.26123046875,1,1
1775526420,3,47,1,4,frontend,0.8638239093788158,143.97065156313596,178733056.0,44.38883463541667,6,6
1775526480,3,48,1,4,frontend,0.8736354272414342,145.605904540239,178266112.0,44.27286783854167,6,6
1775526420,3,47,1,4,adservice,0.043329464086147455,21.664732043073727,108232704.0,57.34375000000001,1,1
1775526480,3,48,1,4,adservice,0.04903903041055139,24.519515205275695,108236800.0,57.345920138888886,1,1
1775526420,3,47,1,4,cartservice,0.2538731099178094,42.31218498630157,168517632.0,83.70361328125,3,3
1775526480,3,48,1,4,cartservice,0.25169268273306883,41.94878045551146,170237952.0,84.55810546875,3,3
1775526420,3,47,1,4,checkoutservice,0.030981332874005098,30.981332874005098,21463040.0,31.982421875,1,1
1775526480,3,48,1,4,checkoutservice,0.034063531255409375,34.06353125540937,21483520.0,32.012939453125,1,1
1775526420,3,47,1,4,currencyservice,0.345475260611686,86.3688151529215,388608000.0,144.76776123046875,4,4
1775526480,3,48,1,4,currencyservice,0.38625290599273043,96.56322649818262,393228288.0,146.48895263671875,4,4
1775526420,3,47,1,4,emailservice,0.01160194684671108,11.60194684671108,46915584.0,69.90966796875,1,1
1775526480,3,48,1,4,emailservice,0.013022749642318492,13.022749642318491,46919680.0,69.915771484375,1,1
1775526420,3,47,1,4,paymentservice,0.023421654857476264,11.710827428738131,34226176.0,25.50048828125,2,2
1775526480,3,48,1,4,paymentservice,0.018130495061767858,9.065247530883928,32493568.0,24.2095947265625,2,2
1775526420,3,47,1,4,productcatalogservice,0.3298408891682585,109.94696305608616,52977664.0,26.314290364583332,3,3
1775526480,3,48,1,4,productcatalogservice,0.34756234084684806,115.854113615616,53374976.0,26.511637369791668,3,3
1775526420,3,47,1,4,recommendationservice,0.48539373776738337,97.07874755347667,224407552.0,19.455610795454543,5,5
1775526480,3,48,1,4,recommendationservice,0.49220287512637073,98.44057502527414,224268288.0,19.44353693181818,5,5
1775526420,3,47,1,4,shippingservice,0.03216477856907776,32.16477856907776,20307968.0,30.26123046875,1,1
1775526480,3,48,1,4,shippingservice,0.029453168256518412,29.45316825651841,19476480.0,29.022216796875,1,1
1775526480,3,48,1,4,frontend,0.8736354272414342,145.605904540239,178266112.0,44.27286783854167,6,6
1775526540,3,49,1,4,frontend,0.7758323834923955,129.30539724873256,183074816.0,45.46712239583333,6,6
1775526480,3,48,1,4,adservice,0.04903903041055139,24.519515205275695,108236800.0,57.345920138888886,1,1
1775526540,3,49,1,4,adservice,0.043916320020425996,21.958160010212996,108290048.0,57.37413194444444,1,1
1775526480,3,48,1,4,cartservice,0.25169268273306883,41.94878045551146,170237952.0,84.55810546875,3,3
1775526540,3,49,1,4,cartservice,0.2572375950859214,42.87293251432023,174747648.0,86.798095703125,3,3
1775526480,3,48,1,4,checkoutservice,0.034063531255409375,34.06353125540937,21483520.0,32.012939453125,1,1
1775526540,3,49,1,4,checkoutservice,0.03313584295923337,33.13584295923337,21692416.0,32.32421875,1,1
1775526480,3,48,1,4,currencyservice,0.38625290599273043,96.56322649818262,393228288.0,146.48895263671875,4,3
1775526540,3,49,1,4,currencyservice,0.38690989246225943,96.72747311556485,288829440.0,107.59735107421875,4,3
1775526480,3,48,1,4,emailservice,0.013022749642318492,13.022749642318491,46919680.0,69.915771484375,1,1
1775526540,3,49,1,4,emailservice,0.011912786712104578,11.912786712104579,46923776.0,69.921875,1,1
1775526480,3,48,1,4,paymentservice,0.018130495061767858,9.065247530883928,32493568.0,24.2095947265625,2,2
1775526540,3,49,1,4,paymentservice,0.013939080985955915,6.969540492977957,34164736.0,25.4547119140625,2,2
1775526480,3,48,1,4,productcatalogservice,0.34756234084684806,115.854113615616,53374976.0,26.511637369791668,3,3
1775526540,3,49,1,4,productcatalogservice,0.32407303582821323,108.02434527607106,52957184.0,26.304117838541668,3,3
1775526480,3,48,1,4,recommendationservice,0.49220287512637073,98.44057502527414,224268288.0,19.44353693181818,5,5
1775526540,3,49,1,4,recommendationservice,0.45365892263237834,90.73178452647566,223969280.0,19.417613636363637,5,5
1775526480,3,48,1,4,shippingservice,0.029453168256518412,29.45316825651841,19476480.0,29.022216796875,1,1
1775526540,3,49,1,4,shippingservice,0.029988636020188513,29.988636020188515,19779584.0,29.473876953125,1,1
1775526540,3,49,1,4,frontend,0.7758323834923955,129.30539724873256,183074816.0,45.46712239583333,6,6
1775526600,3,50,1,4,frontend,0.7015792932221195,116.92988220368656,179216384.0,44.50887044270833,6,6
1775526540,3,49,1,4,adservice,0.043916320020425996,21.958160010212996,108290048.0,57.37413194444444,1,1
1775526600,3,50,1,4,adservice,0.03315234027776973,16.576170138884866,108285952.0,57.37196180555556,1,1
1775526540,3,49,1,4,cartservice,0.2572375950859214,42.87293251432023,174747648.0,86.798095703125,3,3
1775526600,3,50,1,4,cartservice,0.2209274084206408,36.82123473677346,174587904.0,86.71875,3,3
1775526540,3,49,1,4,checkoutservice,0.03313584295923337,33.13584295923337,21692416.0,32.32421875,1,1
1775526600,3,50,1,4,checkoutservice,0.029812294192076136,29.812294192076134,21602304.0,32.18994140625,1,1
1775526540,3,49,1,4,currencyservice,0.38690989246225943,96.72747311556485,288829440.0,107.59735107421875,4,4
1775526600,3,50,1,4,currencyservice,0.41864475050190963,104.6611876254774,218730496.0,81.48345947265625,4,4
1775526540,3,49,1,4,emailservice,0.011912786712104578,11.912786712104579,46923776.0,69.921875,1,1
1775526600,3,50,1,4,emailservice,0.012236046662907158,12.236046662907157,46919680.0,69.915771484375,1,1
1775526540,3,49,1,4,paymentservice,0.013939080985955915,6.969540492977957,34164736.0,25.4547119140625,2,2
1775526600,3,50,1,4,paymentservice,0.011584616813797383,5.792308406898691,35164160.0,26.1993408203125,2,2
1775526540,3,49,1,4,productcatalogservice,0.32407303582821323,108.02434527607106,52957184.0,26.304117838541668,3,3
1775526600,3,50,1,4,productcatalogservice,0.30173977811891034,100.57992603963677,53321728.0,26.485188802083332,3,3
1775526540,3,49,1,4,recommendationservice,0.45365892263237834,90.73178452647566,223969280.0,19.417613636363637,5,5
1775526600,3,50,1,4,recommendationservice,0.40768511204301644,81.53702240860329,224243712.0,19.44140625,5,5
1775526540,3,49,1,4,shippingservice,0.029988636020188513,29.988636020188515,19779584.0,29.473876953125,1,1
1775526600,3,50,1,4,shippingservice,0.02702318808523962,27.023188085239617,19488768.0,29.04052734375,1,1
1775526600,3,50,1,4,frontend,0.7015792932221195,116.92988220368656,179216384.0,44.50887044270833,6,6
1775526660,3,51,1,4,frontend,0.7917872870637044,131.9645478439507,181002240.0,44.952392578125,6,6
1775526600,3,50,1,4,adservice,0.03315234027776973,16.576170138884866,108285952.0,57.37196180555556,1,1
1775526660,3,51,1,4,adservice,0.04315910661276837,21.579553306384184,108384256.0,57.42404513888889,1,1
1775526600,3,50,1,4,cartservice,0.2209274084206408,55.23185210516019,174587904.0,130.078125,2,2
1775526660,3,51,1,4,cartservice,0.225619355152271,56.40483878806775,174665728.0,130.1361083984375,2,2
1775526600,3,50,1,4,checkoutservice,0.029812294192076136,29.812294192076134,21602304.0,32.18994140625,1,1
1775526660,3,51,1,4,checkoutservice,0.03478229161420241,34.78229161420241,21557248.0,32.122802734375,1,1
1775526600,3,50,1,4,currencyservice,0.41864475050190963,104.6611876254774,218730496.0,81.48345947265625,4,4
1775526660,3,51,1,4,currencyservice,0.42355451358304347,105.88862839576085,223698944.0,83.3343505859375,4,4
1775526600,3,50,1,4,emailservice,0.012236046662907158,12.236046662907157,46919680.0,69.915771484375,1,1
1775526660,3,51,1,4,emailservice,0.012731168114341454,12.731168114341454,46927872.0,69.927978515625,1,1
1775526600,3,50,1,4,paymentservice,0.011584616813797383,5.792308406898691,35164160.0,26.1993408203125,2,2
1775526660,3,51,1,4,paymentservice,0.013109773229987442,6.5548866149937215,36147200.0,26.9317626953125,2,2
1775526600,3,50,1,4,productcatalogservice,0.30173977811891034,100.57992603963677,53321728.0,26.485188802083332,3,3
1775526660,3,51,1,4,productcatalogservice,0.32905777766683636,109.68592588894543,54128640.0,26.885986328125,3,3
1775526600,3,50,1,4,recommendationservice,0.40768511204301644,81.53702240860329,224243712.0,19.44140625,5,5
1775526660,3,51,1,4,recommendationservice,0.4561750340388132,91.23500680776264,223830016.0,19.405539772727273,5,5
1775526600,3,50,1,4,shippingservice,0.02702318808523962,27.023188085239617,19488768.0,29.04052734375,1,1
1775526660,3,51,1,4,shippingservice,0.030625000000001554,30.625000000001553,19496960.0,29.052734375,1,1
1775526660,3,51,1,4,frontend,0.7917872870637044,131.9645478439507,181002240.0,44.952392578125,6,6
1775526720,3,52,1,4,frontend,0.8031084267048189,133.85140445080313,179122176.0,44.4854736328125,6,6
1775526660,3,51,1,4,adservice,0.04315910661276837,21.579553306384184,108384256.0,57.42404513888889,1,1
1775526720,3,52,1,4,adservice,0.0471535117261818,23.5767558630909,108232704.0,57.34375000000001,1,1
1775526660,3,51,1,4,cartservice,0.225619355152271,56.40483878806775,174665728.0,130.1361083984375,2,2
1775526720,3,52,1,4,cartservice,0.238775935029891,59.69398375747274,134856704.0,100.47607421875,2,2
1775526660,3,51,1,4,checkoutservice,0.03478229161420241,34.78229161420241,21557248.0,32.122802734375,1,1
1775526720,3,52,1,4,checkoutservice,0.033860654996827756,33.860654996827755,21295104.0,31.732177734375,1,1
1775526660,3,51,1,4,currencyservice,0.42355451358304347,105.88862839576085,223698944.0,83.3343505859375,4,4
1775526720,3,52,1,4,currencyservice,0.387501421593372,96.87535539834299,230928384.0,86.02752685546875,4,4
1775526660,3,51,1,4,emailservice,0.012731168114341454,12.731168114341454,46927872.0,69.927978515625,1,1
1775526720,3,52,1,4,emailservice,0.012517345649991145,12.517345649991144,46923776.0,69.921875,1,1
1775526660,3,51,1,4,paymentservice,0.013109773229987442,6.5548866149937215,36147200.0,26.9317626953125,2,2
1775526720,3,52,1,4,paymentservice,0.012006035000657214,6.003017500328607,37433344.0,27.8900146484375,2,2
1775526660,3,51,1,4,productcatalogservice,0.32905777766683636,109.68592588894543,54128640.0,26.885986328125,3,3
1775526720,3,52,1,4,productcatalogservice,0.33305028602468056,111.01676200822683,53420032.0,26.534016927083332,3,3
1775526660,3,51,1,4,recommendationservice,0.4561750340388132,91.23500680776264,223830016.0,19.405539772727273,5,5
1775526720,3,52,1,4,recommendationservice,0.46474395655545986,92.94879131109197,223838208.0,19.40625,5,5
1775526660,3,51,1,4,shippingservice,0.030625000000001554,30.625000000001553,19496960.0,29.052734375,1,1
1775526720,3,52,1,4,shippingservice,0.030687567682337703,30.6875676823377,19591168.0,29.193115234375,1,1
1775526720,3,52,1,4,frontend,0.8031084267048189,133.85140445080313,179122176.0,44.4854736328125,6,6
1775526780,3,53,1,4,frontend,0.814642761866511,135.77379364441848,178937856.0,44.439697265625,6,6
1775526720,3,52,1,4,adservice,0.0471535117261818,23.5767558630909,108232704.0,57.34375000000001,1,1
1775526780,3,53,1,4,adservice,0.04658628502166803,23.293142510834013,108331008.0,57.395833333333336,1,1
1775526720,3,52,1,4,cartservice,0.238775935029891,59.69398375747274,134856704.0,100.47607421875,2,2
1775526780,3,53,1,4,cartservice,0.2233487092607404,55.837177315185095,134795264.0,100.4302978515625,2,2
1775526720,3,52,1,4,checkoutservice,0.033860654996827756,33.860654996827755,21295104.0,31.732177734375,1,1
1775526780,3,53,1,4,checkoutservice,0.03463447833460859,34.63447833460859,21393408.0,31.878662109375,1,1
1775526720,3,52,1,4,currencyservice,0.387501421593372,96.87535539834299,230928384.0,86.02752685546875,4,4
1775526780,3,53,1,4,currencyservice,0.37085469617197314,92.71367404299328,233807872.0,87.1002197265625,4,4
1775526720,3,52,1,4,emailservice,0.012517345649991145,12.517345649991144,46923776.0,69.921875,1,1
1775526780,3,53,1,4,emailservice,0.012352731454863977,12.352731454863976,46919680.0,69.915771484375,1,1
1775526720,3,52,1,4,paymentservice,0.012006035000657214,6.003017500328607,37433344.0,27.8900146484375,2,2
1775526780,3,53,1,4,paymentservice,0.011470917246059793,5.735458623029896,38424576.0,28.6285400390625,2,2
1775526720,3,52,1,4,productcatalogservice,0.33305028602468056,111.01676200822683,53420032.0,26.534016927083332,3,3
1775526780,3,53,1,4,productcatalogservice,0.3304027889066336,110.13426296887785,53276672.0,26.462809244791668,3,3
1775526720,3,52,1,4,recommendationservice,0.46474395655545986,92.94879131109197,223838208.0,19.40625,5,5
1775526780,3,53,1,4,recommendationservice,0.467675501387826,93.53510027756519,224018432.0,19.421875,5,5
1775526720,3,52,1,4,shippingservice,0.030687567682337703,30.6875676823377,19591168.0,29.193115234375,1,1
1775526780,3,53,1,4,shippingservice,0.03083205567884398,30.83205567884398,19755008.0,29.437255859375,1,1
1775526780,3,53,1,4,frontend,0.814642761866511,135.77379364441848,178937856.0,44.439697265625,6,6
1775526840,3,54,1,4,frontend,0.825445521534251,137.5742535890418,181264384.0,45.01749674479167,6,6
1775526780,3,53,1,4,adservice,0.04658628502166803,23.293142510834013,108331008.0,57.395833333333336,1,1
1775526840,3,54,1,4,adservice,0.04305011686471826,21.525058432359128,108326912.0,57.39366319444444,1,1
1775526780,3,53,1,4,cartservice,0.2233487092607404,55.837177315185095,134795264.0,100.4302978515625,2,2
1775526840,3,54,1,4,cartservice,0.22469893959941253,56.17473489985313,134942720.0,100.5401611328125,2,2
1775526780,3,53,1,4,checkoutservice,0.03463447833460859,34.63447833460859,21393408.0,31.878662109375,1,1
1775526840,3,54,1,4,checkoutservice,0.034658084696830876,34.658084696830876,21368832.0,31.842041015625,1,1
1775526780,3,53,1,4,currencyservice,0.37085469617197314,92.71367404299328,233807872.0,87.1002197265625,4,4
1775526840,3,54,1,4,currencyservice,0.3689392165519921,92.23480413799801,235229184.0,87.62969970703125,4,4
1775526780,3,53,1,4,emailservice,0.012352731454863977,12.352731454863976,46919680.0,69.915771484375,1,1
1775526840,3,54,1,4,emailservice,0.011875952097577261,11.875952097577262,46911488.0,69.903564453125,1,1
1775526780,3,53,1,4,paymentservice,0.011470917246059793,5.735458623029896,38424576.0,28.6285400390625,2,2
1775526840,3,54,1,4,paymentservice,0.01403055594034754,7.015277970173769,40222720.0,29.96826171875,2,2
1775526780,3,53,1,4,productcatalogservice,0.3304027889066336,110.13426296887785,53276672.0,26.462809244791668,3,3
1775526840,3,54,1,4,productcatalogservice,0.3279192913342835,109.30643044476113,54337536.0,26.98974609375,3,3
1775526780,3,53,1,4,recommendationservice,0.467675501387826,93.53510027756519,224018432.0,19.421875,5,5
1775526840,3,54,1,4,recommendationservice,0.45857794001901,91.715588003802,223883264.0,19.41015625,5,5
1775526780,3,53,1,4,shippingservice,0.03083205567884398,30.83205567884398,19755008.0,29.437255859375,1,1
1775526840,3,54,1,4,shippingservice,0.030465320202239268,30.465320202239266,19615744.0,29.229736328125,1,1
1775526840,3,54,1,4,frontend,0.825445521534251,137.5742535890418,181264384.0,45.01749674479167,6,6
1775526900,3,55,1,4,frontend,0.8208871149738359,136.81451916230597,180482048.0,44.82320149739583,6,6
1775526840,3,54,1,4,adservice,0.04305011686471826,21.525058432359128,108326912.0,57.39366319444444,1,1
1775526900,3,55,1,4,adservice,0.04718030177385422,23.59015088692711,108498944.0,57.48480902777777,1,1
1775526840,3,54,1,4,cartservice,0.22469893959941253,56.17473489985313,134942720.0,100.5401611328125,2,2
1775526900,3,55,1,4,cartservice,0.23755308523086677,59.38827130771669,134971392.0,100.5615234375,2,2
1775526840,3,54,1,4,checkoutservice,0.034658084696830876,34.658084696830876,21368832.0,31.842041015625,1,1
1775526900,3,55,1,4,checkoutservice,0.03350243688677036,33.50243688677036,21549056.0,32.110595703125,1,1
1775526840,3,54,1,4,currencyservice,0.3689392165519921,92.23480413799801,235229184.0,87.62969970703125,4,4
1775526900,3,55,1,4,currencyservice,0.3736363053029969,93.40907632574923,234647552.0,87.41302490234375,4,4
1775526840,3,54,1,4,emailservice,0.011875952097577261,11.875952097577262,46911488.0,69.903564453125,1,1
1775526900,3,55,1,4,emailservice,0.013351168165646778,13.351168165646776,46915584.0,69.90966796875,1,1
1775526840,3,54,1,4,paymentservice,0.01403055594034754,7.015277970173769,40222720.0,29.96826171875,2,2
1775526900,3,55,1,4,paymentservice,0.014416026460313796,7.208013230156897,42131456.0,31.390380859375,2,2
1775526840,3,54,1,4,productcatalogservice,0.3279192913342835,109.30643044476113,54337536.0,26.98974609375,3,3
1775526900,3,55,1,4,productcatalogservice,0.3161856993082723,105.3952331027574,54349824.0,26.995849609375,3,3
1775526840,3,54,1,4,recommendationservice,0.45857794001901,91.715588003802,223883264.0,19.41015625,5,5
1775526900,3,55,1,4,recommendationservice,0.4636812614244777,92.73625228489554,223879168.0,19.409801136363637,5,5
1775526840,3,54,1,4,shippingservice,0.030465320202239268,30.465320202239266,19615744.0,29.229736328125,1,1
1775526900,3,55,1,4,shippingservice,0.03132926441475229,31.329264414752288,19222528.0,28.643798828125,1,1
1775526900,3,55,1,4,frontend,0.8208871149738359,136.81451916230597,180482048.0,44.82320149739583,6,6
1775526960,3,56,1,4,frontend,0.7948466340153442,132.47443900255732,180469760.0,44.82014973958333,6,6
1775526900,3,55,1,4,adservice,0.04718030177385422,23.59015088692711,108498944.0,57.48480902777777,1,1
1775526960,3,56,1,4,adservice,0.047244789972811264,23.62239498640563,108285952.0,57.37196180555556,1,1
1775526900,3,55,1,4,cartservice,0.23755308523086677,59.38827130771669,134971392.0,100.5615234375,2,2
1775526960,3,56,1,4,cartservice,0.24991141288677737,62.47785322169433,135086080.0,100.64697265625,2,2
1775526900,3,55,1,4,checkoutservice,0.03350243688677036,33.50243688677036,21549056.0,32.110595703125,1,1
1775526960,3,56,1,4,checkoutservice,0.035532833936350816,35.53283393635082,21540864.0,32.098388671875,1,1
1775526900,3,55,1,4,currencyservice,0.3736363053029969,93.40907632574923,234647552.0,87.41302490234375,4,4
1775526960,3,56,1,4,currencyservice,0.345978908079011,86.49472701975274,238186496.0,88.73138427734375,4,4
1775526900,3,55,1,4,emailservice,0.013351168165646778,13.351168165646776,46915584.0,69.90966796875,1,1
1775526960,3,56,1,4,emailservice,0.013070493193041995,13.070493193041994,46923776.0,69.921875,1,1
1775526900,3,55,1,4,paymentservice,0.014416026460313796,7.208013230156897,42131456.0,31.390380859375,2,2
1775526960,3,56,1,4,paymentservice,0.01195114244012204,5.975571220061019,43089920.0,32.1044921875,2,2
1775526900,3,55,1,4,productcatalogservice,0.3161856993082723,105.3952331027574,54349824.0,26.995849609375,3,3
1775526960,3,56,1,4,productcatalogservice,0.3300896591337613,110.02988637792042,53886976.0,26.765950520833332,3,3
1775526900,3,55,1,4,recommendationservice,0.4636812614244777,92.73625228489554,223879168.0,19.409801136363637,5,5
1775526960,3,56,1,4,recommendationservice,0.4539263491731271,90.78526983462541,223887360.0,19.410511363636363,5,5
1775526900,3,55,1,4,shippingservice,0.03132926441475229,31.329264414752288,19222528.0,28.643798828125,1,1
1775526960,3,56,1,4,shippingservice,0.031067829074677346,31.067829074677345,19423232.0,28.94287109375,1,1
1775526960,3,56,1,4,frontend,0.7948466340153442,132.47443900255732,180469760.0,44.82014973958333,6,6
1775527020,3,57,1,4,frontend,0.8091752900889939,134.86254834816563,182468608.0,45.31656901041667,6,6
1775526960,3,56,1,4,adservice,0.047244789972811264,23.62239498640563,108285952.0,57.37196180555556,1,1
1775527020,3,57,1,4,adservice,0.047264140073867936,23.632070036933968,108339200.0,57.400173611111114,1,1
1775526960,3,56,1,4,cartservice,0.24991141288677737,41.65190214779622,135086080.0,67.09798177083334,3,2
1775527020,3,57,1,4,cartservice,0.2611157813804974,43.51929689674956,135000064.0,67.05525716145834,3,2
1775526960,3,56,1,4,checkoutservice,0.035532833936350816,35.53283393635082,21540864.0,32.098388671875,1,1
1775527020,3,57,1,4,checkoutservice,0.03633776013271426,36.33776013271426,21336064.0,31.793212890625,1,1
1775526960,3,56,1,4,currencyservice,0.345978908079011,86.49472701975274,238186496.0,88.73138427734375,4,4
1775527020,3,57,1,4,currencyservice,0.3773774129586533,94.34435323966332,239210496.0,89.11285400390625,4,4
1775526960,3,56,1,4,emailservice,0.013070493193041995,13.070493193041994,46923776.0,69.921875,1,1
1775527020,3,57,1,4,emailservice,0.013358858828924366,13.358858828924367,46919680.0,69.915771484375,1,1
1775526960,3,56,1,4,paymentservice,0.01195114244012204,5.975571220061019,43089920.0,32.1044921875,2,2
1775527020,3,57,1,4,paymentservice,0.009774208785334648,4.887104392667323,44285952.0,32.99560546875,2,2
1775526960,3,56,1,4,productcatalogservice,0.3300896591337613,110.02988637792042,53886976.0,26.765950520833332,3,3
1775527020,3,57,1,4,productcatalogservice,0.33153201730776094,110.5106724359203,53805056.0,26.725260416666668,3,3
1775526960,3,56,1,4,recommendationservice,0.4539263491731271,90.78526983462541,223887360.0,19.410511363636363,5,5
1775527020,3,57,1,4,recommendationservice,0.4662709690902342,93.25419381804684,224182272.0,19.436079545454547,5,5
1775526960,3,56,1,4,shippingservice,0.031067829074677346,31.067829074677345,19423232.0,28.94287109375,1,1
1775527020,3,57,1,4,shippingservice,0.03161764189070004,31.617641890700042,19628032.0,29.248046875,1,1
1775527020,3,57,1,4,frontend,0.8091752900889939,134.86254834816563,182468608.0,45.31656901041667,6,6
1775527080,3,58,1,4,frontend,0.805680993137053,134.28016552284214,179658752.0,44.61873372395833,6,6
1775527020,3,57,1,4,adservice,0.047264140073867936,23.632070036933968,108339200.0,57.400173611111114,1,1
1775527080,3,58,1,4,adservice,0.045689595723609186,22.84479786180459,108654592.0,57.56727430555556,1,1
1775527020,3,57,1,4,cartservice,0.2611157813804974,43.51929689674956,135000064.0,67.05525716145834,3,3
1775527080,3,58,1,4,cartservice,0.2731372061076257,45.52286768460428,159760384.0,79.35384114583334,3,3
1775527020,3,57,1,4,checkoutservice,0.03633776013271426,36.33776013271426,21336064.0,31.793212890625,1,1
1775527080,3,58,1,4,checkoutservice,0.034860401459842906,34.860401459842905,21458944.0,31.976318359375,1,1
1775527020,3,57,1,4,currencyservice,0.3773774129586533,94.34435323966332,239210496.0,89.11285400390625,4,4
1775527080,3,58,1,4,currencyservice,0.3661076165152092,91.52690412880229,243015680.0,90.5303955078125,4,4
1775527020,3,57,1,4,emailservice,0.013358858828924366,13.358858828924367,46919680.0,69.915771484375,1,1
1775527080,3,58,1,4,emailservice,0.012321665232552778,12.321665232552778,46919680.0,69.915771484375,1,1
1775527020,3,57,1,4,paymentservice,0.009774208785334648,4.887104392667323,44285952.0,32.99560546875,2,2
1775527080,3,58,1,4,paymentservice,0.008016209825512613,4.008104912756306,45645824.0,34.0087890625,2,2
1775527020,3,57,1,4,productcatalogservice,0.33153201730776094,110.5106724359203,53805056.0,26.725260416666668,3,3
1775527080,3,58,1,4,productcatalogservice,0.3279318600469635,109.31062001565448,54206464.0,26.924641927083332,3,3
1775527020,3,57,1,4,recommendationservice,0.4662709690902342,93.25419381804684,224182272.0,19.436079545454547,5,5
1775527080,3,58,1,4,recommendationservice,0.4522332137649251,90.44664275298501,223916032.0,19.41299715909091,5,5
1775527020,3,57,1,4,shippingservice,0.03161764189070004,31.617641890700042,19628032.0,29.248046875,1,1
1775527080,3,58,1,4,shippingservice,0.030001862750391257,30.001862750391258,19673088.0,29.315185546875,1,1
1775527080,3,58,1,4,frontend,0.805680993137053,134.28016552284214,179658752.0,44.61873372395833,6,6
1775527140,3,59,1,4,frontend,0.8205750129576174,136.7625021596029,179712000.0,44.6319580078125,6,6
1775527080,3,58,1,4,adservice,0.045689595723609186,22.84479786180459,108654592.0,57.56727430555556,1,1
1775527140,3,59,1,4,adservice,0.04698168167552807,23.490840837764033,108277760.0,57.36762152777778,1,1
1775527080,3,58,1,4,cartservice,0.2731372061076257,45.52286768460428,159760384.0,79.35384114583334,3,3
1775527140,3,59,1,4,cartservice,0.27261856886477553,45.43642814412925,165945344.0,82.42594401041666,3,3
1775527080,3,58,1,4,checkoutservice,0.034860401459842906,34.860401459842905,21458944.0,31.976318359375,1,1
1775527140,3,59,1,4,checkoutservice,0.03288647763237167,32.886477632371665,21291008.0,31.72607421875,1,1
1775527080,3,58,1,4,currencyservice,0.3661076165152092,91.52690412880229,243015680.0,90.5303955078125,4,4
1775527140,3,59,1,4,currencyservice,0.3745207306438033,93.63018266095082,242642944.0,90.39154052734375,4,4
1775527080,3,58,1,4,emailservice,0.012321665232552778,12.321665232552778,46919680.0,69.915771484375,1,1
1775527140,3,59,1,4,emailservice,0.012160231359875729,12.160231359875729,46919680.0,69.915771484375,1,1
1775527080,3,58,1,4,paymentservice,0.008016209825512613,4.008104912756306,45645824.0,34.0087890625,2,2
1775527140,3,59,1,4,paymentservice,0.008983435010622718,4.4917175053113585,46399488.0,34.5703125,2,2
1775527080,3,58,1,4,productcatalogservice,0.3279318600469635,109.31062001565448,54206464.0,26.924641927083332,3,3
1775527140,3,59,1,4,productcatalogservice,0.31818085033991833,106.06028344663943,53678080.0,26.662190755208332,3,3
1775527080,3,58,1,4,recommendationservice,0.4522332137649251,90.44664275298501,223916032.0,19.41299715909091,5,5
1775527140,3,59,1,4,recommendationservice,0.4456057809669024,89.12115619338049,224108544.0,19.4296875,5,5
1775527080,3,58,1,4,shippingservice,0.030001862750391257,30.001862750391258,19673088.0,29.315185546875,1,1
1775527140,3,59,1,4,shippingservice,0.028209375422700772,28.209375422700774,20119552.0,29.98046875,1,1
1775527140,3,59,1,4,frontend,0.8205750129576174,136.7625021596029,179712000.0,44.6319580078125,6,6
1775527200,4,0,1,4,frontend,0.7972890824808959,132.88151374681595,181358592.0,45.0408935546875,6,6
1775527140,3,59,1,4,adservice,0.04698168167552807,23.490840837764033,108277760.0,57.36762152777778,1,1
1775527200,4,0,1,4,adservice,0.04801814741630691,24.00907370815345,108277760.0,57.36762152777778,1,1
1775527140,3,59,1,4,cartservice,0.27261856886477553,45.43642814412925,165945344.0,82.42594401041666,3,3
1775527200,4,0,1,4,cartservice,0.24113197722458207,40.18866287076367,167428096.0,83.16243489583334,3,3
1775527140,3,59,1,4,checkoutservice,0.03288647763237167,32.886477632371665,21291008.0,31.72607421875,1,1
1775527200,4,0,1,4,checkoutservice,0.03329984821560158,33.29984821560157,21389312.0,31.87255859375,1,1
1775527140,3,59,1,4,currencyservice,0.3745207306438033,93.63018266095082,242642944.0,90.39154052734375,4,4
1775527200,4,0,1,4,currencyservice,0.3868208561165255,96.70521402913137,247377920.0,92.15545654296875,4,4
1775527140,3,59,1,4,emailservice,0.012160231359875729,12.160231359875729,46919680.0,69.915771484375,1,1
1775527200,4,0,1,4,emailservice,0.012369947967079712,12.369947967079712,46919680.0,69.915771484375,1,1
1775527140,3,59,1,4,paymentservice,0.008983435010622718,4.4917175053113585,46399488.0,34.5703125,2,2
1775527200,4,0,1,4,paymentservice,0.009548845064516935,4.774422532258468,47513600.0,35.400390625,2,2
1775527140,3,59,1,4,productcatalogservice,0.31818085033991833,106.06028344663943,53678080.0,26.662190755208332,3,3
1775527200,4,0,1,4,productcatalogservice,0.3322605531383052,110.75351771276839,53575680.0,26.611328125,3,3
1775527140,3,59,1,4,recommendationservice,0.4456057809669024,89.12115619338049,224108544.0,19.4296875,5,5
1775527200,4,0,1,4,recommendationservice,0.4575465665986956,91.50931331973912,223981568.0,19.418678977272727,5,5
1775527140,3,59,1,4,shippingservice,0.028209375422700772,28.209375422700774,20119552.0,29.98046875,1,1
1775527200,4,0,1,4,shippingservice,0.031826593296647006,31.826593296647005,19824640.0,29.541015625,1,1
1775527200,4,0,1,4,frontend,0.7972890824808959,132.88151374681595,181358592.0,45.0408935546875,6,6
1775527260,4,1,1,4,frontend,0.8321456613040673,138.69094355067787,182038528.0,45.20975748697917,6,6
1775527200,4,0,1,4,adservice,0.04801814741630691,24.00907370815345,108277760.0,57.36762152777778,1,1
1775527260,4,1,1,4,adservice,0.04758087156648801,23.790435783244003,108490752.0,57.48046875,1,1
1775527200,4,0,1,4,cartservice,0.24113197722458207,40.18866287076367,167428096.0,83.16243489583334,3,3
1775527260,4,1,1,4,cartservice,0.23135870847836945,38.559784746394904,168591360.0,83.740234375,3,3
1775527200,4,0,1,4,checkoutservice,0.03329984821560158,33.29984821560157,21389312.0,31.87255859375,1,1
1775527260,4,1,1,4,checkoutservice,0.03676699847667256,36.766998476672555,21561344.0,32.12890625,1,1
1775527200,4,0,1,4,currencyservice,0.3868208561165255,96.70521402913137,247377920.0,92.15545654296875,4,4
1775527260,4,1,1,4,currencyservice,0.3776156548427763,94.40391371069407,250564608.0,93.34259033203125,4,4
1775527200,4,0,1,4,emailservice,0.012369947967079712,12.369947967079712,46919680.0,69.915771484375,1,1
1775527260,4,1,1,4,emailservice,0.012952032866369055,12.952032866369054,46923776.0,69.921875,1,1
1775527200,4,0,1,4,paymentservice,0.009548845064516935,4.774422532258468,47513600.0,35.400390625,2,2
1775527260,4,1,1,4,paymentservice,0.010162405660851245,5.081202830425622,47767552.0,35.589599609375,2,2
1775527200,4,0,1,4,productcatalogservice,0.3322605531383052,110.75351771276839,53575680.0,26.611328125,3,3
1775527260,4,1,1,4,productcatalogservice,0.3325043540407955,110.83478468026516,53751808.0,26.698811848958332,3,3
1775527200,4,0,1,4,recommendationservice,0.4575465665986956,91.50931331973912,223981568.0,19.418678977272727,5,5
1775527260,4,1,1,4,recommendationservice,0.4677632944524267,93.55265889048535,224514048.0,19.46484375,5,5
1775527200,4,0,1,4,shippingservice,0.031826593296647006,31.826593296647005,19824640.0,29.541015625,1,1
1775527260,4,1,1,4,shippingservice,0.03239123511744585,32.39123511744585,19759104.0,29.443359375,1,1
1775527260,4,1,1,4,frontend,0.8321456613040673,138.69094355067787,182038528.0,45.20975748697917,6,6
1775527320,4,2,1,4,frontend,0.8276738224450116,137.9456370741686,182370304.0,45.29215494791667,6,6
1775527260,4,1,1,4,adservice,0.04758087156648801,23.790435783244003,108490752.0,57.48046875,1,1
1775527320,4,2,1,4,adservice,0.04738675109136928,23.69337554568464,108228608.0,57.341579861111114,1,1
1775527260,4,1,1,4,cartservice,0.23135870847836945,38.559784746394904,168591360.0,83.740234375,3,3
1775527320,4,2,1,4,cartservice,0.2304239055082129,38.40398425136881,170844160.0,84.85921223958334,3,3
1775527260,4,1,1,4,checkoutservice,0.03676699847667256,36.766998476672555,21561344.0,32.12890625,1,1
1775527320,4,2,1,4,checkoutservice,0.03843681674523913,38.436816745239135,21606400.0,32.196044921875,1,1
1775527260,4,1,1,4,currencyservice,0.3776156548427763,94.40391371069407,250564608.0,93.34259033203125,4,4
1775527320,4,2,1,4,currencyservice,0.359733244097129,89.93331102428223,252022784.0,93.88580322265625,4,4
1775527260,4,1,1,4,emailservice,0.012952032866369055,12.952032866369054,46923776.0,69.921875,1,1
1775527320,4,2,1,4,emailservice,0.013468175660831602,13.468175660831601,46923776.0,69.921875,1,1
1775527260,4,1,1,4,paymentservice,0.010162405660851245,5.081202830425622,47767552.0,35.589599609375,2,2
1775527320,4,2,1,4,paymentservice,0.010395590822286731,5.197795411143366,49172480.0,36.6363525390625,2,2
1775527260,4,1,1,4,productcatalogservice,0.3325043540407955,110.83478468026516,53751808.0,26.698811848958332,3,3
1775527320,4,2,1,4,productcatalogservice,0.318753446966901,106.25114898896699,54317056.0,26.979573567708332,3,3
1775527260,4,1,1,4,recommendationservice,0.4677632944524267,93.55265889048535,224514048.0,19.46484375,5,5
1775527320,4,2,1,4,recommendationservice,0.45847490840912747,91.6949816818255,224337920.0,19.449573863636363,5,5
1775527260,4,1,1,4,shippingservice,0.03239123511744585,32.39123511744585,19759104.0,29.443359375,1,1
1775527320,4,2,1,4,shippingservice,0.03208236709585856,32.08236709585856,19673088.0,29.315185546875,1,1
1775527320,4,2,1,4,frontend,0.8276738224450116,137.9456370741686,182370304.0,45.29215494791667,6,6
1775527380,4,3,1,4,frontend,0.802664437033583,133.77740617226382,181219328.0,45.00630696614583,6,6
1775527320,4,2,1,4,adservice,0.04738675109136928,23.69337554568464,108228608.0,57.341579861111114,1,1
1775527380,4,3,1,4,adservice,0.04589964114469885,22.949820572349424,108285952.0,57.37196180555556,1,1
1775527320,4,2,1,4,cartservice,0.2304239055082129,57.605976377053224,170844160.0,127.288818359375,2,2
1775527380,4,3,1,4,cartservice,0.24401465929752128,61.00366482438032,174325760.0,129.8828125,2,2
1775527320,4,2,1,4,checkoutservice,0.03843681674523913,38.436816745239135,21606400.0,32.196044921875,1,1
1775527380,4,3,1,4,checkoutservice,0.03630673577078343,36.306735770783426,21594112.0,32.177734375,1,1
1775527320,4,2,1,4,currencyservice,0.359733244097129,89.93331102428223,252022784.0,93.88580322265625,4,4
1775527380,4,3,1,4,currencyservice,0.37243268528634454,93.10817132158613,255188992.0,95.0653076171875,4,4
1775527320,4,2,1,4,emailservice,0.013468175660831602,13.468175660831601,46923776.0,69.921875,1,1
1775527380,4,3,1,4,emailservice,0.01173608557068543,11.73608557068543,46923776.0,69.921875,1,1
1775527320,4,2,1,4,paymentservice,0.010395590822286731,5.197795411143366,49172480.0,36.6363525390625,2,2
1775527380,4,3,1,4,paymentservice,0.008823874781624377,4.411937390812188,49299456.0,36.73095703125,2,2
1775527320,4,2,1,4,productcatalogservice,0.318753446966901,106.25114898896699,54317056.0,26.979573567708332,3,3
1775527380,4,3,1,4,productcatalogservice,0.32665471132815105,108.88490377605034,54095872.0,26.869710286458332,3,3
1775527320,4,2,1,4,recommendationservice,0.45847490840912747,91.6949816818255,224337920.0,19.449573863636363,5,5
1775527380,4,3,1,4,recommendationservice,0.45280207400962236,90.56041480192447,224133120.0,19.43181818181818,5,5
1775527320,4,2,1,4,shippingservice,0.03208236709585856,32.08236709585856,19673088.0,29.315185546875,1,1
1775527380,4,3,1,4,shippingservice,0.03175347416048383,31.75347416048383,19243008.0,28.67431640625,1,1
1775527380,4,3,1,4,frontend,0.802664437033583,133.77740617226382,181219328.0,45.00630696614583,6,6
1775527440,4,4,1,4,frontend,0.8139792048458336,135.66320080763893,181596160.0,45.09989420572917,6,6
1775527380,4,3,1,4,adservice,0.04589964114469885,22.949820572349424,108285952.0,57.37196180555556,1,1
1775527440,4,4,1,4,adservice,0.04570554091620685,22.852770458103425,108326912.0,57.39366319444444,1,1
1775527380,4,3,1,4,cartservice,0.24401465929752128,40.66910988292021,174325760.0,86.58854166666666,3,2
1775527440,4,4,1,4,cartservice,0.25158212607481134,41.93035434580189,134733824.0,66.92301432291666,3,2
1775527380,4,3,1,4,checkoutservice,0.03630673577078343,36.306735770783426,21594112.0,32.177734375,1,1
1775527440,4,4,1,4,checkoutservice,0.03589683625291487,35.89683625291487,21233664.0,31.640625,1,1
1775527380,4,3,1,4,currencyservice,0.37243268528634454,93.10817132158613,255188992.0,95.0653076171875,4,4
1775527440,4,4,1,4,currencyservice,0.3730478131758143,93.26195329395357,256811008.0,95.6695556640625,4,4
1775527380,4,3,1,4,emailservice,0.01173608557068543,11.73608557068543,46923776.0,69.921875,1,1
1775527440,4,4,1,4,emailservice,0.01279149835900483,12.79149835900483,46911488.0,69.903564453125,1,1
1775527380,4,3,1,4,paymentservice,0.008823874781624377,4.411937390812188,49299456.0,36.73095703125,2,2
1775527440,4,4,1,4,paymentservice,0.007860326372168068,3.930163186084034,50106368.0,37.3321533203125,2,2
1775527380,4,3,1,4,productcatalogservice,0.32665471132815105,108.88490377605034,54095872.0,26.869710286458332,3,3
1775527440,4,4,1,4,productcatalogservice,0.32934333835559004,109.78111278519667,53903360.0,26.774088541666668,3,3
1775527380,4,3,1,4,recommendationservice,0.45280207400962236,90.56041480192447,224133120.0,19.43181818181818,5,5
1775527440,4,4,1,4,recommendationservice,0.46101241547190797,92.20248309438159,224284672.0,19.444957386363637,5,5
1775527380,4,3,1,4,shippingservice,0.03175347416048383,31.75347416048383,19243008.0,28.67431640625,1,1
1775527440,4,4,1,4,shippingservice,0.03144375457527189,31.44375457527189,19472384.0,29.01611328125,1,1
1775527440,4,4,1,4,frontend,0.8139792048458336,135.66320080763893,181596160.0,45.09989420572917,6,6
1775527500,4,5,1,4,frontend,0.8067347164348018,134.45578607246694,182603776.0,45.35013834635417,6,6
1775527440,4,4,1,4,adservice,0.04570554091620685,22.852770458103425,108326912.0,57.39366319444444,1,1
1775527500,4,5,1,4,adservice,0.04620521497385402,23.10260748692701,108281856.0,57.36979166666667,1,1
1775527440,4,4,1,4,cartservice,0.25158212607481134,41.93035434580189,134733824.0,66.92301432291666,3,3
1775527500,4,5,1,4,cartservice,0.25226034877126347,42.04339146187724,161001472.0,79.97029622395834,3,3
1775527440,4,4,1,4,checkoutservice,0.03589683625291487,35.89683625291487,21233664.0,31.640625,1,1
1775527500,4,5,1,4,checkoutservice,0.035458507194763976,35.458507194763975,21372928.0,31.84814453125,1,1
1775527440,4,4,1,4,currencyservice,0.3730478131758143,93.26195329395357,256811008.0,95.6695556640625,4,4
1775527500,4,5,1,4,currencyservice,0.3637946886595452,90.94867216488629,257519616.0,95.93353271484375,4,4
1775527440,4,4,1,4,emailservice,0.01279149835900483,12.79149835900483,46911488.0,69.903564453125,1,1
1775527500,4,5,1,4,emailservice,0.012380198288474363,12.38019828847436,46923776.0,69.921875,1,1
1775527440,4,4,1,4,paymentservice,0.007860326372168068,3.930163186084034,50106368.0,37.3321533203125,2,2
1775527500,4,5,1,4,paymentservice,0.007742619287401776,3.8713096437008874,51003392.0,38.00048828125,2,2
1775527440,4,4,1,4,productcatalogservice,0.32934333835559004,109.78111278519667,53903360.0,26.774088541666668,3,3
1775527500,4,5,1,4,productcatalogservice,0.3308654530273088,110.28848434243625,53575680.0,26.611328125,3,3
1775527440,4,4,1,4,recommendationservice,0.46101241547190797,92.20248309438159,224284672.0,19.444957386363637,5,5
1775527500,4,5,1,4,recommendationservice,0.4594774516158699,91.89549032317397,224174080.0,19.43536931818182,5,5
1775527440,4,4,1,4,shippingservice,0.03144375457527189,31.44375457527189,19472384.0,29.01611328125,1,1
1775527500,4,5,1,4,shippingservice,0.030295479095641755,30.295479095641753,19476480.0,29.022216796875,1,1
1775527500,4,5,1,4,frontend,0.8067347164348018,134.45578607246694,182603776.0,45.35013834635417,6,6
1775527560,4,6,1,4,frontend,0.808224704355765,134.7041173926275,180293632.0,44.77640787760417,6,6
1775527500,4,5,1,4,adservice,0.04620521497385402,23.10260748692701,108281856.0,57.36979166666667,1,1
1775527560,4,6,1,4,adservice,0.045786821781425784,22.89341089071289,108290048.0,57.37413194444444,1,1
1775527500,4,5,1,4,cartservice,0.25226034877126347,42.04339146187724,161001472.0,79.97029622395834,3,3
1775527560,4,6,1,4,cartservice,0.26244404229841767,43.74067371640294,163442688.0,81.182861328125,3,3
1775527500,4,5,1,4,checkoutservice,0.035458507194763976,35.458507194763975,21372928.0,31.84814453125,1,1
1775527560,4,6,1,4,checkoutservice,0.03313024994370906,33.13024994370906,21987328.0,32.763671875,1,1
1775527500,4,5,1,4,currencyservice,0.3637946886595452,90.94867216488629,257519616.0,95.93353271484375,4,4
1775527560,4,6,1,4,currencyservice,0.3520343612068701,88.00859030171752,258793472.0,96.4080810546875,4,4
1775527500,4,5,1,4,emailservice,0.012380198288474363,12.38019828847436,46923776.0,69.921875,1,1
1775527560,4,6,1,4,emailservice,0.012574061996863279,12.574061996863279,46919680.0,69.915771484375,1,1
1775527500,4,5,1,4,paymentservice,0.007742619287401776,3.8713096437008874,51003392.0,38.00048828125,2,2
1775527560,4,6,1,4,paymentservice,0.007820118437131445,3.9100592185657224,51924992.0,38.6871337890625,2,2
1775527500,4,5,1,4,productcatalogservice,0.3308654530273088,110.28848434243625,53575680.0,26.611328125,3,3
1775527560,4,6,1,4,productcatalogservice,0.3300244011827111,110.00813372757034,53805056.0,26.725260416666668,3,3
1775527500,4,5,1,4,recommendationservice,0.4594774516158699,91.89549032317397,224174080.0,19.43536931818182,5,5
1775527560,4,6,1,4,recommendationservice,0.4426174176587872,88.52348353175744,224247808.0,19.441761363636363,5,5
1775527500,4,5,1,4,shippingservice,0.030295479095641755,30.295479095641753,19476480.0,29.022216796875,1,1
1775527560,4,6,1,4,shippingservice,0.030431458449616415,30.43145844961641,19361792.0,28.851318359375,1,1
1775527560,4,6,1,4,frontend,0.808224704355765,134.7041173926275,180293632.0,44.77640787760417,6,6
1775527620,4,7,1,4,frontend,0.8255201611442345,137.58669352403908,181526528.0,45.08260091145833,6,6
1775527560,4,6,1,4,adservice,0.045786821781425784,22.89341089071289,108290048.0,57.37413194444444,1,1
1775527620,4,7,1,4,adservice,0.046412824894348,23.206412447173996,108228608.0,57.341579861111114,1,1
1775527560,4,6,1,4,cartservice,0.26244404229841767,43.74067371640294,163442688.0,81.182861328125,3,3
1775527620,4,7,1,4,cartservice,0.24971260520102875,41.61876753350479,164294656.0,81.60603841145834,3,3
1775527560,4,6,1,4,checkoutservice,0.03313024994370906,33.13024994370906,21987328.0,32.763671875,1,1
1775527620,4,7,1,4,checkoutservice,0.03579033129365379,35.790331293653786,21606400.0,32.196044921875,1,1
1775527560,4,6,1,4,currencyservice,0.3520343612068701,88.00859030171752,258793472.0,96.4080810546875,4,4
1775527620,4,7,1,4,currencyservice,0.3660383075694623,91.50957689236557,255082496.0,95.025634765625,4,4
1775527560,4,6,1,4,emailservice,0.012574061996863279,12.574061996863279,46919680.0,69.915771484375,1,1
1775527620,4,7,1,4,emailservice,0.012920398935671509,12.920398935671507,46919680.0,69.915771484375,1,1
1775527560,4,6,1,4,paymentservice,0.007820118437131445,3.9100592185657224,51924992.0,38.6871337890625,2,2
1775527620,4,7,1,4,paymentservice,0.008801494562364898,4.400747281182449,52723712.0,39.2822265625,2,2
1775527560,4,6,1,4,productcatalogservice,0.3300244011827111,110.00813372757034,53805056.0,26.725260416666668,3,3
1775527620,4,7,1,4,productcatalogservice,0.3336853994522744,111.22846648409144,53727232.0,26.686604817708332,3,3
1775527560,4,6,1,4,recommendationservice,0.4426174176587872,88.52348353175744,224247808.0,19.441761363636363,5,5
1775527620,4,7,1,4,recommendationservice,0.45907296098600936,91.81459219720188,223887360.0,19.410511363636363,5,5
1775527560,4,6,1,4,shippingservice,0.030431458449616415,30.43145844961641,19361792.0,28.851318359375,1,1
1775527620,4,7,1,4,shippingservice,0.031593573395156845,31.59357339515684,19406848.0,28.91845703125,1,1
1775527620,4,7,1,4,frontend,0.8255201611442345,137.58669352403908,181526528.0,45.08260091145833,6,6
1775527680,4,8,1,4,frontend,0.8113993272459684,135.2332212076614,180871168.0,44.91984049479167,6,6
1775527620,4,7,1,4,adservice,0.046412824894348,23.206412447173996,108228608.0,57.341579861111114,1,1
1775527680,4,8,1,4,adservice,0.04722520270743626,23.61260135371813,108290048.0,57.37413194444444,1,1
1775527620,4,7,1,4,cartservice,0.24971260520102875,41.61876753350479,164294656.0,81.60603841145834,3,3
1775527680,4,8,1,4,cartservice,0.2476346271855999,41.27243786426664,166019072.0,82.46256510416666,3,3
1775527620,4,7,1,4,checkoutservice,0.03579033129365379,35.790331293653786,21606400.0,32.196044921875,1,1
1775527680,4,8,1,4,checkoutservice,0.03822790711909954,38.22790711909954,21684224.0,32.31201171875,1,1
1775527620,4,7,1,4,currencyservice,0.3660383075694623,91.50957689236557,255082496.0,95.025634765625,4,4
1775527680,4,8,1,4,currencyservice,0.37788608695542186,94.47152173885546,260046848.0,96.875,4,4
1775527620,4,7,1,4,emailservice,0.012920398935671509,12.920398935671507,46919680.0,69.915771484375,1,1
1775527680,4,8,1,4,emailservice,0.013382317315691663,13.382317315691663,46919680.0,69.915771484375,1,1
1775527620,4,7,1,4,paymentservice,0.008801494562364898,4.400747281182449,52723712.0,39.2822265625,2,2
1775527680,4,8,1,4,paymentservice,0.008584352040535656,4.292176020267828,53915648.0,40.1702880859375,2,2
1775527620,4,7,1,4,productcatalogservice,0.3336853994522744,111.22846648409144,53727232.0,26.686604817708332,3,3
1775527680,4,8,1,4,productcatalogservice,0.3332234643533448,111.0744881177816,53841920.0,26.743570963541668,3,3
1775527620,4,7,1,4,recommendationservice,0.45907296098600936,91.81459219720188,223887360.0,19.410511363636363,5,5
1775527680,4,8,1,4,recommendationservice,0.44503531818008946,89.00706363601789,224063488.0,19.42578125,5,5
1775527620,4,7,1,4,shippingservice,0.031593573395156845,31.59357339515684,19406848.0,28.91845703125,1,1
1775527680,4,8,1,4,shippingservice,0.03181267052577315,31.812670525773147,19505152.0,29.06494140625,1,1
1775527680,4,8,1,4,frontend,0.8113993272459684,135.2332212076614,180871168.0,44.91984049479167,6,6
1775527740,4,9,1,4,frontend,0.8176423687306673,136.27372812177788,181694464.0,45.12430826822917,6,6
1775527680,4,8,1,4,adservice,0.04722520270743626,23.61260135371813,108290048.0,57.37413194444444,1,1
1775527740,4,9,1,4,adservice,0.04833914595495276,24.16957297747638,108240896.0,57.34809027777777,1,1
1775527680,4,8,1,4,cartservice,0.2476346271855999,41.27243786426664,166019072.0,82.46256510416666,3,3
1775527740,4,9,1,4,cartservice,0.23636210669907695,39.39368444984615,166625280.0,82.763671875,3,3
1775527680,4,8,1,4,checkoutservice,0.03822790711909954,38.22790711909954,21684224.0,32.31201171875,1,1
1775527740,4,9,1,4,checkoutservice,0.03620003135143778,36.20003135143778,21286912.0,31.719970703125,1,1
1775527680,4,8,1,4,currencyservice,0.37788608695542186,94.47152173885546,260046848.0,96.875,4,4
1775527740,4,9,1,4,currencyservice,0.37369975131129174,93.42493782782293,262201344.0,97.6776123046875,4,4
1775527680,4,8,1,4,emailservice,0.013382317315691663,13.382317315691663,46919680.0,69.915771484375,1,1
1775527740,4,9,1,4,emailservice,0.013145450981120532,13.14545098112053,46923776.0,69.921875,1,1
1775527680,4,8,1,4,paymentservice,0.008584352040535656,4.292176020267828,53915648.0,40.1702880859375,2,2
1775527740,4,9,1,4,paymentservice,0.007829902366874815,3.9149511834374073,55947264.0,41.6839599609375,2,2
1775527680,4,8,1,4,productcatalogservice,0.3332234643533448,111.0744881177816,53841920.0,26.743570963541668,3,3
1775527740,4,9,1,4,productcatalogservice,0.3332925369915271,111.09751233050902,53919744.0,26.7822265625,3,3
1775527680,4,8,1,4,recommendationservice,0.44503531818008946,89.00706363601789,224063488.0,19.42578125,5,5
1775527740,4,9,1,4,recommendationservice,0.4652763012614443,93.05526025228886,223870976.0,19.40909090909091,5,5
1775527680,4,8,1,4,shippingservice,0.03181267052577315,31.812670525773147,19505152.0,29.06494140625,1,1
1775527740,4,9,1,4,shippingservice,0.03170377927838006,31.70377927838006,19517440.0,29.083251953125,1,1
1775527740,4,9,1,4,frontend,0.8176423687306673,136.27372812177788,181694464.0,45.12430826822917,6,6
1775527800,4,10,1,4,frontend,0.8098722231367399,134.9787038561233,180391936.0,44.80082194010417,6,6
1775527740,4,9,1,4,adservice,0.04833914595495276,24.16957297747638,108240896.0,57.34809027777777,1,1
1775527800,4,10,1,4,adservice,0.046595417035788594,23.297708517894296,108228608.0,57.341579861111114,1,1
1775527740,4,9,1,4,cartservice,0.23636210669907695,59.09052667476924,166625280.0,124.1455078125,2,2
1775527800,4,10,1,4,cartservice,0.2489238708100755,62.23096770251887,170369024.0,126.934814453125,2,2
1775527740,4,9,1,4,checkoutservice,0.03620003135143778,36.20003135143778,21286912.0,31.719970703125,1,1
1775527800,4,10,1,4,checkoutservice,0.03510918229128386,35.10918229128386,21553152.0,32.11669921875,1,1
1775527740,4,9,1,4,currencyservice,0.37369975131129174,93.42493782782293,262201344.0,97.6776123046875,4,4
1775527800,4,10,1,4,currencyservice,0.3668679992093724,91.7169998023431,264167424.0,98.4100341796875,4,4
1775527740,4,9,1,4,emailservice,0.013145450981120532,13.14545098112053,46923776.0,69.921875,1,1
1775527800,4,10,1,4,emailservice,0.012230569748385474,12.230569748385472,46919680.0,69.915771484375,1,1
1775527740,4,9,1,4,paymentservice,0.007829902366874815,3.9149511834374073,55947264.0,41.6839599609375,2,2
1775527800,4,10,1,4,paymentservice,0.008127100849205416,4.063550424602708,55840768.0,41.6046142578125,2,2
1775527740,4,9,1,4,productcatalogservice,0.3332925369915271,111.09751233050902,53919744.0,26.7822265625,3,3
1775527800,4,10,1,4,productcatalogservice,0.3334782435622113,111.15941452073707,53907456.0,26.776123046875,3,3
1775527740,4,9,1,4,recommendationservice,0.4652763012614443,93.05526025228886,223870976.0,19.40909090909091,5,5
1775527800,4,10,1,4,recommendationservice,0.45158932313266137,90.31786462653227,224681984.0,19.47940340909091,5,5
1775527740,4,9,1,4,shippingservice,0.03170377927838006,31.70377927838006,19517440.0,29.083251953125,1,1
1775527800,4,10,1,4,shippingservice,0.031125761858266935,31.12576185826693,19554304.0,29.13818359375,1,1
1775527800,4,10,1,4,frontend,0.8098722231367399,134.9787038561233,180391936.0,44.80082194010417,6,6
1775527860,4,11,1,4,frontend,0.798788326773169,133.13138779552816,180264960.0,44.769287109375,6,6
1775527800,4,10,1,4,adservice,0.046595417035788594,23.297708517894296,108228608.0,57.341579861111114,1,1
1775527860,4,11,1,4,adservice,0.04535201298251755,22.676006491258775,108503040.0,57.486979166666664,1,1
1775527800,4,10,1,4,cartservice,0.2489238708100755,41.48731180167925,170369024.0,84.62320963541666,3,2
1775527860,4,11,1,4,cartservice,0.25064059689211077,41.77343281535179,134938624.0,67.02473958333334,3,2
1775527800,4,10,1,4,checkoutservice,0.03510918229128386,35.10918229128386,21553152.0,32.11669921875,1,1
1775527860,4,11,1,4,checkoutservice,0.035506391515154334,35.506391515154334,21663744.0,32.281494140625,1,1
1775527800,4,10,1,4,currencyservice,0.3668679992093724,91.7169998023431,264167424.0,98.4100341796875,4,4
1775527860,4,11,1,4,currencyservice,0.36046099537795023,90.11524884448755,264400896.0,98.49700927734375,4,4
1775527800,4,10,1,4,emailservice,0.012230569748385474,12.230569748385472,46919680.0,69.915771484375,1,1
1775527860,4,11,1,4,emailservice,0.012716344647518219,12.716344647518218,46923776.0,69.921875,1,1
1775527800,4,10,1,4,paymentservice,0.008127100849205416,4.063550424602708,55840768.0,41.6046142578125,2,2
1775527860,4,11,1,4,paymentservice,0.007675116657065002,3.8375583285325012,56791040.0,42.3126220703125,2,2
1775527800,4,10,1,4,productcatalogservice,0.3334782435622113,111.15941452073707,53907456.0,26.776123046875,3,3
1775527860,4,11,1,4,productcatalogservice,0.3277802324556248,109.26007748520826,54124544.0,26.883951822916668,3,3
1775527800,4,10,1,4,recommendationservice,0.45158932313266137,90.31786462653227,224681984.0,19.47940340909091,5,5
1775527860,4,11,1,4,recommendationservice,0.4491102795475465,89.8220559095093,223969280.0,19.417613636363637,5,5
1775527800,4,10,1,4,shippingservice,0.031125761858266935,31.12576185826693,19554304.0,29.13818359375,1,1
1775527860,4,11,1,4,shippingservice,0.03067188042772999,30.671880427729985,19652608.0,29.28466796875,1,1
1775527860,4,11,1,4,frontend,0.798788326773169,133.13138779552816,180264960.0,44.769287109375,6,6
1775527920,4,12,1,4,frontend,0.8065547295527012,134.42578825878354,183312384.0,45.526123046875,6,6
1775527860,4,11,1,4,adservice,0.04535201298251755,22.676006491258775,108503040.0,57.486979166666664,1,1
1775527920,4,12,1,4,adservice,0.04585848292676617,22.929241463383086,108380160.0,57.421875,1,1
1775527860,4,11,1,4,cartservice,0.25064059689211077,41.77343281535179,134938624.0,67.02473958333334,3,3
1775527920,4,12,1,4,cartservice,0.26332841516075833,43.888069193459714,159559680.0,79.254150390625,3,3
1775527860,4,11,1,4,checkoutservice,0.035506391515154334,35.506391515154334,21663744.0,32.281494140625,1,1
1775527920,4,12,1,4,checkoutservice,0.034931505136584586,34.93150513658458,21434368.0,31.939697265625,1,1
1775527860,4,11,1,4,currencyservice,0.36046099537795023,90.11524884448755,264400896.0,98.49700927734375,4,4
1775527920,4,12,1,4,currencyservice,0.3623457650297568,90.5864412574392,267370496.0,99.603271484375,4,4
1775527860,4,11,1,4,emailservice,0.012716344647518219,12.716344647518218,46923776.0,69.921875,1,1
1775527920,4,12,1,4,emailservice,0.012593806752901731,12.593806752901731,46919680.0,69.915771484375,1,1
1775527860,4,11,1,4,paymentservice,0.007675116657065002,3.8375583285325012,56791040.0,42.3126220703125,2,2
1775527920,4,12,1,4,paymentservice,0.0078009141911805635,3.9004570955902818,57606144.0,42.919921875,2,2
1775527860,4,11,1,4,productcatalogservice,0.3277802324556248,109.26007748520826,54124544.0,26.883951822916668,3,3
1775527920,4,12,1,4,productcatalogservice,0.3256734868616042,108.55782895386805,55209984.0,27.423095703125,3,3
1775527860,4,11,1,4,recommendationservice,0.4491102795475465,89.8220559095093,223969280.0,19.417613636363637,5,5
1775527920,4,12,1,4,recommendationservice,0.45465780006798784,90.93156001359756,223928320.0,19.4140625,5,5
1775527860,4,11,1,4,shippingservice,0.03067188042772999,30.671880427729985,19652608.0,29.28466796875,1,1
1775527920,4,12,1,4,shippingservice,0.02810033308020483,28.10033308020483,19595264.0,29.19921875,1,1
1775527920,4,12,1,4,frontend,0.8065547295527012,134.42578825878354,183312384.0,45.526123046875,6,6
1775527980,4,13,1,4,frontend,0.7970087170855521,132.83478618092533,182902784.0,45.42439778645833,6,6
1775527920,4,12,1,4,adservice,0.04585848292676617,22.929241463383086,108380160.0,57.421875,1,1
1775527980,4,13,1,4,adservice,0.04469137747402595,22.345688737012974,108339200.0,57.400173611111114,1,1
1775527920,4,12,1,4,cartservice,0.26332841516075833,43.888069193459714,159559680.0,79.254150390625,3,3
1775527980,4,13,1,4,cartservice,0.2577783658252971,42.96306097088285,165441536.0,82.17569986979166,3,3
1775527920,4,12,1,4,checkoutservice,0.034931505136584586,34.93150513658458,21434368.0,31.939697265625,1,1
1775527980,4,13,1,4,checkoutservice,0.03443669016309906,34.43669016309906,21721088.0,32.366943359375,1,1
1775527920,4,12,1,4,currencyservice,0.3623457650297568,90.5864412574392,267370496.0,99.603271484375,4,4
1775527980,4,13,1,4,currencyservice,0.3654956594916067,91.37391487290166,269668352.0,100.45928955078125,4,4
1775527920,4,12,1,4,emailservice,0.012593806752901731,12.593806752901731,46919680.0,69.915771484375,1,1
1775527980,4,13,1,4,emailservice,0.01287370189660377,12.87370189660377,46919680.0,69.915771484375,1,1
1775527920,4,12,1,4,paymentservice,0.0078009141911805635,3.9004570955902818,57606144.0,42.919921875,2,2
1775527980,4,13,1,4,paymentservice,0.008543969592354284,4.271984796177142,59445248.0,44.2901611328125,2,2
1775527920,4,12,1,4,productcatalogservice,0.3256734868616042,108.55782895386805,55209984.0,27.423095703125,3,3
1775527980,4,13,1,4,productcatalogservice,0.3100277772443682,103.34259241478938,54255616.0,26.949055989583332,3,3
1775527920,4,12,1,4,recommendationservice,0.45465780006798784,90.93156001359756,223928320.0,19.4140625,5,5
1775527980,4,13,1,4,recommendationservice,0.4499355316594312,89.98710633188624,224165888.0,19.43465909090909,5,5
1775527920,4,12,1,4,shippingservice,0.02810033308020483,28.10033308020483,19595264.0,29.19921875,1,1
1775527980,4,13,1,4,shippingservice,0.03175240130326487,31.75240130326487,19496960.0,29.052734375,1,1
1775527980,4,13,1,4,frontend,0.7970087170855521,132.83478618092533,182902784.0,45.42439778645833,6,6
1775528040,4,14,1,4,frontend,0.8150601284076127,135.8433547346021,180133888.0,44.73673502604167,6,6
1775527980,4,13,1,4,adservice,0.04469137747402595,22.345688737012974,108339200.0,57.400173611111114,1,1
1775528040,4,14,1,4,adservice,0.046475653080556976,23.237826540278487,108384256.0,57.42404513888889,1,1
1775527980,4,13,1,4,cartservice,0.2577783658252971,42.96306097088285,165441536.0,82.17569986979166,3,3
1775528040,4,14,1,4,cartservice,0.23386112009591264,38.976853349318766,166506496.0,82.70467122395834,3,3
1775527980,4,13,1,4,checkoutservice,0.03443669016309906,34.43669016309906,21721088.0,32.366943359375,1,1
1775528040,4,14,1,4,checkoutservice,0.033611483456602594,33.61148345660259,21479424.0,32.0068359375,1,1
1775527980,4,13,1,4,currencyservice,0.3654956594916067,91.37391487290166,269668352.0,100.45928955078125,4,4
1775528040,4,14,1,4,currencyservice,0.36505216711086463,91.26304177771615,272171008.0,101.3916015625,4,4
1775527980,4,13,1,4,emailservice,0.01287370189660377,12.87370189660377,46919680.0,69.915771484375,1,1
1775528040,4,14,1,4,emailservice,0.012199624952896877,12.199624952896876,46919680.0,69.915771484375,1,1
1775527980,4,13,1,4,paymentservice,0.008543969592354284,4.271984796177142,59445248.0,44.2901611328125,2,2
1775528040,4,14,1,4,paymentservice,0.007999780728865811,3.999890364432905,60522496.0,45.0927734375,2,2
1775527980,4,13,1,4,productcatalogservice,0.3100277772443682,103.34259241478938,54255616.0,26.949055989583332,3,3
1775528040,4,14,1,4,productcatalogservice,0.32817380062898144,109.39126687632712,53915648.0,26.780192057291668,3,3
1775527980,4,13,1,4,recommendationservice,0.4499355316594312,89.98710633188624,224165888.0,19.43465909090909,5,5
1775528040,4,14,1,4,recommendationservice,0.4459380113456547,89.18760226913093,224002048.0,19.420454545454547,5,5
1775527980,4,13,1,4,shippingservice,0.03175240130326487,31.75240130326487,19496960.0,29.052734375,1,1
1775528040,4,14,1,4,shippingservice,0.030781025478000105,30.781025478000103,19283968.0,28.7353515625,1,1
1775528040,4,14,1,4,frontend,0.8150601284076127,135.8433547346021,180133888.0,44.73673502604167,6,6
1775528100,4,15,1,4,frontend,0.8190820450033752,136.5136741672292,180387840.0,44.7998046875,6,6
1775528040,4,14,1,4,adservice,0.046475653080556976,23.237826540278487,108384256.0,57.42404513888889,1,1
1775528100,4,15,1,4,adservice,0.046476289347133305,23.23814467356665,108761088.0,57.62369791666667,1,1
1775528040,4,14,1,4,cartservice,0.23386112009591264,38.976853349318766,166506496.0,82.70467122395834,3,3
1775528100,4,15,1,4,cartservice,0.24999650833237666,41.66608472206277,167120896.0,83.00984700520834,3,3
1775528040,4,14,1,4,checkoutservice,0.033611483456602594,33.61148345660259,21479424.0,32.0068359375,1,1
1775528100,4,15,1,4,checkoutservice,0.033419068184532996,33.419068184532996,21241856.0,31.65283203125,1,1
1775528040,4,14,1,4,currencyservice,0.36505216711086463,91.26304177771615,272171008.0,101.3916015625,4,4
1775528100,4,15,1,4,currencyservice,0.36379763303362617,90.94940825840654,272355328.0,101.46026611328125,4,4
1775528040,4,14,1,4,emailservice,0.012199624952896877,12.199624952896876,46919680.0,69.915771484375,1,1
1775528100,4,15,1,4,emailservice,0.012317901953294796,12.317901953294797,46919680.0,69.915771484375,1,1
1775528040,4,14,1,4,paymentservice,0.007999780728865811,3.999890364432905,60522496.0,45.0927734375,2,2
1775528100,4,15,1,4,paymentservice,0.007397166795452637,3.6985833977263183,60039168.0,44.732666015625,2,2
1775528040,4,14,1,4,productcatalogservice,0.32817380062898144,109.39126687632712,53915648.0,26.780192057291668,3,3
1775528100,4,15,1,4,productcatalogservice,0.31262797050777485,104.2093235025916,54259712.0,26.951090494791668,3,3
1775528040,4,14,1,4,recommendationservice,0.4459380113456547,89.18760226913093,224002048.0,19.420454545454547,5,5
1775528100,4,15,1,4,recommendationservice,0.46188812390729356,92.3776247814587,223932416.0,19.414417613636363,5,5
1775528040,4,14,1,4,shippingservice,0.030781025478000105,30.781025478000103,19283968.0,28.7353515625,1,1
1775528100,4,15,1,4,shippingservice,0.031149796046430495,31.149796046430495,19492864.0,29.046630859375,1,1
1775528100,4,15,1,4,frontend,0.8190820450033752,136.5136741672292,180387840.0,44.7998046875,6,6
1775528160,4,16,1,4,frontend,0.8040354942177175,134.00591570295288,179535872.0,44.58821614583333,6,6
1775528100,4,15,1,4,adservice,0.046476289347133305,23.23814467356665,108761088.0,57.62369791666667,1,1
1775528160,4,16,1,4,adservice,0.046013857182181456,23.006928591090727,108273664.0,57.365451388888886,1,1
1775528100,4,15,1,4,cartservice,0.24999650833237666,41.66608472206277,167120896.0,83.00984700520834,3,3
1775528160,4,16,1,4,cartservice,0.22565901417360465,37.609835695600765,168873984.0,83.880615234375,3,3
1775528100,4,15,1,4,checkoutservice,0.033419068184532996,33.419068184532996,21241856.0,31.65283203125,1,1
1775528160,4,16,1,4,checkoutservice,0.03647510259022887,36.475102590228865,20983808.0,31.268310546875,1,1
1775528100,4,15,1,4,currencyservice,0.36379763303362617,90.94940825840654,272355328.0,101.46026611328125,4,4
1775528160,4,16,1,4,currencyservice,0.3657257430008948,91.43143575022368,272838656.0,101.64031982421875,4,4
1775528100,4,15,1,4,emailservice,0.012317901953294796,12.317901953294797,46919680.0,69.915771484375,1,1
1775528160,4,16,1,4,emailservice,0.012847570224448867,12.847570224448864,46919680.0,69.915771484375,1,1
1775528100,4,15,1,4,paymentservice,0.007397166795452637,3.6985833977263183,60039168.0,44.732666015625,2,2
1775528160,4,16,1,4,paymentservice,0.008393882444604542,4.196941222302271,61550592.0,45.8587646484375,2,2
1775528100,4,15,1,4,productcatalogservice,0.31262797050777485,104.2093235025916,54259712.0,26.951090494791668,3,3
1775528160,4,16,1,4,productcatalogservice,0.3237090805179492,107.90302683931638,53420032.0,26.534016927083332,3,3
1775528100,4,15,1,4,recommendationservice,0.46188812390729356,92.3776247814587,223932416.0,19.414417613636363,5,5
1775528160,4,16,1,4,recommendationservice,0.4514796580730096,90.29593161460193,223985664.0,19.41903409090909,5,5
1775528100,4,15,1,4,shippingservice,0.031149796046430495,31.149796046430495,19492864.0,29.046630859375,1,1
1775528160,4,16,1,4,shippingservice,0.031845647091450525,31.845647091450523,18837504.0,28.070068359375,1,1
1775528160,4,16,1,4,frontend,0.8040354942177175,134.00591570295288,179535872.0,44.58821614583333,6,6
1775528220,4,17,1,4,frontend,0.796811656370633,132.8019427284388,178851840.0,44.4183349609375,6,6
1775528160,4,16,1,4,adservice,0.046013857182181456,23.006928591090727,108273664.0,57.365451388888886,1,1
1775528220,4,17,1,4,adservice,0.04578605896236145,22.893029481180722,108191744.0,57.32204861111111,1,1
1775528160,4,16,1,4,cartservice,0.22565901417360465,56.41475354340116,168873984.0,125.8209228515625,2,2
1775528220,4,17,1,4,cartservice,0.2400903922043516,60.0225980510879,170512384.0,127.0416259765625,2,2
1775528160,4,16,1,4,checkoutservice,0.03647510259022887,36.475102590228865,20983808.0,31.268310546875,1,1
1775528220,4,17,1,4,checkoutservice,0.03320726096064445,33.20726096064445,20914176.0,31.16455078125,1,1
1775528160,4,16,1,4,currencyservice,0.3657257430008948,91.43143575022368,272838656.0,101.64031982421875,4,4
1775528220,4,17,1,4,currencyservice,0.3622665790790761,90.56664476976903,274759680.0,102.35595703125,4,4
1775528160,4,16,1,4,emailservice,0.012847570224448867,12.847570224448864,46919680.0,69.915771484375,1,1
1775528220,4,17,1,4,emailservice,0.011179424949527025,11.179424949527023,46919680.0,69.915771484375,1,1
1775528160,4,16,1,4,paymentservice,0.008393882444604542,4.196941222302271,61550592.0,45.8587646484375,2,2
1775528220,4,17,1,4,paymentservice,0.007606071298368228,3.803035649184114,61308928.0,45.6787109375,2,2
1775528160,4,16,1,4,productcatalogservice,0.3237090805179492,107.90302683931638,53420032.0,26.534016927083332,3,3
1775528220,4,17,1,4,productcatalogservice,0.32744473745774777,109.14824581924924,53895168.0,26.77001953125,3,3
1775528160,4,16,1,4,recommendationservice,0.4514796580730096,90.29593161460193,223985664.0,19.41903409090909,5,5
1775528220,4,17,1,4,recommendationservice,0.4548069290398691,90.96138580797381,223862784.0,19.408380681818183,5,5
1775528160,4,16,1,4,shippingservice,0.031845647091450525,31.845647091450523,18837504.0,28.070068359375,1,1
1775528220,4,17,1,4,shippingservice,0.030433005642602467,30.433005642602467,18866176.0,28.11279296875,1,1
1775528220,4,17,1,4,frontend,0.796811656370633,132.8019427284388,178851840.0,44.4183349609375,6,6
1775528280,4,18,1,4,frontend,0.7836950356286838,130.6158392714473,179601408.0,44.6044921875,6,6
1775528220,4,17,1,4,adservice,0.04578605896236145,22.893029481180722,108191744.0,57.32204861111111,1,1
1775528280,4,18,1,4,adservice,0.04577653325060343,22.88826662530171,108240896.0,57.34809027777777,1,1
1775528220,4,17,1,4,cartservice,0.2400903922043516,40.01506536739193,170512384.0,84.69441731770834,3,2
1775528280,4,18,1,4,cartservice,0.2570546507697955,42.842441794965914,135217152.0,67.1630859375,3,2
1775528220,4,17,1,4,checkoutservice,0.03320726096064445,33.20726096064445,20914176.0,31.16455078125,1,1
1775528280,4,18,1,4,checkoutservice,0.034822228139934026,34.822228139934026,21057536.0,31.378173828125,1,1
1775528220,4,17,1,4,currencyservice,0.3622665790790761,90.56664476976903,274759680.0,102.35595703125,4,4
1775528280,4,18,1,4,currencyservice,0.35611827620211955,89.02956905052989,275132416.0,102.49481201171875,4,4
1775528220,4,17,1,4,emailservice,0.011179424949527025,11.179424949527023,46919680.0,69.915771484375,1,1
1775528280,4,18,1,4,emailservice,0.012646123908063888,12.646123908063888,46923776.0,69.921875,1,1
1775528220,4,17,1,4,paymentservice,0.007606071298368228,3.803035649184114,61308928.0,45.6787109375,2,2
1775528280,4,18,1,4,paymentservice,0.007222215174596993,3.611107587298496,62857216.0,46.832275390625,2,2
1775528220,4,17,1,4,productcatalogservice,0.32744473745774777,109.14824581924924,53895168.0,26.77001953125,3,3
1775528280,4,18,1,4,productcatalogservice,0.3314011778779389,110.46705929264628,53604352.0,26.625569661458332,3,3
1775528220,4,17,1,4,recommendationservice,0.4548069290398691,90.96138580797381,223862784.0,19.408380681818183,5,5
1775528280,4,18,1,4,recommendationservice,0.4615144456400881,92.30288912801761,223895552.0,19.411221590909093,5,5
1775528220,4,17,1,4,shippingservice,0.030433005642602467,30.433005642602467,18866176.0,28.11279296875,1,1
1775528280,4,18,1,4,shippingservice,0.030638175534772754,30.638175534772756,19083264.0,28.436279296875,1,1
1775528280,4,18,1,4,frontend,0.7836950356286838,130.6158392714473,179601408.0,44.6044921875,6,6
1775528340,4,19,1,4,frontend,0.8056369868544825,134.27283114241374,177954816.0,44.195556640625,6,6
1775528280,4,18,1,4,adservice,0.04577653325060343,22.88826662530171,108240896.0,57.34809027777777,1,1
1775528340,4,19,1,4,adservice,0.04636650466542226,23.18325233271113,108228608.0,57.341579861111114,1,1
1775528280,4,18,1,4,cartservice,0.2570546507697955,42.842441794965914,135217152.0,67.1630859375,3,3
1775528340,4,19,1,4,cartservice,0.27442179918566767,45.736966530944606,160686080.0,79.81363932291666,3,3
1775528280,4,18,1,4,checkoutservice,0.034822228139934026,34.822228139934026,21057536.0,31.378173828125,1,1
1775528340,4,19,1,4,checkoutservice,0.03631461825037831,36.3146182503783,21229568.0,31.634521484375,1,1
1775528280,4,18,1,4,currencyservice,0.35611827620211955,89.02956905052989,275132416.0,102.49481201171875,4,4
1775528340,4,19,1,4,currencyservice,0.367864653923856,91.96616348096398,277340160.0,103.3172607421875,4,4
1775528280,4,18,1,4,emailservice,0.012646123908063888,12.646123908063888,46923776.0,69.921875,1,1
1775528340,4,19,1,4,emailservice,0.012764488498013713,12.764488498013712,46919680.0,69.915771484375,1,1
1775528280,4,18,1,4,paymentservice,0.007222215174596993,3.611107587298496,62857216.0,46.832275390625,2,2
1775528340,4,19,1,4,paymentservice,0.007572417761292913,3.7862088806464564,62820352.0,46.8048095703125,2,2
1775528280,4,18,1,4,productcatalogservice,0.3314011778779389,110.46705929264628,53604352.0,26.625569661458332,3,3
1775528340,4,19,1,4,productcatalogservice,0.3280589838743053,109.35299462476841,52224000.0,25.93994140625,3,3
1775528280,4,18,1,4,recommendationservice,0.4615144456400881,92.30288912801761,223895552.0,19.411221590909093,5,5
1775528340,4,19,1,4,recommendationservice,0.4526256895396339,90.52513790792678,223895552.0,19.411221590909093,5,5
1775528280,4,18,1,4,shippingservice,0.030638175534772754,30.638175534772756,19083264.0,28.436279296875,1,1
1775528340,4,19,1,4,shippingservice,0.031187649083113448,31.187649083113445,19062784.0,28.40576171875,1,1
1775528340,4,19,1,4,frontend,0.8056369868544825,134.27283114241374,177954816.0,44.195556640625,6,6
1775528400,4,20,1,4,frontend,0.7824631384720847,130.41052307868077,180572160.0,44.8455810546875,6,6
1775528340,4,19,1,4,adservice,0.04636650466542226,23.18325233271113,108228608.0,57.341579861111114,1,1
1775528400,4,20,1,4,adservice,0.04480921412278724,22.40460706139362,108290048.0,57.37413194444444,1,1
1775528340,4,19,1,4,cartservice,0.27442179918566767,45.736966530944606,160686080.0,79.81363932291666,3,3
1775528400,4,20,1,4,cartservice,0.27268131153534375,45.44688525589062,165875712.0,82.391357421875,3,3
1775528340,4,19,1,4,checkoutservice,0.03631461825037831,36.3146182503783,21229568.0,31.634521484375,1,1
1775528400,4,20,1,4,checkoutservice,0.031067701920986047,31.067701920986046,21504000.0,32.04345703125,1,1
1775528340,4,19,1,4,currencyservice,0.367864653923856,91.96616348096398,277340160.0,103.3172607421875,4,4
1775528400,4,20,1,4,currencyservice,0.3639783510149191,90.99458775372977,279494656.0,104.119873046875,4,4
1775528340,4,19,1,4,emailservice,0.012764488498013713,12.764488498013712,46919680.0,69.915771484375,1,1
1775528400,4,20,1,4,emailservice,0.012257514430340188,12.257514430340187,46915584.0,69.90966796875,1,1
1775528340,4,19,1,4,paymentservice,0.007572417761292913,3.7862088806464564,62820352.0,46.8048095703125,2,2
1775528400,4,20,1,4,paymentservice,0.00726786469856839,3.6339323492841946,64196608.0,47.8302001953125,2,2
1775528340,4,19,1,4,productcatalogservice,0.3280589838743053,109.35299462476841,52224000.0,25.93994140625,3,3
1775528400,4,20,1,4,productcatalogservice,0.323616626940444,107.872208980148,52600832.0,26.127115885416668,3,3
1775528340,4,19,1,4,recommendationservice,0.4526256895396339,90.52513790792678,223895552.0,19.411221590909093,5,5
1775528400,4,20,1,4,recommendationservice,0.44290593536337525,88.58118707267505,224018432.0,19.421875,5,5
1775528340,4,19,1,4,shippingservice,0.031187649083113448,31.187649083113445,19062784.0,28.40576171875,1,1
1775528400,4,20,1,4,shippingservice,0.030373418009032087,30.373418009032083,19013632.0,28.33251953125,1,1
1775528400,4,20,1,4,frontend,0.7824631384720847,130.41052307868077,180572160.0,44.8455810546875,6,6
1775528460,4,21,1,4,frontend,0.8067831270667243,134.46385451112067,178507776.0,44.3328857421875,6,6
1775528400,4,20,1,4,adservice,0.04480921412278724,22.40460706139362,108290048.0,57.37413194444444,1,1
1775528460,4,21,1,4,adservice,0.04496936472106118,22.484682360530588,108494848.0,57.48263888888889,1,1
1775528400,4,20,1,4,cartservice,0.27268131153534375,45.44688525589062,165875712.0,82.391357421875,3,3
1775528460,4,21,1,4,cartservice,0.23344436967632806,38.907394946054666,166047744.0,82.476806640625,3,3
1775528400,4,20,1,4,checkoutservice,0.031067701920986047,31.067701920986046,21504000.0,32.04345703125,1,1
1775528460,4,21,1,4,checkoutservice,0.03536649053648859,35.366490536488584,21630976.0,32.232666015625,1,1
1775528400,4,20,1,4,currencyservice,0.3639783510149191,90.99458775372977,279494656.0,104.119873046875,4,4
1775528460,4,21,1,4,currencyservice,0.3637118179785337,90.92795449463343,280068096.0,104.33349609375,4,4
1775528400,4,20,1,4,emailservice,0.012257514430340188,12.257514430340187,46915584.0,69.90966796875,1,1
1775528460,4,21,1,4,emailservice,0.012786140589567103,12.786140589567102,46919680.0,69.915771484375,1,1
1775528400,4,20,1,4,paymentservice,0.00726786469856839,3.6339323492841946,64196608.0,47.8302001953125,2,2
1775528460,4,21,1,4,paymentservice,0.007498400666804399,3.7492003334021993,64520192.0,48.0712890625,2,2
1775528400,4,20,1,4,productcatalogservice,0.323616626940444,107.872208980148,52600832.0,26.127115885416668,3,3
1775528460,4,21,1,4,productcatalogservice,0.32488198987956945,108.29399662652312,52924416.0,26.287841796875,3,3
1775528400,4,20,1,4,recommendationservice,0.44290593536337525,88.58118707267505,224018432.0,19.421875,5,5
1775528460,4,21,1,4,recommendationservice,0.4502280345728179,90.04560691456358,224157696.0,19.433948863636363,5,5
1775528400,4,20,1,4,shippingservice,0.030373418009032087,30.373418009032083,19013632.0,28.33251953125,1,1
1775528460,4,21,1,4,shippingservice,0.03207920748312269,32.07920748312269,19234816.0,28.662109375,1,1
1775528460,4,21,1,4,frontend,0.8067831270667243,134.46385451112067,178507776.0,44.3328857421875,6,6
1775528520,4,22,1,4,frontend,0.810070714821037,135.01178580350614,179798016.0,44.6533203125,6,6
1775528460,4,21,1,4,adservice,0.04496936472106118,22.484682360530588,108494848.0,57.48263888888889,1,1
1775528520,4,22,1,4,adservice,0.04548768825299638,22.74384412649819,108281856.0,57.36979166666667,1,1
1775528460,4,21,1,4,cartservice,0.23344436967632806,38.907394946054666,166047744.0,82.476806640625,3,3
1775528520,4,22,1,4,cartservice,0.2297844002556604,38.297400042610064,167686144.0,83.29060872395834,3,3
1775528460,4,21,1,4,checkoutservice,0.03536649053648859,35.366490536488584,21630976.0,32.232666015625,1,1
1775528520,4,22,1,4,checkoutservice,0.03899352885818132,38.993528858181314,21504000.0,32.04345703125,1,1
1775528460,4,21,1,4,currencyservice,0.3637118179785337,90.92795449463343,280068096.0,104.33349609375,4,4
1775528520,4,22,1,4,currencyservice,0.35883272443434044,89.70818110858511,283021312.0,105.43365478515625,4,4
1775528460,4,21,1,4,emailservice,0.012786140589567103,12.786140589567102,46919680.0,69.915771484375,1,1
1775528520,4,22,1,4,emailservice,0.013455160709905918,13.455160709905917,46919680.0,69.915771484375,1,1
1775528460,4,21,1,4,paymentservice,0.007498400666804399,3.7492003334021993,64520192.0,48.0712890625,2,2
1775528520,4,22,1,4,paymentservice,0.008330107281430379,4.165053640715189,65437696.0,48.7548828125,2,2
1775528460,4,21,1,4,productcatalogservice,0.32488198987956945,108.29399662652312,52924416.0,26.287841796875,3,3
1775528520,4,22,1,4,productcatalogservice,0.3257231068203227,108.57436894010755,52768768.0,26.210530598958332,3,3
1775528460,4,21,1,4,recommendationservice,0.4502280345728179,90.04560691456358,224157696.0,19.433948863636363,5,5
1775528520,4,22,1,4,recommendationservice,0.4489329605196564,89.78659210393128,224067584.0,19.426136363636363,5,5
1775528460,4,21,1,4,shippingservice,0.03207920748312269,32.07920748312269,19234816.0,28.662109375,1,1
1775528520,4,22,1,4,shippingservice,0.031447688182073545,31.44768818207354,19308544.0,28.77197265625,1,1
1775528520,4,22,1,4,frontend,0.810070714821037,135.01178580350614,179798016.0,44.6533203125,6,6
1775528580,4,23,1,4,frontend,0.8059629647994042,134.32716079990067,179511296.0,44.58211263020833,6,6
1775528520,4,22,1,4,adservice,0.04548768825299638,22.74384412649819,108281856.0,57.36979166666667,1,1
1775528580,4,23,1,4,adservice,0.045181986764970795,22.590993382485397,108228608.0,57.341579861111114,1,1
1775528520,4,22,1,4,cartservice,0.2297844002556604,57.4461000639151,167686144.0,124.9359130859375,2,2
1775528580,4,23,1,4,cartservice,0.22539542919885547,56.34885729971386,168673280.0,125.67138671875,2,2
1775528520,4,22,1,4,checkoutservice,0.03899352885818132,38.993528858181314,21504000.0,32.04345703125,1,1
1775528580,4,23,1,4,checkoutservice,0.03813878444356649,38.138784443566486,21774336.0,32.4462890625,1,1
1775528520,4,22,1,4,currencyservice,0.35883272443434044,89.70818110858511,283021312.0,105.43365478515625,4,4
1775528580,4,23,1,4,currencyservice,0.36818524345257275,92.04631086314319,283742208.0,105.70220947265625,4,4
1775528520,4,22,1,4,emailservice,0.013455160709905918,13.455160709905917,46919680.0,69.915771484375,1,1
1775528580,4,23,1,4,emailservice,0.013613458222295493,13.61345822229549,46919680.0,69.915771484375,1,1
1775528520,4,22,1,4,paymentservice,0.008330107281430379,4.165053640715189,65437696.0,48.7548828125,2,2
1775528580,4,23,1,4,paymentservice,0.008538413654309424,4.2692068271547114,65654784.0,48.9166259765625,2,2
1775528520,4,22,1,4,productcatalogservice,0.3257231068203227,108.57436894010755,52768768.0,26.210530598958332,3,3
1775528580,4,23,1,4,productcatalogservice,0.3258804661745888,108.62682205819625,53235712.0,26.442464192708332,3,3
1775528520,4,22,1,4,recommendationservice,0.4489329605196564,89.78659210393128,224067584.0,19.426136363636363,5,5
1775528580,4,23,1,4,recommendationservice,0.4494785515480866,89.89571030961731,224325632.0,19.448508522727273,5,5
1775528520,4,22,1,4,shippingservice,0.031447688182073545,31.44768818207354,19308544.0,28.77197265625,1,1
1775528580,4,23,1,4,shippingservice,0.03196324544275192,31.96324544275192,19640320.0,29.266357421875,1,1
1775528580,4,23,1,4,frontend,0.8059629647994042,134.32716079990067,179511296.0,44.58211263020833,6,6
1775528640,4,24,1,4,frontend,0.806039875696019,134.33997928266982,179167232.0,44.49666341145833,6,6
1775528580,4,23,1,4,adservice,0.045181986764970795,22.590993382485397,108228608.0,57.341579861111114,1,1
1775528640,4,24,1,4,adservice,0.04567325226453743,22.836626132268716,108273664.0,57.365451388888886,1,1
1775528580,4,23,1,4,cartservice,0.22539542919885547,56.34885729971386,168673280.0,125.67138671875,2,2
1775528640,4,24,1,4,cartservice,0.2482799392201273,62.06998480503182,134705152.0,100.3631591796875,2,2
1775528580,4,23,1,4,checkoutservice,0.03813878444356649,38.138784443566486,21774336.0,32.4462890625,1,1
1775528640,4,24,1,4,checkoutservice,0.03884723825382679,38.84723825382679,21610496.0,32.2021484375,1,1
1775528580,4,23,1,4,currencyservice,0.36818524345257275,92.04631086314319,283742208.0,105.70220947265625,4,4
1775528640,4,24,1,4,currencyservice,0.3724080479029108,93.1020119757277,285433856.0,106.3323974609375,4,4
1775528580,4,23,1,4,emailservice,0.013613458222295493,13.61345822229549,46919680.0,69.915771484375,1,1
1775528640,4,24,1,4,emailservice,0.013702844202900478,13.702844202900478,46927872.0,69.927978515625,1,1
1775528580,4,23,1,4,paymentservice,0.008538413654309424,4.2692068271547114,65654784.0,48.9166259765625,2,2
1775528640,4,24,1,4,paymentservice,0.00793893681794263,3.969468408971314,66248704.0,49.359130859375,2,2
1775528580,4,23,1,4,productcatalogservice,0.3258804661745888,108.62682205819625,53235712.0,26.442464192708332,3,3
1775528640,4,24,1,4,productcatalogservice,0.33007763970124104,110.02587990041366,53170176.0,26.409912109375,3,3
1775528580,4,23,1,4,recommendationservice,0.4494785515480866,89.89571030961731,224325632.0,19.448508522727273,5,5
1775528640,4,24,1,4,recommendationservice,0.4402171246846487,88.04342493692974,223944704.0,19.415482954545453,5,5
1775528580,4,23,1,4,shippingservice,0.03196324544275192,31.96324544275192,19640320.0,29.266357421875,1,1
1775528640,4,24,1,4,shippingservice,0.03247496834561626,32.474968345616254,19320832.0,28.790283203125,1,1
1775528640,4,24,1,4,frontend,0.806039875696019,134.33997928266982,179167232.0,44.49666341145833,6,6
1775528700,4,25,1,4,frontend,0.8167331944803828,136.12219908006378,179212288.0,44.50785319010417,6,6
1775528640,4,24,1,4,adservice,0.04567325226453743,22.836626132268716,108273664.0,57.365451388888886,1,1
1775528700,4,25,1,4,adservice,0.04715538356862055,23.57769178431027,108339200.0,57.400173611111114,1,1
1775528640,4,24,1,4,cartservice,0.2482799392201273,41.37998987002121,134705152.0,66.90877278645834,3,2
1775528700,4,25,1,4,cartservice,0.24825921283687766,41.37653547281294,134742016.0,66.92708333333334,3,2
1775528640,4,24,1,4,checkoutservice,0.03884723825382679,38.84723825382679,21610496.0,32.2021484375,1,1
1775528700,4,25,1,4,checkoutservice,0.03488711620957457,34.887116209574565,21110784.0,31.45751953125,1,1
1775528640,4,24,1,4,currencyservice,0.3724080479029108,93.1020119757277,285433856.0,106.3323974609375,4,4
1775528700,4,25,1,4,currencyservice,0.36800551132836107,92.00137783209026,286932992.0,106.890869140625,4,4
1775528640,4,24,1,4,emailservice,0.013702844202900478,13.702844202900478,46927872.0,69.927978515625,1,1
1775528700,4,25,1,4,emailservice,0.012607696936648493,12.607696936648491,46923776.0,69.921875,1,1
1775528640,4,24,1,4,paymentservice,0.00793893681794263,3.969468408971314,66248704.0,49.359130859375,2,2
1775528700,4,25,1,4,paymentservice,0.007583550391696279,3.791775195848139,67092480.0,49.98779296875,2,2
1775528640,4,24,1,4,productcatalogservice,0.33007763970124104,110.02587990041366,53170176.0,26.409912109375,3,3
1775528700,4,25,1,4,productcatalogservice,0.33383330153400775,111.27776717800258,52994048.0,26.322428385416668,3,3
1775528640,4,24,1,4,recommendationservice,0.4402171246846487,88.04342493692974,223944704.0,19.415482954545453,5,5
1775528700,4,25,1,4,recommendationservice,0.4575487803398025,91.5097560679605,223875072.0,19.409446022727273,5,5
1775528640,4,24,1,4,shippingservice,0.03247496834561626,32.474968345616254,19320832.0,28.790283203125,1,1
1775528700,4,25,1,4,shippingservice,0.031116784720363156,31.116784720363157,19197952.0,28.607177734375,1,1
1775528700,4,25,1,4,frontend,0.8167331944803828,136.12219908006378,179212288.0,44.50785319010417,6,6
1775528760,4,26,1,4,frontend,0.8025095404229451,133.75159007049083,180277248.0,44.7723388671875,6,6
1775528700,4,25,1,4,adservice,0.04715538356862055,23.57769178431027,108339200.0,57.400173611111114,1,1
1775528760,4,26,1,4,adservice,0.046781153171343355,23.390576585671678,108285952.0,57.37196180555556,1,1
1775528700,4,25,1,4,cartservice,0.24825921283687766,41.37653547281294,134742016.0,66.92708333333334,3,3
1775528760,4,26,1,4,cartservice,0.2659501720867523,44.325028681125374,160276480.0,79.61018880208334,3,3
1775528700,4,25,1,4,checkoutservice,0.03488711620957457,34.887116209574565,21110784.0,31.45751953125,1,1
1775528760,4,26,1,4,checkoutservice,0.0353885989183676,35.3885989183676,21540864.0,32.098388671875,1,1
1775528700,4,25,1,4,currencyservice,0.36800551132836107,92.00137783209026,286932992.0,106.890869140625,4,4
1775528760,4,26,1,4,currencyservice,0.3608985258158931,90.22463145397327,289648640.0,107.90252685546875,4,4
1775528700,4,25,1,4,emailservice,0.012607696936648493,12.607696936648491,46923776.0,69.921875,1,1
1775528760,4,26,1,4,emailservice,0.01252880888113694,12.528808881136937,46919680.0,69.915771484375,1,1
1775528700,4,25,1,4,paymentservice,0.007583550391696279,3.791775195848139,67092480.0,49.98779296875,2,2
1775528760,4,26,1,4,paymentservice,0.0069597628490381935,3.479881424519096,67911680.0,50.59814453125,2,2
1775528700,4,25,1,4,productcatalogservice,0.33383330153400775,111.27776717800258,52994048.0,26.322428385416668,3,3
1775528760,4,26,1,4,productcatalogservice,0.33199772711910863,110.66590903970285,53325824.0,26.487223307291668,3,3
1775528700,4,25,1,4,recommendationservice,0.4575487803398025,91.5097560679605,223875072.0,19.409446022727273,5,5
1775528760,4,26,1,4,recommendationservice,0.4601484117545125,92.0296823509025,224518144.0,19.465198863636363,5,5
1775528700,4,25,1,4,shippingservice,0.031116784720363156,31.116784720363157,19197952.0,28.607177734375,1,1
1775528760,4,26,1,4,shippingservice,0.027260542477334476,27.260542477334475,19484672.0,29.034423828125,1,1
1775528760,4,26,1,4,frontend,0.8025095404229451,133.75159007049083,180277248.0,44.7723388671875,6,6
1775528820,4,27,1,4,frontend,0.7970401485080477,132.84002475134128,178462720.0,44.32169596354167,6,6
1775528760,4,26,1,4,adservice,0.046781153171343355,23.390576585671678,108285952.0,57.37196180555556,1,1
1775528820,4,27,1,4,adservice,0.04644110731826185,23.220553659130925,108326912.0,57.39366319444444,1,1
1775528760,4,26,1,4,cartservice,0.2659501720867523,44.325028681125374,160276480.0,79.61018880208334,3,3
1775528820,4,27,1,4,cartservice,0.2647244217303859,44.12073695506431,165584896.0,82.24690755208334,3,3
1775528760,4,26,1,4,checkoutservice,0.0353885989183676,35.3885989183676,21540864.0,32.098388671875,1,1
1775528820,4,27,1,4,checkoutservice,0.03249237887272733,32.49237887272733,21467136.0,31.988525390625,1,1
1775528760,4,26,1,4,currencyservice,0.3608985258158931,90.22463145397327,289648640.0,107.90252685546875,4,4
1775528820,4,27,1,4,currencyservice,0.3554274518827253,88.85686297068132,290045952.0,108.050537109375,4,4
1775528760,4,26,1,4,emailservice,0.01252880888113694,12.528808881136937,46919680.0,69.915771484375,1,1
1775528820,4,27,1,4,emailservice,0.011839167068778064,11.839167068778064,46923776.0,69.921875,1,1
1775528760,4,26,1,4,paymentservice,0.0069597628490381935,3.479881424519096,67911680.0,50.59814453125,2,2
1775528820,4,27,1,4,paymentservice,0.0063760916098285995,3.1880458049142995,68677632.0,51.1688232421875,2,2
1775528760,4,26,1,4,productcatalogservice,0.33199772711910863,110.66590903970285,53325824.0,26.487223307291668,3,3
1775528820,4,27,1,4,productcatalogservice,0.3261332845795172,108.71109485983905,53342208.0,26.495361328125,3,3
1775528760,4,26,1,4,recommendationservice,0.4601484117545125,92.0296823509025,224518144.0,19.465198863636363,5,5
1775528820,4,27,1,4,recommendationservice,0.45511550586722427,91.02310117344486,223891456.0,19.41086647727273,5,5
1775528760,4,26,1,4,shippingservice,0.027260542477334476,27.260542477334475,19484672.0,29.034423828125,1,1
1775528820,4,27,1,4,shippingservice,0.029009884872442538,29.009884872442537,19169280.0,28.564453125,1,1
1775528820,4,27,1,4,frontend,0.7970401485080477,132.84002475134128,178462720.0,44.32169596354167,6,6
1775528880,4,28,1,4,frontend,0.806902537965322,134.48375632755364,180015104.0,44.70723470052083,6,6
1775528820,4,27,1,4,adservice,0.04644110731826185,23.220553659130925,108326912.0,57.39366319444444,1,1
1775528880,4,28,1,4,adservice,0.04570216096617602,22.85108048308801,108331008.0,57.395833333333336,1,1
1775528820,4,27,1,4,cartservice,0.2647244217303859,44.12073695506431,165584896.0,82.24690755208334,3,3
1775528880,4,28,1,4,cartservice,0.24020612652646597,40.03435442107766,166686720.0,82.794189453125,3,3
1775528820,4,27,1,4,checkoutservice,0.03249237887272733,32.49237887272733,21467136.0,31.988525390625,1,1
1775528880,4,28,1,4,checkoutservice,0.03235855444674059,32.358554446740584,21479424.0,32.0068359375,1,1
1775528820,4,27,1,4,currencyservice,0.3554274518827253,88.85686297068132,290045952.0,108.050537109375,4,4
1775528880,4,28,1,4,currencyservice,0.3613044558575833,90.32611396439583,292823040.0,109.0850830078125,4,4
1775528820,4,27,1,4,emailservice,0.011839167068778064,11.839167068778064,46923776.0,69.921875,1,1
1775528880,4,28,1,4,emailservice,0.011727880067092408,11.727880067092407,46919680.0,69.915771484375,1,1
1775528820,4,27,1,4,paymentservice,0.0063760916098285995,3.1880458049142995,68677632.0,51.1688232421875,2,2
1775528880,4,28,1,4,paymentservice,0.008191905262631836,4.095952631315917,70090752.0,52.2216796875,2,2
1775528820,4,27,1,4,productcatalogservice,0.3261332845795172,108.71109485983905,53342208.0,26.495361328125,3,3
1775528880,4,28,1,4,productcatalogservice,0.32764598105595133,109.21532701865043,54079488.0,26.861572265625,3,3
1775528820,4,27,1,4,recommendationservice,0.45511550586722427,91.02310117344486,223891456.0,19.41086647727273,5,5
1775528880,4,28,1,4,recommendationservice,0.45469503014921514,90.93900602984303,223875072.0,19.409446022727273,5,5
1775528820,4,27,1,4,shippingservice,0.029009884872442538,29.009884872442537,19169280.0,28.564453125,1,1
1775528880,4,28,1,4,shippingservice,0.029573957810139363,29.573957810139362,19517440.0,29.083251953125,1,1
1775528880,4,28,1,4,frontend,0.806902537965322,134.48375632755364,180015104.0,44.70723470052083,6,6
1775528940,4,29,1,4,frontend,0.7887145490141367,131.45242483568944,178982912.0,44.45088704427083,6,6
1775528880,4,28,1,4,adservice,0.04570216096617602,22.85108048308801,108331008.0,57.395833333333336,1,1
1775528940,4,29,1,4,adservice,0.046206338560376405,23.1031692801882,108277760.0,57.36762152777778,1,1
1775528880,4,28,1,4,cartservice,0.24020612652646597,40.03435442107766,166686720.0,82.794189453125,3,3
1775528940,4,29,1,4,cartservice,0.2271612569857665,37.86020949762774,168075264.0,83.48388671875,3,3
1775528880,4,28,1,4,checkoutservice,0.03235855444674059,32.358554446740584,21479424.0,32.0068359375,1,1
1775528940,4,29,1,4,checkoutservice,0.03340967291810671,33.40967291810671,21606400.0,32.196044921875,1,1
1775528880,4,28,1,4,currencyservice,0.3613044558575833,90.32611396439583,292823040.0,109.0850830078125,4,4
1775528940,4,29,1,4,currencyservice,0.3641942859923028,91.04857149807569,294158336.0,109.58251953125,4,4
1775528880,4,28,1,4,emailservice,0.011727880067092408,11.727880067092407,46919680.0,69.915771484375,1,1
1775528940,4,29,1,4,emailservice,0.01244240566168022,12.442405661680219,46923776.0,69.921875,1,1
1775528880,4,28,1,4,paymentservice,0.008191905262631836,4.095952631315917,70090752.0,52.2216796875,2,2
1775528940,4,29,1,4,paymentservice,0.008434211895522693,4.217105947761346,70672384.0,52.655029296875,2,2
1775528880,4,28,1,4,productcatalogservice,0.32764598105595133,109.21532701865043,54079488.0,26.861572265625,3,3
1775528940,4,29,1,4,productcatalogservice,0.3229543253560144,107.65144178533812,54329344.0,26.985677083333332,3,3
1775528880,4,28,1,4,recommendationservice,0.45469503014921514,90.93900602984303,223875072.0,19.409446022727273,5,5
1775528940,4,29,1,4,recommendationservice,0.4447039496212969,88.94078992425938,224739328.0,19.484375,5,5
1775528880,4,28,1,4,shippingservice,0.029573957810139363,29.573957810139362,19517440.0,29.083251953125,1,1
1775528940,4,29,1,4,shippingservice,0.029897971273463046,29.897971273463043,19365888.0,28.857421875,1,1
1775528940,4,29,1,4,frontend,0.7887145490141367,131.45242483568944,178982912.0,44.45088704427083,6,6
1775529000,4,30,1,4,frontend,0.8066536357564489,134.4422726260748,181014528.0,44.9554443359375,6,6
1775528940,4,29,1,4,adservice,0.046206338560376405,23.1031692801882,108277760.0,57.36762152777778,1,1
1775529000,4,30,1,4,adservice,0.04708287105791616,23.54143552895808,108285952.0,57.37196180555556,1,1
1775528940,4,29,1,4,cartservice,0.2271612569857665,37.86020949762774,168075264.0,83.48388671875,3,3
1775529000,4,30,1,4,cartservice,0.23821467798620571,39.70244633103428,169811968.0,84.34651692708334,3,3
1775528940,4,29,1,4,checkoutservice,0.03340967291810671,33.40967291810671,21606400.0,32.196044921875,1,1
1775529000,4,30,1,4,checkoutservice,0.03553593326149506,35.53593326149505,21594112.0,32.177734375,1,1
1775528940,4,29,1,4,currencyservice,0.3641942859923028,91.04857149807569,294158336.0,109.58251953125,4,4
1775529000,4,30,1,4,currencyservice,0.36671641857095166,91.67910464273791,294481920.0,109.70306396484375,4,4
1775528940,4,29,1,4,emailservice,0.01244240566168022,12.442405661680219,46923776.0,69.921875,1,1
1775529000,4,30,1,4,emailservice,0.01275316382547962,12.753163825479618,46919680.0,69.915771484375,1,1
1775528940,4,29,1,4,paymentservice,0.008434211895522693,4.217105947761346,70672384.0,52.655029296875,2,2
1775529000,4,30,1,4,paymentservice,0.0072278994668435025,3.6139497334217507,71831552.0,53.5186767578125,2,2
1775528940,4,29,1,4,productcatalogservice,0.3229543253560144,107.65144178533812,54329344.0,26.985677083333332,3,3
1775529000,4,30,1,4,productcatalogservice,0.32407300266816963,108.0243342227232,53682176.0,26.664225260416668,3,3
1775528940,4,29,1,4,recommendationservice,0.4447039496212969,88.94078992425938,224739328.0,19.484375,5,5
1775529000,4,30,1,4,recommendationservice,0.4475892590005593,89.51785180011186,224190464.0,19.436789772727273,5,5
1775528940,4,29,1,4,shippingservice,0.029897971273463046,29.897971273463043,19365888.0,28.857421875,1,1
1775529000,4,30,1,4,shippingservice,0.028126312110641326,28.126312110641326,19214336.0,28.631591796875,1,1
1775529000,4,30,1,4,frontend,0.8066536357564489,134.4422726260748,181014528.0,44.9554443359375,6,6
1775529060,4,31,1,4,frontend,0.7973542830000278,132.8923805000046,175247360.0,43.52315266927083,6,6
1775529000,4,30,1,4,adservice,0.04708287105791616,23.54143552895808,108285952.0,57.37196180555556,1,1
1775529060,4,31,1,4,adservice,0.04695721390219588,23.478606951097937,108335104.0,57.39800347222223,1,1
1775529000,4,30,1,4,cartservice,0.23821467798620571,39.70244633103428,169811968.0,84.34651692708334,3,3
1775529060,4,31,1,4,cartservice,0.2648276195357304,44.137936589288394,170774528.0,84.82462565104166,3,3
1775529000,4,30,1,4,checkoutservice,0.03553593326149506,35.53593326149505,21594112.0,32.177734375,1,1
1775529060,4,31,1,4,checkoutservice,0.03342631594028602,33.42631594028602,21598208.0,32.183837890625,1,1
1775529000,4,30,1,4,currencyservice,0.36671641857095166,91.67910464273791,294481920.0,109.70306396484375,4,4
1775529060,4,31,1,4,currencyservice,0.36209576150511125,90.5239403762778,296108032.0,110.308837890625,4,4
1775529000,4,30,1,4,emailservice,0.01275316382547962,12.753163825479618,46919680.0,69.915771484375,1,1
1775529060,4,31,1,4,emailservice,0.012346967071054388,12.346967071054388,46919680.0,69.915771484375,1,1
1775529000,4,30,1,4,paymentservice,0.0072278994668435025,3.6139497334217507,71831552.0,53.5186767578125,2,2
1775529060,4,31,1,4,paymentservice,0.007614735548241252,3.8073677741206255,71897088.0,53.5675048828125,2,2
1775529000,4,30,1,4,productcatalogservice,0.32407300266816963,108.0243342227232,53682176.0,26.664225260416668,3,3
1775529060,4,31,1,4,productcatalogservice,0.33281399618998025,110.9379987299934,53772288.0,26.708984375,3,3
1775529000,4,30,1,4,recommendationservice,0.4475892590005593,89.51785180011186,224190464.0,19.436789772727273,5,5
1775529060,4,31,1,4,recommendationservice,0.4545828324885059,90.91656649770118,224071680.0,19.426491477272727,5,5
1775529000,4,30,1,4,shippingservice,0.028126312110641326,28.126312110641326,19214336.0,28.631591796875,1,1
1775529060,4,31,1,4,shippingservice,0.028350874481315298,28.350874481315298,19501056.0,29.058837890625,1,1
1775529060,4,31,1,4,frontend,0.7973542830000278,132.8923805000046,175247360.0,43.52315266927083,6,6
1775529120,4,32,1,4,frontend,0.7763989640235285,129.39982733725472,176615424.0,43.8629150390625,6,6
1775529060,4,31,1,4,adservice,0.04695721390219588,23.478606951097937,108335104.0,57.39800347222223,1,1
1775529120,4,32,1,4,adservice,0.04414593901450094,22.072969507250466,108380160.0,57.421875,1,1
1775529060,4,31,1,4,cartservice,0.2648276195357304,66.20690488393261,170774528.0,127.2369384765625,2,2
1775529120,4,32,1,4,cartservice,0.23378341995009136,58.445854987522836,170835968.0,127.28271484375,2,2
1775529060,4,31,1,4,checkoutservice,0.03342631594028602,33.42631594028602,21598208.0,32.183837890625,1,1
1775529120,4,32,1,4,checkoutservice,0.031298386110782866,31.298386110782868,21581824.0,32.159423828125,1,1
1775529060,4,31,1,4,currencyservice,0.36209576150511125,90.5239403762778,296108032.0,110.308837890625,4,4
1775529120,4,32,1,4,currencyservice,0.34978173750943503,87.44543437735875,298090496.0,111.04736328125,4,4
1775529060,4,31,1,4,emailservice,0.012346967071054388,12.346967071054388,46919680.0,69.915771484375,1,1
1775529120,4,32,1,4,emailservice,0.011550093674733072,11.550093674733072,46919680.0,69.915771484375,1,1
1775529060,4,31,1,4,paymentservice,0.007614735548241252,3.8073677741206255,71897088.0,53.5675048828125,2,2
1775529120,4,32,1,4,paymentservice,0.0066646503713301015,3.3323251856650504,73125888.0,54.4830322265625,2,2
1775529060,4,31,1,4,productcatalogservice,0.33281399618998025,110.9379987299934,53772288.0,26.708984375,3,3
1775529120,4,32,1,4,productcatalogservice,0.3221685988708986,107.38953295696618,53739520.0,26.692708333333332,3,3
1775529060,4,31,1,4,recommendationservice,0.4545828324885059,90.91656649770118,224071680.0,19.426491477272727,5,5
1775529120,4,32,1,4,recommendationservice,0.439615778888108,87.9231557776216,223932416.0,19.414417613636363,5,5
1775529060,4,31,1,4,shippingservice,0.028350874481315298,28.350874481315298,19501056.0,29.058837890625,1,1
1775529120,4,32,1,4,shippingservice,0.02934956186844745,29.34956186844745,19480576.0,29.0283203125,1,1
1775529120,4,32,1,4,frontend,0.7763989640235285,129.39982733725472,176615424.0,43.8629150390625,6,6
1775529180,4,33,1,4,frontend,0.7756045676291015,129.26742793818354,175878144.0,43.6798095703125,6,6
1775529120,4,32,1,4,adservice,0.04414593901450094,22.072969507250466,108380160.0,57.421875,1,1
1775529180,4,33,1,4,adservice,0.04549694493312565,22.748472466562824,108580864.0,57.52821180555555,1,1
1775529120,4,32,1,4,cartservice,0.23378341995009136,58.445854987522836,170835968.0,127.28271484375,2,2
1775529180,4,33,1,4,cartservice,0.21294589545218018,53.23647386304504,135204864.0,100.7354736328125,2,2
1775529120,4,32,1,4,checkoutservice,0.031298386110782866,31.298386110782868,21581824.0,32.159423828125,1,1
1775529180,4,33,1,4,checkoutservice,0.03252725905630765,32.52725905630764,21741568.0,32.3974609375,1,1
1775529120,4,32,1,4,currencyservice,0.34978173750943503,87.44543437735875,298090496.0,111.04736328125,4,4
1775529180,4,33,1,4,currencyservice,0.3643910219808839,91.09775549522098,300376064.0,111.8988037109375,4,4
1775529120,4,32,1,4,emailservice,0.011550093674733072,11.550093674733072,46919680.0,69.915771484375,1,1
1775529180,4,33,1,4,emailservice,0.011905760029287471,11.905760029287471,46919680.0,69.915771484375,1,1
1775529120,4,32,1,4,paymentservice,0.0066646503713301015,3.3323251856650504,73125888.0,54.4830322265625,2,2
1775529180,4,33,1,4,paymentservice,0.006677153498957367,3.3385767494786833,73846784.0,55.0201416015625,2,2
1775529120,4,32,1,4,productcatalogservice,0.3221685988708986,107.38953295696618,53739520.0,26.692708333333332,3,3
1775529180,4,33,1,4,productcatalogservice,0.32057792266664703,106.859307555549,53010432.0,26.33056640625,3,3
1775529120,4,32,1,4,recommendationservice,0.439615778888108,87.9231557776216,223932416.0,19.414417613636363,5,5
1775529180,4,33,1,4,recommendationservice,0.4364744859624126,87.29489719248252,223875072.0,19.409446022727273,5,5
1775529120,4,32,1,4,shippingservice,0.02934956186844745,29.34956186844745,19480576.0,29.0283203125,1,1
1775529180,4,33,1,4,shippingservice,0.029329856943451152,29.329856943451148,19537920.0,29.11376953125,1,1
1775529180,4,33,1,4,frontend,0.7756045676291015,129.26742793818354,175878144.0,43.6798095703125,6,6
1775529240,4,34,1,4,frontend,0.8167649128133233,136.1274854688872,177606656.0,44.10909016927083,6,6
1775529180,4,33,1,4,adservice,0.04549694493312565,22.748472466562824,108580864.0,57.52821180555555,1,1
1775529240,4,34,1,4,adservice,0.047342133148220944,23.671066574110473,108175360.0,57.31336805555556,1,1
1775529180,4,33,1,4,cartservice,0.21294589545218018,53.23647386304504,135204864.0,100.7354736328125,2,2
1775529240,4,34,1,4,cartservice,0.24054292830768287,60.13573207692071,135106560.0,100.6622314453125,2,2
1775529180,4,33,1,4,checkoutservice,0.03252725905630765,32.52725905630764,21741568.0,32.3974609375,1,1
1775529240,4,34,1,4,checkoutservice,0.03522679286495042,35.22679286495041,21647360.0,32.257080078125,1,1
1775529180,4,33,1,4,currencyservice,0.3643910219808839,91.09775549522098,300376064.0,111.8988037109375,4,4
1775529240,4,34,1,4,currencyservice,0.35759221887621023,89.39805471905255,302460928.0,112.67547607421875,4,4
1775529180,4,33,1,4,emailservice,0.011905760029287471,11.905760029287471,46919680.0,69.915771484375,1,1
1775529240,4,34,1,4,emailservice,0.012105249470589776,12.105249470589776,46923776.0,69.921875,1,1
1775529180,4,33,1,4,paymentservice,0.006677153498957367,3.3385767494786833,73846784.0,55.0201416015625,2,2
1775529240,4,34,1,4,paymentservice,0.006890643578583705,3.4453217892918526,74600448.0,55.5816650390625,2,2
1775529180,4,33,1,4,productcatalogservice,0.32057792266664703,106.859307555549,53010432.0,26.33056640625,3,3
1775529240,4,34,1,4,productcatalogservice,0.33057296378934725,110.1909879297824,53547008.0,26.597086588541668,3,3
1775529180,4,33,1,4,recommendationservice,0.4364744859624126,87.29489719248252,223875072.0,19.409446022727273,5,5
1775529240,4,34,1,4,recommendationservice,0.4351664884030341,87.03329768060682,224198656.0,19.4375,5,5
1775529180,4,33,1,4,shippingservice,0.029329856943451152,29.329856943451148,19537920.0,29.11376953125,1,1
1775529240,4,34,1,4,shippingservice,0.02991894916126747,29.918949161267467,19873792.0,29.6142578125,1,1
1775529240,4,34,1,4,frontend,0.8167649128133233,136.1274854688872,177606656.0,44.10909016927083,6,6
1775529300,4,35,1,4,frontend,0.802629414888039,133.77156914800648,175828992.0,43.6676025390625,6,6
1775529240,4,34,1,4,adservice,0.047342133148220944,23.671066574110473,108175360.0,57.31336805555556,1,1
1775529300,4,35,1,4,adservice,0.04249618558910055,21.248092794550274,108281856.0,57.36979166666667,1,1
1775529240,4,34,1,4,cartservice,0.24054292830768287,60.13573207692071,135106560.0,100.6622314453125,2,2
1775529300,4,35,1,4,cartservice,0.23635996306946727,59.08999076736682,135454720.0,100.921630859375,2,2
1775529240,4,34,1,4,checkoutservice,0.03522679286495042,35.22679286495041,21647360.0,32.257080078125,1,1
1775529300,4,35,1,4,checkoutservice,0.035730341415138644,35.730341415138646,21643264.0,32.2509765625,1,1
1775529240,4,34,1,4,currencyservice,0.35759221887621023,89.39805471905255,302460928.0,112.67547607421875,4,4
1775529300,4,35,1,4,currencyservice,0.3610156903797997,90.25392259494993,308568064.0,114.9505615234375,4,4
1775529240,4,34,1,4,emailservice,0.012105249470589776,12.105249470589776,46923776.0,69.921875,1,1
1775529300,4,35,1,4,emailservice,0.01281098307417105,12.810983074171048,46919680.0,69.915771484375,1,1
1775529240,4,34,1,4,paymentservice,0.006890643578583705,3.4453217892918526,74600448.0,55.5816650390625,2,2
1775529300,4,35,1,4,paymentservice,0.0068827723382245964,3.441386169112298,75169792.0,56.005859375,2,2
1775529240,4,34,1,4,productcatalogservice,0.33057296378934725,110.1909879297824,53547008.0,26.597086588541668,3,3
1775529300,4,35,1,4,productcatalogservice,0.33162393296371984,110.5413109879066,53477376.0,26.5625,3,3
1775529240,4,34,1,4,recommendationservice,0.4351664884030341,87.03329768060682,224198656.0,19.4375,5,5
1775529300,4,35,1,4,recommendationservice,0.4547424911617005,90.9484982323401,223903744.0,19.41193181818182,5,5
1775529240,4,34,1,4,shippingservice,0.02991894916126747,29.918949161267467,19873792.0,29.6142578125,1,1
1775529300,4,35,1,4,shippingservice,0.030808200009330294,30.808200009330296,19566592.0,29.156494140625,1,1
1775529300,4,35,1,4,frontend,0.802629414888039,133.77156914800648,175828992.0,43.6676025390625,6,6
1775529360,4,36,1,4,frontend,0.8166430244548294,136.10717074247154,177098752.0,43.98295084635417,6,6
1775529300,4,35,1,4,adservice,0.04249618558910055,21.248092794550274,108281856.0,57.36979166666667,1,1
1775529360,4,36,1,4,adservice,0.04639745533045772,23.198727665228862,108236800.0,57.345920138888886,1,1
1775529300,4,35,1,4,cartservice,0.23635996306946727,59.08999076736682,135454720.0,100.921630859375,2,2
1775529360,4,36,1,4,cartservice,0.233499333988931,58.37483349723275,135409664.0,100.8880615234375,2,2
1775529300,4,35,1,4,checkoutservice,0.035730341415138644,35.730341415138646,21643264.0,32.2509765625,1,1
1775529360,4,36,1,4,checkoutservice,0.03621954470279704,36.21954470279704,21786624.0,32.464599609375,1,1
1775529300,4,35,1,4,currencyservice,0.3610156903797997,90.25392259494993,308568064.0,114.9505615234375,4,4
1775529360,4,36,1,4,currencyservice,0.34895222377421947,87.23805594355485,312000512.0,116.229248046875,4,4
1775529300,4,35,1,4,emailservice,0.01281098307417105,12.810983074171048,46919680.0,69.915771484375,1,1
1775529360,4,36,1,4,emailservice,0.013181416994300128,13.181416994300127,46919680.0,69.915771484375,1,1
1775529300,4,35,1,4,paymentservice,0.0068827723382245964,3.441386169112298,75169792.0,56.005859375,2,2
1775529360,4,36,1,4,paymentservice,0.007600824289952365,3.800412144976182,80269312.0,59.8052978515625,2,2
1775529300,4,35,1,4,productcatalogservice,0.33162393296371984,110.5413109879066,53477376.0,26.5625,3,3
1775529360,4,36,1,4,productcatalogservice,0.3304505041429271,110.15016804764235,53936128.0,26.790364583333332,3,3
1775529300,4,35,1,4,recommendationservice,0.4547424911617005,90.9484982323401,223903744.0,19.41193181818182,5,5
1775529360,4,36,1,4,recommendationservice,0.4565315930207187,91.30631860414374,223842304.0,19.406605113636363,5,5
1775529300,4,35,1,4,shippingservice,0.030808200009330294,30.808200009330296,19566592.0,29.156494140625,1,1
1775529360,4,36,1,4,shippingservice,0.030520579830976082,30.52057983097608,19447808.0,28.9794921875,1,1
1775529360,4,36,1,4,frontend,0.8166430244548294,136.10717074247154,177098752.0,43.98295084635417,6,6
1775529420,4,37,1,4,frontend,0.8151304243425695,135.85507072376157,177356800.0,44.04703776041667,6,6
1775529360,4,36,1,4,adservice,0.04639745533045772,23.198727665228862,108236800.0,57.345920138888886,1,1
1775529420,4,37,1,4,adservice,0.04654962066271229,23.274810331356143,108232704.0,57.34375000000001,1,1
1775529360,4,36,1,4,cartservice,0.233499333988931,58.37483349723275,135409664.0,100.8880615234375,2,2
1775529420,4,37,1,4,cartservice,0.22874566821719045,57.186417054297614,135368704.0,100.8575439453125,2,2
1775529360,4,36,1,4,checkoutservice,0.03621954470279704,36.21954470279704,21786624.0,32.464599609375,1,1
1775529420,4,37,1,4,checkoutservice,0.03252302218500303,32.52302218500303,21327872.0,31.781005859375,1,1
1775529360,4,36,1,4,currencyservice,0.34895222377421947,87.23805594355485,312000512.0,116.229248046875,4,4
1775529420,4,37,1,4,currencyservice,0.3622370507956504,90.55926269891259,314085376.0,117.00592041015625,4,4
1775529360,4,36,1,4,emailservice,0.013181416994300128,13.181416994300127,46919680.0,69.915771484375,1,1
1775529420,4,37,1,4,emailservice,0.012260207562753483,12.260207562753482,46911488.0,69.903564453125,1,1
1775529360,4,36,1,4,paymentservice,0.007600824289952365,3.800412144976182,80269312.0,59.8052978515625,2,2
1775529420,4,37,1,4,paymentservice,0.00836552798405467,4.182763992027335,79761408.0,59.4268798828125,2,2
1775529360,4,36,1,4,productcatalogservice,0.3304505041429271,110.15016804764235,53936128.0,26.790364583333332,3,3
1775529420,4,37,1,4,productcatalogservice,0.31719347686863075,105.73115895621024,53534720.0,26.590983072916668,3,3
1775529360,4,36,1,4,recommendationservice,0.4565315930207187,91.30631860414374,223842304.0,19.406605113636363,5,5
1775529420,4,37,1,4,recommendationservice,0.44930766323053417,89.86153264610684,223854592.0,19.407670454545457,5,5
1775529360,4,36,1,4,shippingservice,0.030520579830976082,30.52057983097608,19447808.0,28.9794921875,1,1
1775529420,4,37,1,4,shippingservice,0.0280486818937544,28.048681893754395,19185664.0,28.5888671875,1,1
1775529420,4,37,1,4,frontend,0.8151304243425695,135.85507072376157,177356800.0,44.04703776041667,6,6
1775529480,4,38,1,4,frontend,0.8031927403335449,133.86545672225748,177815552.0,44.16097005208333,6,6
1775529420,4,37,1,4,adservice,0.04654962066271229,23.274810331356143,108232704.0,57.34375000000001,1,1
1775529480,4,38,1,4,adservice,0.04239216426580852,21.196082132904255,108294144.0,57.37630208333333,1,1
1775529420,4,37,1,4,cartservice,0.22874566821719045,38.1242780361984,135368704.0,67.23836263020834,3,2
1775529480,4,38,1,4,cartservice,0.2431635005175607,40.52725008626011,135385088.0,67.24650065104166,3,2
1775529420,4,37,1,4,checkoutservice,0.03252302218500303,32.52302218500303,21327872.0,31.781005859375,1,1
1775529480,4,38,1,4,checkoutservice,0.0332816316770952,33.2816316770952,21557248.0,32.122802734375,1,1
1775529420,4,37,1,4,currencyservice,0.3622370507956504,90.55926269891259,314085376.0,117.00592041015625,4,4
1775529480,4,38,1,4,currencyservice,0.3654618755108953,91.36546887772383,317804544.0,118.39141845703125,4,4
1775529420,4,37,1,4,emailservice,0.012260207562753483,12.260207562753482,46911488.0,69.903564453125,1,1
1775529480,4,38,1,4,emailservice,0.011768477822777729,11.76847782277773,46923776.0,69.921875,1,1
1775529420,4,37,1,4,paymentservice,0.00836552798405467,4.182763992027335,79761408.0,59.4268798828125,2,2
1775529480,4,38,1,4,paymentservice,0.008146452820601611,4.073226410300805,81137664.0,60.4522705078125,2,2
1775529420,4,37,1,4,productcatalogservice,0.31719347686863075,105.73115895621024,53534720.0,26.590983072916668,3,3
1775529480,4,38,1,4,productcatalogservice,0.31370179769719486,104.56726589906494,54063104.0,26.853434244791668,3,3
1775529420,4,37,1,4,recommendationservice,0.44930766323053417,89.86153264610684,223854592.0,19.407670454545457,5,5
1775529480,4,38,1,4,recommendationservice,0.44041756796145504,88.08351359229101,223969280.0,19.417613636363637,5,5
1775529420,4,37,1,4,shippingservice,0.0280486818937544,28.048681893754395,19185664.0,28.5888671875,1,1
1775529480,4,38,1,4,shippingservice,0.03080624840866891,30.806248408668907,19230720.0,28.656005859375,1,1
1775529480,4,38,1,4,frontend,0.8031927403335449,133.86545672225748,177815552.0,44.16097005208333,6,6
1775529540,4,39,1,4,frontend,0.7910577863966939,131.84296439944896,177750016.0,44.14469401041667,6,6
1775529480,4,38,1,4,adservice,0.04239216426580852,21.196082132904255,108294144.0,57.37630208333333,1,1
1775529540,4,39,1,4,adservice,0.04592897451050535,22.964487255252674,108617728.0,57.54774305555556,1,1
1775529480,4,38,1,4,cartservice,0.2431635005175607,40.52725008626011,135385088.0,67.24650065104166,3,3
1775529540,4,39,1,4,cartservice,0.2672606155545022,44.54343592575036,160301056.0,79.62239583333334,3,3
1775529480,4,38,1,4,checkoutservice,0.0332816316770952,33.2816316770952,21557248.0,32.122802734375,1,1
1775529540,4,39,1,4,checkoutservice,0.03212809195156999,32.128091951569985,21557248.0,32.122802734375,1,1
1775529480,4,38,1,4,currencyservice,0.3654618755108953,91.36546887772383,317804544.0,118.39141845703125,4,4
1775529540,4,39,1,4,currencyservice,0.363098458992482,90.7746147481205,318148608.0,118.51959228515625,4,4
1775529480,4,38,1,4,emailservice,0.011768477822777729,11.76847782277773,46923776.0,69.921875,1,1
1775529540,4,39,1,4,emailservice,0.011746670228601612,11.746670228601612,46919680.0,69.915771484375,1,1
1775529480,4,38,1,4,paymentservice,0.008146452820601611,4.073226410300805,81137664.0,60.4522705078125,2,2
1775529540,4,39,1,4,paymentservice,0.006599576785201818,3.2997883926009086,82300928.0,61.3189697265625,2,2
1775529480,4,38,1,4,productcatalogservice,0.31370179769719486,104.56726589906494,54063104.0,26.853434244791668,3,3
1775529540,4,39,1,4,productcatalogservice,0.3272515947345924,109.0838649115308,53342208.0,26.495361328125,3,3
1775529480,4,38,1,4,recommendationservice,0.44041756796145504,88.08351359229101,223969280.0,19.417613636363637,5,5
1775529540,4,39,1,4,recommendationservice,0.43292828884111434,86.58565776822287,224165888.0,19.43465909090909,5,5
1775529480,4,38,1,4,shippingservice,0.03080624840866891,30.806248408668907,19230720.0,28.656005859375,1,1
1775529540,4,39,1,4,shippingservice,0.03005771585197759,30.05771585197759,19267584.0,28.7109375,1,1
1775529540,4,39,1,4,frontend,0.7910577863966939,131.84296439944896,177750016.0,44.14469401041667,6,6
1775529600,4,40,1,4,frontend,0.7988208348517207,133.1368058086201,177418240.0,44.06229654947917,6,6
1775529540,4,39,1,4,adservice,0.04592897451050535,22.964487255252674,108617728.0,57.54774305555556,1,1
1775529600,4,40,1,4,adservice,0.0419840574869342,20.9920287434671,108568576.0,57.52170138888889,1,1
1775529540,4,39,1,4,cartservice,0.2672606155545022,44.54343592575036,160301056.0,79.62239583333334,3,3
1775529600,4,40,1,4,cartservice,0.26365244920126574,43.94207486687762,166064128.0,82.48494466145834,3,3
1775529540,4,39,1,4,checkoutservice,0.03212809195156999,32.128091951569985,21557248.0,32.122802734375,1,1
1775529600,4,40,1,4,checkoutservice,0.029921714026935307,29.9217140269353,21311488.0,31.756591796875,1,1
1775529540,4,39,1,4,currencyservice,0.363098458992482,90.7746147481205,318148608.0,118.51959228515625,4,4
1775529600,4,40,1,4,currencyservice,0.35828948001017696,89.57237000254423,320999424.0,119.58160400390625,4,4
1775529540,4,39,1,4,emailservice,0.011746670228601612,11.746670228601612,46919680.0,69.915771484375,1,1
1775529600,4,40,1,4,emailservice,0.011101531928333064,11.101531928333063,46923776.0,69.921875,1,1
1775529540,4,39,1,4,paymentservice,0.006599576785201818,3.2997883926009086,82300928.0,61.3189697265625,2,2
1775529600,4,40,1,4,paymentservice,0.006424238840684152,3.2121194203420758,82247680.0,61.279296875,2,2
1775529540,4,39,1,4,productcatalogservice,0.3272515947345924,109.0838649115308,53342208.0,26.495361328125,3,3
1775529600,4,40,1,4,productcatalogservice,0.32321725975954113,107.7390865865137,53714944.0,26.680501302083332,3,3
1775529540,4,39,1,4,recommendationservice,0.43292828884111434,86.58565776822287,224165888.0,19.43465909090909,5,5
1775529600,4,40,1,4,recommendationservice,0.43377353207970454,86.7547064159409,224190464.0,19.436789772727273,5,5
1775529540,4,39,1,4,shippingservice,0.03005771585197759,30.05771585197759,19267584.0,28.7109375,1,1
1775529600,4,40,1,4,shippingservice,0.0288668664054621,28.866866405462098,19382272.0,28.8818359375,1,1
1775529600,4,40,1,4,frontend,0.7988208348517207,133.1368058086201,177418240.0,44.06229654947917,6,6
1775529660,4,41,1,4,frontend,0.7693688892124052,128.22814820206753,178810880.0,44.40816243489583,6,6
1775529600,4,40,1,4,adservice,0.0419840574869342,20.9920287434671,108568576.0,57.52170138888889,1,1
1775529660,4,41,1,4,adservice,0.0448869996803533,22.44349984017665,108519424.0,57.49565972222223,1,1
1775529600,4,40,1,4,cartservice,0.26365244920126574,43.94207486687762,166064128.0,82.48494466145834,3,3
1775529660,4,41,1,4,cartservice,0.23321883555268774,38.869805925447956,167096320.0,82.99763997395834,3,3
1775529600,4,40,1,4,checkoutservice,0.029921714026935307,29.9217140269353,21311488.0,31.756591796875,1,1
1775529660,4,41,1,4,checkoutservice,0.02959069147670763,29.590691476707633,21352448.0,31.817626953125,1,1
1775529600,4,40,1,4,currencyservice,0.35828948001017696,89.57237000254423,320999424.0,119.58160400390625,4,4
1775529660,4,41,1,4,currencyservice,0.3554198514090521,88.85496285226301,322744320.0,120.23162841796875,4,4
1775529600,4,40,1,4,emailservice,0.011101531928333064,11.101531928333063,46923776.0,69.921875,1,1
1775529660,4,41,1,4,emailservice,0.010582458147589461,10.58245814758946,47185920.0,70.3125,1,1
1775529600,4,40,1,4,paymentservice,0.006424238840684152,3.2121194203420758,82247680.0,61.279296875,2,2
1775529660,4,41,1,4,paymentservice,0.006101176013793166,3.0505880068965827,83042304.0,61.871337890625,2,2
1775529600,4,40,1,4,productcatalogservice,0.32321725975954113,107.7390865865137,53714944.0,26.680501302083332,3,3
1775529660,4,41,1,4,productcatalogservice,0.32031603557293414,106.77201185764469,54280192.0,26.961263020833332,3,3
1775529600,4,40,1,4,recommendationservice,0.43377353207970454,86.7547064159409,224190464.0,19.436789772727273,5,5
1775529660,4,41,1,4,recommendationservice,0.4253505165223592,85.07010330447184,224174080.0,19.43536931818182,5,5
1775529600,4,40,1,4,shippingservice,0.0288668664054621,28.866866405462098,19382272.0,28.8818359375,1,1
1775529660,4,41,1,4,shippingservice,0.02531888924690652,25.31888924690652,19410944.0,28.924560546875,1,1
1775529660,4,41,1,4,frontend,0.7693688892124052,128.22814820206753,178810880.0,44.40816243489583,6,6
1775529720,4,42,1,4,frontend,0.7655491506648386,127.59152511080643,178835456.0,44.41426595052083,6,6
1775529660,4,41,1,4,adservice,0.0448869996803533,22.44349984017665,108519424.0,57.49565972222223,1,1
1775529720,4,42,1,4,adservice,0.04493897627153597,22.469488135767985,108564480.0,57.51953125,1,1
1775529660,4,41,1,4,cartservice,0.23321883555268774,38.869805925447956,167096320.0,82.99763997395834,3,3
1775529720,4,42,1,4,cartservice,0.2048236547903374,34.13727579838956,168521728.0,83.70564778645834,3,3
1775529660,4,41,1,4,checkoutservice,0.02959069147670763,29.590691476707633,21352448.0,31.817626953125,1,1
1775529720,4,42,1,4,checkoutservice,0.031348652596599344,31.34865259659934,21770240.0,32.440185546875,1,1
1775529660,4,41,1,4,currencyservice,0.3554198514090521,88.85496285226301,322744320.0,120.23162841796875,4,4
1775529720,4,42,1,4,currencyservice,0.35137351460709537,87.84337865177385,322662400.0,120.20111083984375,4,4
1775529660,4,41,1,4,emailservice,0.010582458147589461,10.58245814758946,47185920.0,70.3125,1,1
1775529720,4,42,1,4,emailservice,0.010674271625797043,10.674271625797042,46919680.0,69.915771484375,1,1
1775529660,4,41,1,4,paymentservice,0.006101176013793166,3.0505880068965827,83042304.0,61.871337890625,2,2
1775529720,4,42,1,4,paymentservice,0.006494799146121052,3.2473995730605254,83828736.0,62.457275390625,2,2
1775529660,4,41,1,4,productcatalogservice,0.32031603557293414,106.77201185764469,54280192.0,26.961263020833332,3,3
1775529720,4,42,1,4,productcatalogservice,0.3232727411286294,107.75758037620979,54398976.0,27.020263671875,3,3
1775529660,4,41,1,4,recommendationservice,0.4253505165223592,85.07010330447184,224174080.0,19.43536931818182,5,5
1775529720,4,42,1,4,recommendationservice,0.44821792243418224,89.64358448683645,224182272.0,19.436079545454547,5,5
1775529660,4,41,1,4,shippingservice,0.02531888924690652,25.31888924690652,19410944.0,28.924560546875,1,1
1775529720,4,42,1,4,shippingservice,0.026462451456846295,26.462451456846292,19722240.0,29.388427734375,1,1
1775529720,4,42,1,4,frontend,0.7655491506648386,127.59152511080643,178835456.0,44.41426595052083,6,6
1775529780,4,43,1,4,frontend,0.8041043046446424,134.0173841074404,178630656.0,44.3634033203125,6,6
1775529720,4,42,1,4,adservice,0.04493897627153597,22.469488135767985,108564480.0,57.51953125,1,1
1775529780,4,43,1,4,adservice,0.04242028463667327,21.210142318336636,108515328.0,57.493489583333336,1,1
1775529720,4,42,1,4,cartservice,0.2048236547903374,51.20591369758435,168521728.0,125.5584716796875,2,2
1775529780,4,43,1,4,cartservice,0.2154984130380684,53.874603259517095,169893888.0,126.580810546875,2,2
1775529720,4,42,1,4,checkoutservice,0.031348652596599344,31.34865259659934,21770240.0,32.440185546875,1,1
1775529780,4,43,1,4,checkoutservice,0.03325633158594147,33.25633158594147,21307392.0,31.75048828125,1,1
1775529720,4,42,1,4,currencyservice,0.35137351460709537,87.84337865177385,322662400.0,120.20111083984375,4,4
1775529780,4,43,1,4,currencyservice,0.35526462792223784,88.81615698055946,325795840.0,121.368408203125,4,4
1775529720,4,42,1,4,emailservice,0.010674271625797043,10.674271625797042,46919680.0,69.915771484375,1,1
1775529780,4,43,1,4,emailservice,0.011802685363392382,11.802685363392381,46919680.0,69.915771484375,1,1
1775529720,4,42,1,4,paymentservice,0.006494799146121052,3.2473995730605254,83828736.0,62.457275390625,2,2
1775529780,4,43,1,4,paymentservice,0.0066937386771700105,3.346869338585005,85069824.0,63.3819580078125,2,2
1775529720,4,42,1,4,productcatalogservice,0.3232727411286294,107.75758037620979,54398976.0,27.020263671875,3,3
1775529780,4,43,1,4,productcatalogservice,0.3292177183640244,109.73923945467479,54820864.0,27.229817708333332,3,3
1775529720,4,42,1,4,recommendationservice,0.44821792243418224,89.64358448683645,224182272.0,19.436079545454547,5,5
1775529780,4,43,1,4,recommendationservice,0.4501381062697258,90.02762125394516,223805440.0,19.40340909090909,5,5
1775529720,4,42,1,4,shippingservice,0.026462451456846295,26.462451456846292,19722240.0,29.388427734375,1,1
1775529780,4,43,1,4,shippingservice,0.029563470429927893,29.56347042992789,19398656.0,28.90625,1,1
1775529780,4,43,1,4,frontend,0.8041043046446424,134.0173841074404,178630656.0,44.3634033203125,6,6
1775529840,4,44,1,4,frontend,0.7812608468194452,130.21014113657418,177127424.0,43.99007161458333,6,6
1775529780,4,43,1,4,adservice,0.04242028463667327,21.210142318336636,108515328.0,57.493489583333336,1,1
1775529840,4,44,1,4,adservice,0.044753230102569076,22.37661505128454,108576768.0,57.52604166666667,1,1
1775529780,4,43,1,4,cartservice,0.2154984130380684,53.874603259517095,169893888.0,126.580810546875,2,2
1775529840,4,44,1,4,cartservice,0.2149579206646975,53.73948016617437,134762496.0,100.4058837890625,2,2
1775529780,4,43,1,4,checkoutservice,0.03325633158594147,33.25633158594147,21307392.0,31.75048828125,1,1
1775529840,4,44,1,4,checkoutservice,0.03021620613902822,30.216206139028216,21807104.0,32.4951171875,1,1
1775529780,4,43,1,4,currencyservice,0.35526462792223784,88.81615698055946,325795840.0,121.368408203125,4,4
1775529840,4,44,1,4,currencyservice,0.35476078567433666,88.69019641858416,324325376.0,120.82061767578125,4,4
1775529780,4,43,1,4,emailservice,0.011802685363392382,11.802685363392381,46919680.0,69.915771484375,1,1
1775529840,4,44,1,4,emailservice,0.010912197449463205,10.912197449463203,46919680.0,69.915771484375,1,1
1775529780,4,43,1,4,paymentservice,0.0066937386771700105,3.346869338585005,85069824.0,63.3819580078125,2,2
1775529840,4,44,1,4,paymentservice,0.007498571898927763,3.7492859494638813,85536768.0,63.7298583984375,2,2
1775529780,4,43,1,4,productcatalogservice,0.3292177183640244,109.73923945467479,54820864.0,27.229817708333332,3,3
1775529840,4,44,1,4,productcatalogservice,0.32247899168237715,107.49299722745904,53448704.0,26.548258463541668,3,3
1775529780,4,43,1,4,recommendationservice,0.4501381062697258,90.02762125394516,223805440.0,19.40340909090909,5,5
1775529840,4,44,1,4,recommendationservice,0.4412730698526333,88.25461397052666,224047104.0,19.424360795454547,5,5
1775529780,4,43,1,4,shippingservice,0.029563470429927893,29.56347042992789,19398656.0,28.90625,1,1
1775529840,4,44,1,4,shippingservice,0.02814171429587607,28.14171429587607,19509248.0,29.071044921875,1,1
1775529840,4,44,1,4,frontend,0.7812608468194452,130.21014113657418,177127424.0,43.99007161458333,6,6
1775529900,4,45,1,4,frontend,0.7855861574456818,130.93102624094695,177790976.0,44.15486653645833,6,6
1775529840,4,44,1,4,adservice,0.044753230102569076,22.37661505128454,108576768.0,57.52604166666667,1,1
1775529900,4,45,1,4,adservice,0.044553214235501,22.276607117750498,108519424.0,57.49565972222223,1,1
1775529840,4,44,1,4,cartservice,0.2149579206646975,53.73948016617437,134762496.0,100.4058837890625,2,2
1775529900,4,45,1,4,cartservice,0.2162386299935072,54.0596574983768,135192576.0,100.726318359375,2,2
1775529840,4,44,1,4,checkoutservice,0.03021620613902822,30.216206139028216,21807104.0,32.4951171875,1,1
1775529900,4,45,1,4,checkoutservice,0.02943467319257248,29.43467319257248,21331968.0,31.787109375,1,1
1775529840,4,44,1,4,currencyservice,0.35476078567433666,88.69019641858416,324325376.0,120.82061767578125,4,4
1775529900,4,45,1,4,currencyservice,0.35348884409064024,88.37221102266005,327086080.0,121.84906005859375,4,4
1775529840,4,44,1,4,emailservice,0.010912197449463205,10.912197449463203,46919680.0,69.915771484375,1,1
1775529900,4,45,1,4,emailservice,0.010545692277582964,10.545692277582964,46919680.0,69.915771484375,1,1
1775529840,4,44,1,4,paymentservice,0.007498571898927763,3.7492859494638813,85536768.0,63.7298583984375,2,2
1775529900,4,45,1,4,paymentservice,0.0072231893963130445,3.611594698156522,86745088.0,64.630126953125,2,2
1775529840,4,44,1,4,productcatalogservice,0.32247899168237715,107.49299722745904,53448704.0,26.548258463541668,3,3
1775529900,4,45,1,4,productcatalogservice,0.3209146837952034,106.97156126506778,54472704.0,27.056884765625,3,3
1775529840,4,44,1,4,recommendationservice,0.4412730698526333,88.25461397052666,224047104.0,19.424360795454547,5,5
1775529900,4,45,1,4,recommendationservice,0.4359497626288482,87.18995252576964,223956992.0,19.416548295454543,5,5
1775529840,4,44,1,4,shippingservice,0.02814171429587607,28.14171429587607,19509248.0,29.071044921875,1,1
1775529900,4,45,1,4,shippingservice,0.028134540455988698,28.134540455988695,19443712.0,28.973388671875,1,1
1775529900,4,45,1,4,frontend,0.7855861574456818,130.93102624094695,177790976.0,44.15486653645833,6,6
1775529960,4,46,1,4,frontend,0.7700967627900654,128.34946046501088,179654656.0,44.61771647135417,6,6
1775529900,4,45,1,4,adservice,0.044553214235501,22.276607117750498,108519424.0,57.49565972222223,1,1
1775529960,4,46,1,4,adservice,0.044275714183181644,22.13785709159082,108519424.0,57.49565972222223,1,1
1775529900,4,45,1,4,cartservice,0.2162386299935072,54.0596574983768,135192576.0,100.726318359375,2,2
1775529960,4,46,1,4,cartservice,0.2216912654542214,55.42281636355535,134778880.0,100.4180908203125,2,2
1775529900,4,45,1,4,checkoutservice,0.02943467319257248,29.43467319257248,21331968.0,31.787109375,1,1
1775529960,4,46,1,4,checkoutservice,0.03167237878587416,31.672378785874155,21602304.0,32.18994140625,1,1
1775529900,4,45,1,4,currencyservice,0.35348884409064024,88.37221102266005,327086080.0,121.84906005859375,4,4
1775529960,4,46,1,4,currencyservice,0.35883954661351547,89.70988665337887,328765440.0,122.47467041015625,4,4
1775529900,4,45,1,4,emailservice,0.010545692277582964,10.545692277582964,46919680.0,69.915771484375,1,1
1775529960,4,46,1,4,emailservice,0.011778634782089712,11.77863478208971,46927872.0,69.927978515625,1,1
1775529900,4,45,1,4,paymentservice,0.0072231893963130445,3.611594698156522,86745088.0,64.630126953125,2,2
1775529960,4,46,1,4,paymentservice,0.007019602082185985,3.509801041092992,86462464.0,64.4195556640625,2,2
1775529900,4,45,1,4,productcatalogservice,0.3209146837952034,106.97156126506778,54472704.0,27.056884765625,3,3
1775529960,4,46,1,4,productcatalogservice,0.3221875163935479,107.39583879784928,54284288.0,26.963297526041668,3,3
1775529900,4,45,1,4,recommendationservice,0.4359497626288482,87.18995252576964,223956992.0,19.416548295454543,5,5
1775529960,4,46,1,4,recommendationservice,0.42695003771658296,85.3900075433166,223899648.0,19.411576704545457,5,5
1775529900,4,45,1,4,shippingservice,0.028134540455988698,28.134540455988695,19443712.0,28.973388671875,1,1
1775529960,4,46,1,4,shippingservice,0.02943574444484627,29.435744444846268,19652608.0,29.28466796875,1,1
1775529960,4,46,1,4,frontend,0.7700967627900654,128.34946046501088,179654656.0,44.61771647135417,6,6
1775530020,4,47,1,4,frontend,0.803965533252611,133.9942555421018,179654656.0,44.61771647135417,6,6
1775529960,4,46,1,4,adservice,0.044275714183181644,22.13785709159082,108519424.0,57.49565972222223,1,1
1775530020,4,47,1,4,adservice,0.045670539224317956,22.835269612158974,108572672.0,57.52387152777778,1,1
1775529960,4,46,1,4,cartservice,0.2216912654542214,55.42281636355535,134778880.0,100.4180908203125,2,2
1775530020,4,47,1,4,cartservice,0.2154004507733817,53.85011269334542,134922240.0,100.52490234375,2,2
1775529960,4,46,1,4,checkoutservice,0.03167237878587416,31.672378785874155,21602304.0,32.18994140625,1,1
1775530020,4,47,1,4,checkoutservice,0.034747361598021144,34.74736159802114,22020096.0,32.8125,1,1
1775529960,4,46,1,4,currencyservice,0.35883954661351547,89.70988665337887,328765440.0,122.47467041015625,4,4
1775530020,4,47,1,4,currencyservice,0.3607348430522778,90.18371076306944,331026432.0,123.31695556640625,4,4
1775529960,4,46,1,4,emailservice,0.011778634782089712,11.77863478208971,46927872.0,69.927978515625,1,1
1775530020,4,47,1,4,emailservice,0.012793687541818446,12.793687541818443,47181824.0,70.306396484375,1,1
1775529960,4,46,1,4,paymentservice,0.007019602082185985,3.509801041092992,86462464.0,64.4195556640625,2,2
1775530020,4,47,1,4,paymentservice,0.007457848662877551,3.728924331438775,87543808.0,65.2252197265625,2,2
1775529960,4,46,1,4,productcatalogservice,0.3221875163935479,107.39583879784928,54284288.0,26.963297526041668,3,3
1775530020,4,47,1,4,productcatalogservice,0.32509011376775965,108.36337125591986,54595584.0,27.117919921875,3,3
1775529960,4,46,1,4,recommendationservice,0.42695003771658296,85.3900075433166,223899648.0,19.411576704545457,5,5
1775530020,4,47,1,4,recommendationservice,0.43553186675226385,87.10637335045277,223944704.0,19.415482954545453,5,5
1775529960,4,46,1,4,shippingservice,0.02943574444484627,29.435744444846268,19652608.0,29.28466796875,1,1
1775530020,4,47,1,4,shippingservice,0.02999767809550232,29.997678095502316,19644416.0,29.2724609375,1,1
1775530020,4,47,1,4,frontend,0.803965533252611,133.9942555421018,179654656.0,44.61771647135417,6,6
1775530080,4,48,1,4,frontend,0.7971195187093463,132.85325311822436,178450432.0,44.31864420572917,6,6
1775530020,4,47,1,4,adservice,0.045670539224317956,22.835269612158974,108572672.0,57.52387152777778,1,1
1775530080,4,48,1,4,adservice,0.04554030790762856,22.77015395381428,108527616.0,57.49999999999999,1,1
1775530020,4,47,1,4,cartservice,0.2154004507733817,53.85011269334542,134922240.0,100.52490234375,2,2
1775530080,4,48,1,4,cartservice,0.20869147108309197,52.17286777077299,135651328.0,101.068115234375,2,2
1775530020,4,47,1,4,checkoutservice,0.034747361598021144,34.74736159802114,22020096.0,32.8125,1,1
1775530080,4,48,1,4,checkoutservice,0.03604606357245588,36.04606357245588,21909504.0,32.647705078125,1,1
1775530020,4,47,1,4,currencyservice,0.3607348430522778,90.18371076306944,331026432.0,123.31695556640625,4,4
1775530080,4,48,1,4,currencyservice,0.35883168990309444,89.7079224757736,331153408.0,123.3642578125,4,4
1775530020,4,47,1,4,emailservice,0.012793687541818446,12.793687541818443,47181824.0,70.306396484375,1,1
1775530080,4,48,1,4,emailservice,0.012589013150034516,12.589013150034514,46923776.0,69.921875,1,1
1775530020,4,47,1,4,paymentservice,0.007457848662877551,3.728924331438775,87543808.0,65.2252197265625,2,2
1775530080,4,48,1,4,paymentservice,0.008207227889598719,4.103613944799359,88182784.0,65.7012939453125,2,2
1775530020,4,47,1,4,productcatalogservice,0.32509011376775965,108.36337125591986,54595584.0,27.117919921875,3,3
1775530080,4,48,1,4,productcatalogservice,0.3201028920369386,106.70096401231284,54321152.0,26.981608072916668,3,3
1775530020,4,47,1,4,recommendationservice,0.43553186675226385,87.10637335045277,223944704.0,19.415482954545453,5,5
1775530080,4,48,1,4,recommendationservice,0.4452212352004207,89.04424704008413,223920128.0,19.413352272727273,5,5
1775530020,4,47,1,4,shippingservice,0.02999767809550232,29.997678095502316,19644416.0,29.2724609375,1,1
1775530080,4,48,1,4,shippingservice,0.030190651982203658,30.190651982203654,19390464.0,28.89404296875,1,1
1775530080,4,48,1,4,frontend,0.7971195187093463,132.85325311822436,178450432.0,44.31864420572917,6,6
1775530140,4,49,1,4,frontend,0.7959740991099291,132.66234985165482,177508352.0,44.08467610677083,6,6
1775530080,4,48,1,4,adservice,0.04554030790762856,22.77015395381428,108527616.0,57.49999999999999,1,1
1775530140,4,49,1,4,adservice,0.04557978206327476,22.78989103163738,108523520.0,57.497829861111114,1,1
1775530080,4,48,1,4,cartservice,0.20869147108309197,52.17286777077299,135651328.0,101.068115234375,2,2
1775530140,4,49,1,4,cartservice,0.22145787400045386,55.36446850011346,135024640.0,100.6011962890625,2,2
1775530080,4,48,1,4,checkoutservice,0.03604606357245588,36.04606357245588,21909504.0,32.647705078125,1,1
1775530140,4,49,1,4,checkoutservice,0.03586801363033568,35.868013630335675,21573632.0,32.147216796875,1,1
1775530080,4,48,1,4,currencyservice,0.35883168990309444,89.7079224757736,331153408.0,123.3642578125,4,4
1775530140,4,49,1,4,currencyservice,0.36304634149132675,90.76158537283169,333860864.0,124.37286376953125,4,4
1775530080,4,48,1,4,emailservice,0.012589013150034516,12.589013150034514,46923776.0,69.921875,1,1
1775530140,4,49,1,4,emailservice,0.013057698277909051,13.057698277909049,46915584.0,69.90966796875,1,1
1775530080,4,48,1,4,paymentservice,0.008207227889598719,4.103613944799359,88182784.0,65.7012939453125,2,2
1775530140,4,49,1,4,paymentservice,0.007806434106575966,3.9032170532879826,89092096.0,66.3787841796875,2,2
1775530080,4,48,1,4,productcatalogservice,0.3201028920369386,106.70096401231284,54321152.0,26.981608072916668,3,3
1775530140,4,49,1,4,productcatalogservice,0.32577946045911,108.59315348636997,54214656.0,26.9287109375,3,3
1775530080,4,48,1,4,recommendationservice,0.4452212352004207,89.04424704008413,223920128.0,19.413352272727273,5,5
1775530140,4,49,1,4,recommendationservice,0.44826721657241864,89.65344331448372,223952896.0,19.41619318181818,5,5
1775530080,4,48,1,4,shippingservice,0.030190651982203658,30.190651982203654,19390464.0,28.89404296875,1,1
1775530140,4,49,1,4,shippingservice,0.028784299961381904,28.784299961381905,19447808.0,28.9794921875,1,1
1775530140,4,49,1,4,frontend,0.7959740991099291,132.66234985165482,177508352.0,44.08467610677083,6,6
1775530200,4,50,1,4,frontend,0.8132029115366449,135.5338185894408,178851840.0,44.4183349609375,6,6
1775530140,4,49,1,4,adservice,0.04557978206327476,22.78989103163738,108523520.0,57.497829861111114,1,1
1775530200,4,50,1,4,adservice,0.04579975310009288,22.89987655004644,108576768.0,57.52604166666667,1,1
1775530140,4,49,1,4,cartservice,0.22145787400045386,55.36446850011346,135024640.0,100.6011962890625,2,2
1775530200,4,50,1,4,cartservice,0.21804097815982065,54.51024453995515,134582272.0,100.2716064453125,2,2
1775530140,4,49,1,4,checkoutservice,0.03586801363033568,35.868013630335675,21573632.0,32.147216796875,1,1
1775530200,4,50,1,4,checkoutservice,0.029859016207056513,29.85901620705651,21585920.0,32.16552734375,1,1
1775530140,4,49,1,4,currencyservice,0.36304634149132675,90.76158537283169,333860864.0,124.37286376953125,4,4
1775530200,4,50,1,4,currencyservice,0.36528362066370795,91.32090516592697,334053376.0,124.444580078125,4,4
1775530140,4,49,1,4,emailservice,0.013057698277909051,13.057698277909049,46915584.0,69.90966796875,1,1
1775530200,4,50,1,4,emailservice,0.012394973155777873,12.394973155777873,46919680.0,69.915771484375,1,1
1775530140,4,49,1,4,paymentservice,0.007806434106575966,3.9032170532879826,89092096.0,66.3787841796875,2,2
1775530200,4,50,1,4,paymentservice,0.007250345641453664,3.625172820726832,89509888.0,66.6900634765625,2,2
1775530140,4,49,1,4,productcatalogservice,0.32577946045911,108.59315348636997,54214656.0,26.9287109375,3,3
1775530200,4,50,1,4,productcatalogservice,0.3283577920747956,109.45259735826518,54034432.0,26.839192708333332,3,3
1775530140,4,49,1,4,recommendationservice,0.44826721657241864,89.65344331448372,223952896.0,19.41619318181818,5,5
1775530200,4,50,1,4,recommendationservice,0.45188031628250297,90.3760632565006,223875072.0,19.409446022727273,5,5
1775530140,4,49,1,4,shippingservice,0.028784299961381904,28.784299961381905,19447808.0,28.9794921875,1,1
1775530200,4,50,1,4,shippingservice,0.03060356719276942,30.60356719276942,19611648.0,29.2236328125,1,1
1775530200,4,50,1,4,frontend,0.8132029115366449,135.5338185894408,178851840.0,44.4183349609375,6,6
1775530260,4,51,1,4,frontend,0.8229225286131246,137.1537547688541,179154944.0,44.49361165364583,6,6
1775530200,4,50,1,4,adservice,0.04579975310009288,22.89987655004644,108576768.0,57.52604166666667,1,1
1775530260,4,51,1,4,adservice,0.046439342701834634,23.219671350917316,108785664.0,57.63671875000001,1,1
1775530200,4,50,1,4,cartservice,0.21804097815982065,36.340163026636766,134582272.0,66.84773763020834,3,3
1775530260,4,51,1,4,cartservice,0.2531515677224214,42.191927953736894,134615040.0,66.864013671875,3,3
1775530200,4,50,1,4,checkoutservice,0.029859016207056513,29.85901620705651,21585920.0,32.16552734375,1,1
1775530260,4,51,1,4,checkoutservice,0.03406246341074025,34.06246341074024,21594112.0,32.177734375,1,1
1775530200,4,50,1,4,currencyservice,0.36528362066370795,91.32090516592697,334053376.0,124.444580078125,4,4
1775530260,4,51,1,4,currencyservice,0.36819365380842894,92.04841345210724,336474112.0,125.34637451171875,4,4
1775530200,4,50,1,4,emailservice,0.012394973155777873,12.394973155777873,46919680.0,69.915771484375,1,1
1775530260,4,51,1,4,emailservice,0.012605114190905497,12.605114190905494,46927872.0,69.927978515625,1,1
1775530200,4,50,1,4,paymentservice,0.007250345641453664,3.625172820726832,89509888.0,66.6900634765625,2,2
1775530260,4,51,1,4,paymentservice,0.007431855101307451,3.7159275506537255,90439680.0,67.3828125,2,2
1775530200,4,50,1,4,productcatalogservice,0.3283577920747956,109.45259735826518,54034432.0,26.839192708333332,3,3
1775530260,4,51,1,4,productcatalogservice,0.3338545859916686,111.28486199722285,54005760.0,26.824951171875,3,3
1775530200,4,50,1,4,recommendationservice,0.45188031628250297,90.3760632565006,223875072.0,19.409446022727273,5,5
1775530260,4,51,1,4,recommendationservice,0.46444351627302227,92.88870325460445,223956992.0,19.416548295454543,5,5
1775530200,4,50,1,4,shippingservice,0.03060356719276942,30.60356719276942,19611648.0,29.2236328125,1,1
1775530260,4,51,1,4,shippingservice,0.03134227067169768,31.34227067169768,19546112.0,29.1259765625,1,1
1775530260,4,51,1,4,frontend,0.8229225286131246,137.1537547688541,179154944.0,44.49361165364583,6,6
1775530320,4,52,1,4,frontend,0.7832214553844226,130.53690923073705,179961856.0,44.69401041666667,6,6
1775530260,4,51,1,4,adservice,0.046439342701834634,23.219671350917316,108785664.0,57.63671875000001,1,1
1775530320,4,52,1,4,adservice,0.04444166131447637,22.22083065723818,108466176.0,57.46744791666667,1,1
1775530260,4,51,1,4,cartservice,0.2531515677224214,42.191927953736894,134615040.0,66.864013671875,3,3
1775530320,4,52,1,4,cartservice,0.2668556531501886,44.475942191698095,161636352.0,80.28564453125,3,3
1775530260,4,51,1,4,checkoutservice,0.03406246341074025,34.06246341074024,21594112.0,32.177734375,1,1
1775530320,4,52,1,4,checkoutservice,0.03476019207867827,34.760192078678266,21790720.0,32.470703125,1,1
1775530260,4,51,1,4,currencyservice,0.36819365380842894,92.04841345210724,336474112.0,125.34637451171875,4,4
1775530320,4,52,1,4,currencyservice,0.35758921701982116,89.39730425495529,338673664.0,126.165771484375,4,4
1775530260,4,51,1,4,emailservice,0.012605114190905497,12.605114190905494,46927872.0,69.927978515625,1,1
1775530320,4,52,1,4,emailservice,0.012285359544744532,12.285359544744532,46911488.0,69.903564453125,1,1
1775530260,4,51,1,4,paymentservice,0.007431855101307451,3.7159275506537255,90439680.0,67.3828125,2,2
1775530320,4,52,1,4,paymentservice,0.006982361651746621,3.4911808258733106,90943488.0,67.7581787109375,2,2
1775530260,4,51,1,4,productcatalogservice,0.3338545859916686,111.28486199722285,54005760.0,26.824951171875,3,3
1775530320,4,52,1,4,productcatalogservice,0.32064695234843554,106.88231744947849,54419456.0,27.030436197916668,3,3
1775530260,4,51,1,4,recommendationservice,0.46444351627302227,92.88870325460445,223956992.0,19.416548295454543,5,5
1775530320,4,52,1,4,recommendationservice,0.4279545047133818,85.59090094267636,223916032.0,19.41299715909091,5,5
1775530260,4,51,1,4,shippingservice,0.03134227067169768,31.34227067169768,19546112.0,29.1259765625,1,1
1775530320,4,52,1,4,shippingservice,0.03002325711618912,30.023257116189118,19574784.0,29.168701171875,1,1
1775530320,4,52,1,4,frontend,0.7832214553844226,130.53690923073705,179961856.0,44.69401041666667,6,6
1775530380,4,53,1,4,frontend,0.7812843311925111,130.21405519875182,178315264.0,44.28507486979167,6,6
1775530320,4,52,1,4,adservice,0.04444166131447637,22.22083065723818,108466176.0,57.46744791666667,1,1
1775530380,4,53,1,4,adservice,0.039577517875726644,19.78875893786332,108535808.0,57.50434027777778,1,1
1775530320,4,52,1,4,cartservice,0.2668556531501886,44.475942191698095,161636352.0,80.28564453125,3,3
1775530380,4,53,1,4,cartservice,0.2447835664678543,40.79726107797571,166993920.0,82.94677734375,3,3
1775530320,4,52,1,4,checkoutservice,0.03476019207867827,34.760192078678266,21790720.0,32.470703125,1,1
1775530380,4,53,1,4,checkoutservice,0.03229356336445874,32.29356336445874,21778432.0,32.452392578125,1,1
1775530320,4,52,1,4,currencyservice,0.35758921701982116,89.39730425495529,338673664.0,126.165771484375,4,4
1775530380,4,53,1,4,currencyservice,0.357557068006554,89.3892670016385,340529152.0,126.85699462890625,4,4
1775530320,4,52,1,4,emailservice,0.012285359544744532,12.285359544744532,46911488.0,69.903564453125,1,1
1775530380,4,53,1,4,emailservice,0.012268826901349677,12.268826901349676,46919680.0,69.915771484375,1,1
1775530320,4,52,1,4,paymentservice,0.006982361651746621,3.4911808258733106,90943488.0,67.7581787109375,2,2
1775530380,4,53,1,4,paymentservice,0.0072353845257638275,3.6176922628819135,92426240.0,68.8629150390625,2,2
1775530320,4,52,1,4,productcatalogservice,0.32064695234843554,106.88231744947849,54419456.0,27.030436197916668,3,3
1775530380,4,53,1,4,productcatalogservice,0.3168202741777383,105.60675805924609,54255616.0,26.949055989583332,3,3
1775530320,4,52,1,4,recommendationservice,0.4279545047133818,85.59090094267636,223916032.0,19.41299715909091,5,5
1775530380,4,53,1,4,recommendationservice,0.430621507625514,86.1243015251028,223842304.0,19.406605113636363,5,5
1775530320,4,52,1,4,shippingservice,0.03002325711618912,30.023257116189118,19574784.0,29.168701171875,1,1
1775530380,4,53,1,4,shippingservice,0.028747855964325764,28.747855964325765,19644416.0,29.2724609375,1,1
1775530380,4,53,1,4,frontend,0.7812843311925111,130.21405519875182,178315264.0,44.28507486979167,6,6
1775530440,4,54,1,4,frontend,0.7996650877613982,133.2775146268997,179396608.0,44.55362955729167,6,6
1775530380,4,53,1,4,adservice,0.039577517875726644,19.78875893786332,108535808.0,57.50434027777778,1,1
1775530440,4,54,1,4,adservice,0.044934032544426614,22.467016272213307,108584960.0,57.53038194444444,1,1
1775530380,4,53,1,4,cartservice,0.2447835664678543,40.79726107797571,166993920.0,82.94677734375,3,3
1775530440,4,54,1,4,cartservice,0.1975692641710877,32.92821069518128,167010304.0,82.95491536458334,3,3
1775530380,4,53,1,4,checkoutservice,0.03229356336445874,32.29356336445874,21778432.0,32.452392578125,1,1
1775530440,4,54,1,4,checkoutservice,0.031580898260864514,31.580898260864508,21671936.0,32.293701171875,1,1
1775530380,4,53,1,4,currencyservice,0.357557068006554,89.3892670016385,340529152.0,126.85699462890625,4,4
1775530440,4,54,1,4,currencyservice,0.3602485240244384,90.06213100610961,341639168.0,127.2705078125,4,4
1775530380,4,53,1,4,emailservice,0.012268826901349677,12.268826901349676,46919680.0,69.915771484375,1,1
1775530440,4,54,1,4,emailservice,0.010827966191072139,10.82796619107214,46919680.0,69.915771484375,1,1
1775530380,4,53,1,4,paymentservice,0.0072353845257638275,3.6176922628819135,92426240.0,68.8629150390625,2,2
1775530440,4,54,1,4,paymentservice,0.007297235059162393,3.648617529581196,92958720.0,69.2596435546875,2,2
1775530380,4,53,1,4,productcatalogservice,0.3168202741777383,105.60675805924609,54255616.0,26.949055989583332,3,3
1775530440,4,54,1,4,productcatalogservice,0.3221310031693015,107.37700105643381,54214656.0,26.9287109375,3,3
1775530380,4,53,1,4,recommendationservice,0.430621507625514,86.1243015251028,223842304.0,19.406605113636363,5,5
1775530440,4,54,1,4,recommendationservice,0.4300645054258519,86.01290108517038,224026624.0,19.422585227272727,5,5
1775530380,4,53,1,4,shippingservice,0.028747855964325764,28.747855964325765,19644416.0,29.2724609375,1,1
1775530440,4,54,1,4,shippingservice,0.02969587863253695,29.69587863253695,19345408.0,28.826904296875,1,1
1775530440,4,54,1,4,frontend,0.7996650877613982,133.2775146268997,179396608.0,44.55362955729167,6,6
1775530500,4,55,1,4,frontend,0.808696421253537,134.78273687558948,178597888.0,44.35526529947917,6,6
1775530440,4,54,1,4,adservice,0.044934032544426614,22.467016272213307,108584960.0,57.53038194444444,1,1
1775530500,4,55,1,4,adservice,0.04515150019738557,22.575750098692783,108584960.0,57.53038194444444,1,1
1775530440,4,54,1,4,cartservice,0.1975692641710877,32.92821069518128,167010304.0,82.95491536458334,3,3
1775530500,4,55,1,4,cartservice,0.21787857982899045,36.31309663816507,168235008.0,83.563232421875,3,3
1775530440,4,54,1,4,checkoutservice,0.031580898260864514,31.580898260864508,21671936.0,32.293701171875,1,1
1775530500,4,55,1,4,checkoutservice,0.034248808013215795,34.24880801321579,21635072.0,32.23876953125,1,1
1775530440,4,54,1,4,currencyservice,0.3602485240244384,90.06213100610961,341639168.0,127.2705078125,4,4
1775530500,4,55,1,4,currencyservice,0.36254626666557255,90.63656666639314,341774336.0,127.32086181640625,4,4
1775530440,4,54,1,4,emailservice,0.010827966191072139,10.82796619107214,46919680.0,69.915771484375,1,1
1775530500,4,55,1,4,emailservice,0.012101324478466891,12.101324478466891,46911488.0,69.903564453125,1,1
1775530440,4,54,1,4,paymentservice,0.007297235059162393,3.648617529581196,92958720.0,69.2596435546875,2,2
1775530500,4,55,1,4,paymentservice,0.00668391333331212,3.34195666665606,93708288.0,69.818115234375,2,2
1775530440,4,54,1,4,productcatalogservice,0.3221310031693015,107.37700105643381,54214656.0,26.9287109375,3,3
1775530500,4,55,1,4,productcatalogservice,0.3251892437433171,108.39641458110567,54149120.0,26.896158854166668,3,3
1775530440,4,54,1,4,recommendationservice,0.4300645054258519,86.01290108517038,224026624.0,19.422585227272727,5,5
1775530500,4,55,1,4,recommendationservice,0.44816966659312873,89.63393331862575,223985664.0,19.41903409090909,5,5
1775530440,4,54,1,4,shippingservice,0.02969587863253695,29.69587863253695,19345408.0,28.826904296875,1,1
1775530500,4,55,1,4,shippingservice,0.030797594265426862,30.79759426542686,19468288.0,29.010009765625,1,1
1775530500,4,55,1,4,frontend,0.808696421253537,134.78273687558948,178597888.0,44.35526529947917,6,6
1775530560,4,56,1,4,frontend,0.778156163565788,129.69269392763132,181239808.0,45.01139322916667,6,6
1775530500,4,55,1,4,adservice,0.04515150019738557,22.575750098692783,108584960.0,57.53038194444444,1,1
1775530560,4,56,1,4,adservice,0.045177163524678855,22.588581762339427,108527616.0,57.49999999999999,1,1
1775530500,4,55,1,4,cartservice,0.21787857982899045,54.46964495724761,168235008.0,125.3448486328125,2,2
1775530560,4,56,1,4,cartservice,0.22018023848187618,55.04505962046904,168955904.0,125.8819580078125,2,2
1775530500,4,55,1,4,checkoutservice,0.034248808013215795,34.24880801321579,21635072.0,32.23876953125,1,1
1775530560,4,56,1,4,checkoutservice,0.0341859883160893,34.1859883160893,21876736.0,32.598876953125,1,1
1775530500,4,55,1,4,currencyservice,0.36254626666557255,90.63656666639314,341774336.0,127.32086181640625,4,4
1775530560,4,56,1,4,currencyservice,0.3574276219499375,89.35690548748437,344145920.0,128.204345703125,4,4
1775530500,4,55,1,4,emailservice,0.012101324478466891,12.101324478466891,46911488.0,69.903564453125,1,1
1775530560,4,56,1,4,emailservice,0.012215601724807072,12.21560172480707,46919680.0,69.915771484375,1,1
1775530500,4,55,1,4,paymentservice,0.00668391333331212,3.34195666665606,93708288.0,69.818115234375,2,2
1775530560,4,56,1,4,paymentservice,0.007381161383095717,3.6905806915478583,94449664.0,70.3704833984375,2,2
1775530500,4,55,1,4,productcatalogservice,0.3251892437433171,108.39641458110567,54149120.0,26.896158854166668,3,3
1775530560,4,56,1,4,productcatalogservice,0.3255368758771425,108.51229195904747,54886400.0,27.262369791666668,3,3
1775530500,4,55,1,4,recommendationservice,0.44816966659312873,89.63393331862575,223985664.0,19.41903409090909,5,5
1775530560,4,56,1,4,recommendationservice,0.4481901804944241,89.63803609888483,223940608.0,19.41512784090909,5,5
1775530500,4,55,1,4,shippingservice,0.030797594265426862,30.79759426542686,19468288.0,29.010009765625,1,1
1775530560,4,56,1,4,shippingservice,0.03019982564053724,30.199825640537238,19681280.0,29.327392578125,1,1
1775530560,4,56,1,4,frontend,0.778156163565788,129.69269392763132,181239808.0,45.01139322916667,6,6
1775530620,4,57,1,4,frontend,0.7894128633198362,131.568810553306,180342784.0,44.78861490885417,6,6
1775530560,4,56,1,4,adservice,0.045177163524678855,22.588581762339427,108527616.0,57.49999999999999,1,1
1775530620,4,57,1,4,adservice,0.04522111432646923,22.610557163234617,108625920.0,57.552083333333336,1,1
1775530560,4,56,1,4,cartservice,0.22018023848187618,55.04505962046904,168955904.0,125.8819580078125,2,2
1775530620,4,57,1,4,cartservice,0.22020210823553504,55.05052705888376,134582272.0,100.2716064453125,2,2
1775530560,4,56,1,4,checkoutservice,0.0341859883160893,34.1859883160893,21876736.0,32.598876953125,1,1
1775530620,4,57,1,4,checkoutservice,0.0358914386759613,35.8914386759613,21614592.0,32.208251953125,1,1
1775530560,4,56,1,4,currencyservice,0.3574276219499375,89.35690548748437,344145920.0,128.204345703125,4,4
1775530620,4,57,1,4,currencyservice,0.34303712824728205,85.75928206182051,345075712.0,128.55072021484375,4,4
1775530560,4,56,1,4,emailservice,0.012215601724807072,12.21560172480707,46919680.0,69.915771484375,1,1
1775530620,4,57,1,4,emailservice,0.01294220281524265,12.942202815242648,46923776.0,69.921875,1,1
1775530560,4,56,1,4,paymentservice,0.007381161383095717,3.6905806915478583,94449664.0,70.3704833984375,2,2
1775530620,4,57,1,4,paymentservice,0.00800066509903188,4.00033254951594,95809536.0,71.3836669921875,2,2
1775530560,4,56,1,4,productcatalogservice,0.3255368758771425,108.51229195904747,54886400.0,27.262369791666668,3,3
1775530620,4,57,1,4,productcatalogservice,0.32328980058178886,107.76326686059627,54091776.0,26.86767578125,3,3
1775530560,4,56,1,4,recommendationservice,0.4481901804944241,89.63803609888483,223940608.0,19.41512784090909,5,5
1775530620,4,57,1,4,recommendationservice,0.44286904714580205,88.5738094291604,223932416.0,19.414417613636363,5,5
1775530560,4,56,1,4,shippingservice,0.03019982564053724,30.199825640537238,19681280.0,29.327392578125,1,1
1775530620,4,57,1,4,shippingservice,0.029941558927536405,29.941558927536406,19517440.0,29.083251953125,1,1
1775530620,4,57,1,4,frontend,0.7894128633198362,131.568810553306,180342784.0,44.78861490885417,6,6
1775530680,4,58,1,4,frontend,0.8062425770856462,134.37376284760768,179822592.0,44.659423828125,6,6
1775530620,4,57,1,4,adservice,0.04522111432646923,22.610557163234617,108625920.0,57.552083333333336,1,1
1775530680,4,58,1,4,adservice,0.04492509202341541,22.462546011707705,108466176.0,57.46744791666667,1,1
1775530620,4,57,1,4,cartservice,0.22020210823553504,55.05052705888376,134582272.0,100.2716064453125,2,2
1775530680,4,58,1,4,cartservice,0.22985172777316537,57.46293194329134,134676480.0,100.341796875,2,2
1775530620,4,57,1,4,checkoutservice,0.0358914386759613,35.8914386759613,21614592.0,32.208251953125,1,1
1775530680,4,58,1,4,checkoutservice,0.03275141688523794,32.75141688523793,21622784.0,32.220458984375,1,1
1775530620,4,57,1,4,currencyservice,0.34303712824728205,85.75928206182051,345075712.0,128.55072021484375,4,4
1775530680,4,58,1,4,currencyservice,0.3600593797396556,90.01484493491391,347967488.0,129.62799072265625,4,4
1775530620,4,57,1,4,emailservice,0.01294220281524265,12.942202815242648,46923776.0,69.921875,1,1
1775530680,4,58,1,4,emailservice,0.01214550005136169,12.145500051361688,46923776.0,69.921875,1,1
1775530620,4,57,1,4,paymentservice,0.00800066509903188,4.00033254951594,95809536.0,71.3836669921875,2,2
1775530680,4,58,1,4,paymentservice,0.006939854198263547,3.469927099131773,96522240.0,71.9146728515625,2,2
1775530620,4,57,1,4,productcatalogservice,0.32328980058178886,107.76326686059627,54091776.0,26.86767578125,3,3
1775530680,4,58,1,4,productcatalogservice,0.32635572395320944,108.78524131773646,54493184.0,27.067057291666668,3,3
1775530620,4,57,1,4,recommendationservice,0.44286904714580205,88.5738094291604,223932416.0,19.414417613636363,5,5
1775530680,4,58,1,4,recommendationservice,0.44591036541484624,89.18207308296925,223920128.0,19.413352272727273,5,5
1775530620,4,57,1,4,shippingservice,0.029941558927536405,29.941558927536406,19517440.0,29.083251953125,1,1
1775530680,4,58,1,4,shippingservice,0.030524249001414237,30.524249001414233,19660800.0,29.296875,1,1
1775530680,4,58,1,4,frontend,0.8062425770856462,134.37376284760768,179822592.0,44.659423828125,6,6
1775530740,4,59,1,4,frontend,0.8063091600503639,134.38486000839396,180400128.0,44.8028564453125,6,6
1775530680,4,58,1,4,adservice,0.04492509202341541,22.462546011707705,108466176.0,57.46744791666667,1,1
1775530740,4,59,1,4,adservice,0.04492450954333183,22.462254771665915,108511232.0,57.49131944444444,1,1
1775530680,4,58,1,4,cartservice,0.22985172777316537,57.46293194329134,134676480.0,100.341796875,2,2
1775530740,4,59,1,4,cartservice,0.23449462072442193,58.623655181105484,134610944.0,100.29296875,2,2
1775530680,4,58,1,4,checkoutservice,0.03275141688523794,32.75141688523793,21622784.0,32.220458984375,1,1
1775530740,4,59,1,4,checkoutservice,0.03028285222286237,30.282852222862367,21405696.0,31.89697265625,1,1
1775530680,4,58,1,4,currencyservice,0.3600593797396556,90.01484493491391,347967488.0,129.62799072265625,4,4
1775530740,4,59,1,4,currencyservice,0.3613853303151001,90.34633257877502,346103808.0,128.9337158203125,4,4
1775530680,4,58,1,4,emailservice,0.01214550005136169,12.145500051361688,46923776.0,69.921875,1,1
1775530740,4,59,1,4,emailservice,0.011413835267706656,11.413835267706656,46919680.0,69.915771484375,1,1
1775530680,4,58,1,4,paymentservice,0.006939854198263547,3.469927099131773,96522240.0,71.9146728515625,2,2
1775530740,4,59,1,4,paymentservice,0.0069922746432267025,3.496137321613351,97480704.0,72.6287841796875,2,2
1775530680,4,58,1,4,productcatalogservice,0.32635572395320944,108.78524131773646,54493184.0,27.067057291666668,3,3
1775530740,4,59,1,4,productcatalogservice,0.3102913554917055,103.43045183056849,54026240.0,26.835123697916668,3,3
1775530680,4,58,1,4,recommendationservice,0.44591036541484624,89.18207308296925,223920128.0,19.413352272727273,5,5
1775530740,4,59,1,4,recommendationservice,0.4337973007402144,86.75946014804288,224104448.0,19.429332386363637,5,5
1775530680,4,58,1,4,shippingservice,0.030524249001414237,30.524249001414233,19660800.0,29.296875,1,1
1775530740,4,59,1,4,shippingservice,0.029175852900898476,29.175852900898473,19402752.0,28.912353515625,1,1
1775530740,4,59,1,4,frontend,0.8063091600503639,134.38486000839396,180400128.0,44.8028564453125,6,6
1775530800,5,0,1,4,frontend,0.7973815681114163,132.89692801856935,177971200.0,44.19962565104167,6,6
1775530740,4,59,1,4,adservice,0.04492450954333183,22.462254771665915,108511232.0,57.49131944444444,1,1
1775530800,5,0,1,4,adservice,0.04613308547938235,23.066542739691172,108834816.0,57.66276041666667,1,1
1775530740,4,59,1,4,cartservice,0.23449462072442193,58.623655181105484,134610944.0,100.29296875,2,2
1775530800,5,0,1,4,cartservice,0.21470079472262754,53.67519868065688,134672384.0,100.3387451171875,2,2
1775530740,4,59,1,4,checkoutservice,0.03028285222286237,30.282852222862367,21405696.0,31.89697265625,1,1
1775530800,5,0,1,4,checkoutservice,0.02945385054315914,29.453850543159138,20803584.0,30.999755859375,1,1
1775530740,4,59,1,4,currencyservice,0.3613853303151001,90.34633257877502,346103808.0,128.9337158203125,4,4
1775530800,5,0,1,4,currencyservice,0.3614974124375686,90.37435310939215,348131328.0,129.68902587890625,4,4
1775530740,4,59,1,4,emailservice,0.011413835267706656,11.413835267706656,46919680.0,69.915771484375,1,1
1775530800,5,0,1,4,emailservice,0.011174015855037744,11.174015855037744,46923776.0,69.921875,1,1
1775530740,4,59,1,4,paymentservice,0.0069922746432267025,3.496137321613351,97480704.0,72.6287841796875,2,2
1775530800,5,0,1,4,paymentservice,0.009061062507619273,4.530531253809636,97984512.0,73.004150390625,2,2
1775530740,4,59,1,4,productcatalogservice,0.3102913554917055,103.43045183056849,54026240.0,26.835123697916668,3,3
1775530800,5,0,1,4,productcatalogservice,0.3220671687326253,107.3557229108751,54042624.0,26.84326171875,3,3
1775530740,4,59,1,4,recommendationservice,0.4337973007402144,86.75946014804288,224104448.0,19.429332386363637,5,5
1775530800,5,0,1,4,recommendationservice,0.4344881951219678,86.89763902439356,224108544.0,19.4296875,5,5
1775530740,4,59,1,4,shippingservice,0.029175852900898476,29.175852900898473,19402752.0,28.912353515625,1,1
1775530800,5,0,1,4,shippingservice,0.028588027271561366,28.588027271561362,19927040.0,29.693603515625,1,1
1775530800,5,0,1,4,frontend,0.7973815681114163,132.89692801856935,177971200.0,44.19962565104167,6,6
1775530860,5,1,1,4,frontend,0.7964153077664758,132.73588462774595,178368512.0,44.29829915364583,6,6
1775530800,5,0,1,4,adservice,0.04613308547938235,23.066542739691172,108834816.0,57.66276041666667,1,1
1775530860,5,1,1,4,adservice,0.04469926617744234,22.34963308872117,108544000.0,57.50868055555556,1,1
1775530800,5,0,1,4,cartservice,0.21470079472262754,53.67519868065688,134672384.0,100.3387451171875,2,2
1775530860,5,1,1,4,cartservice,0.23421100796922092,58.55275199230523,134647808.0,100.3204345703125,2,2
1775530800,5,0,1,4,checkoutservice,0.02945385054315914,29.453850543159138,20803584.0,30.999755859375,1,1
1775530860,5,1,1,4,checkoutservice,0.03244025410250895,32.440254102508945,21016576.0,31.317138671875,1,1
1775530800,5,0,1,4,currencyservice,0.3614974124375686,90.37435310939215,348131328.0,129.68902587890625,4,4
1775530860,5,1,1,4,currencyservice,0.3584453841384021,89.61134603460053,350433280.0,130.54656982421875,4,4
1775530800,5,0,1,4,emailservice,0.011174015855037744,11.174015855037744,46923776.0,69.921875,1,1
1775530860,5,1,1,4,emailservice,0.01170945180254119,11.70945180254119,46923776.0,69.921875,1,1
1775530800,5,0,1,4,paymentservice,0.009061062507619273,4.530531253809636,97984512.0,73.004150390625,2,2
1775530860,5,1,1,4,paymentservice,0.009325152753124791,4.662576376562395,99168256.0,73.8861083984375,2,2
1775530800,5,0,1,4,productcatalogservice,0.3220671687326253,107.3557229108751,54042624.0,26.84326171875,3,3
1775530860,5,1,1,4,productcatalogservice,0.3233150328780655,107.77167762602183,54206464.0,26.924641927083332,3,3
1775530800,5,0,1,4,recommendationservice,0.4344881951219678,86.89763902439356,224108544.0,19.4296875,5,5
1775530860,5,1,1,4,recommendationservice,0.4365713133821114,87.31426267642229,223879168.0,19.409801136363637,5,5
1775530800,5,0,1,4,shippingservice,0.028588027271561366,28.588027271561362,19927040.0,29.693603515625,1,1
1775530860,5,1,1,4,shippingservice,0.029772084141986028,29.772084141986028,18833408.0,28.06396484375,1,1
1775530860,5,1,1,4,frontend,0.7964153077664758,132.73588462774595,178368512.0,44.29829915364583,6,6
1775530920,5,2,1,4,frontend,0.8127874218323317,135.46457030538858,176979968.0,43.95345052083333,6,6
1775530860,5,1,1,4,adservice,0.04469926617744234,22.34963308872117,108544000.0,57.50868055555556,1,1
1775530920,5,2,1,4,adservice,0.04521860843517255,22.609304217586274,108531712.0,57.502170138888886,1,1
1775530860,5,1,1,4,cartservice,0.23421100796922092,58.55275199230523,134647808.0,100.3204345703125,2,2
1775530920,5,2,1,4,cartservice,0.23437610372470152,58.59402593117537,134635520.0,100.311279296875,2,2
1775530860,5,1,1,4,checkoutservice,0.03244025410250895,32.440254102508945,21016576.0,31.317138671875,1,1
1775530920,5,2,1,4,checkoutservice,0.03503974743816931,35.03974743816931,21254144.0,31.671142578125,1,1
1775530860,5,1,1,4,currencyservice,0.3584453841384021,89.61134603460053,350433280.0,130.54656982421875,4,4
1775530920,5,2,1,4,currencyservice,0.3484807477853973,87.12018694634932,352583680.0,131.34765625,4,4
1775530860,5,1,1,4,emailservice,0.01170945180254119,11.70945180254119,46923776.0,69.921875,1,1
1775530920,5,2,1,4,emailservice,0.012535224144193589,12.535224144193588,46919680.0,69.915771484375,1,1
1775530860,5,1,1,4,paymentservice,0.009325152753124791,4.662576376562395,99168256.0,73.8861083984375,2,2
1775530920,5,2,1,4,paymentservice,0.0076410284567117355,3.8205142283558673,99524608.0,74.151611328125,2,2
1775530860,5,1,1,4,productcatalogservice,0.3233150328780655,107.77167762602183,54206464.0,26.924641927083332,3,3
1775530920,5,2,1,4,productcatalogservice,0.32544605790845005,108.48201930281667,53866496.0,26.755777994791668,3,3
1775530860,5,1,1,4,recommendationservice,0.4365713133821114,87.31426267642229,223879168.0,19.409801136363637,5,5
1775530920,5,2,1,4,recommendationservice,0.4525765833942,90.51531667884,224395264.0,19.454545454545453,5,5
1775530860,5,1,1,4,shippingservice,0.029772084141986028,29.772084141986028,18833408.0,28.06396484375,1,1
1775530920,5,2,1,4,shippingservice,0.030235136683431637,30.235136683431634,19185664.0,28.5888671875,1,1
1775530920,5,2,1,4,frontend,0.8127874218323317,135.46457030538858,176979968.0,43.95345052083333,6,6
1775530980,5,3,1,4,frontend,0.8151567299919207,135.8594549986534,177594368.0,44.10603841145833,6,6
1775530920,5,2,1,4,adservice,0.04521860843517255,22.609304217586274,108531712.0,57.502170138888886,1,1
1775530980,5,3,1,4,adservice,0.045466087924920816,22.733043962460407,108572672.0,57.52387152777778,1,1
1775530920,5,2,1,4,cartservice,0.23437610372470152,58.59402593117537,134635520.0,100.311279296875,2,2
1775530980,5,3,1,4,cartservice,0.22730793849126402,56.826984622816,134803456.0,100.4364013671875,2,2
1775530920,5,2,1,4,checkoutservice,0.03503974743816931,35.03974743816931,21254144.0,31.671142578125,1,1
1775530980,5,3,1,4,checkoutservice,0.03671836992575205,36.71836992575205,21049344.0,31.365966796875,1,1
1775530920,5,2,1,4,currencyservice,0.3484807477853973,87.12018694634932,352583680.0,131.34765625,4,4
1775530980,5,3,1,4,currencyservice,0.359953879749056,89.988469937264,352247808.0,131.2225341796875,4,4
1775530920,5,2,1,4,emailservice,0.012535224144193589,12.535224144193588,46919680.0,69.915771484375,1,1
1775530980,5,3,1,4,emailservice,0.01279694605614043,12.79694605614043,46919680.0,69.915771484375,1,1
1775530920,5,2,1,4,paymentservice,0.0076410284567117355,3.8205142283558673,99524608.0,74.151611328125,2,2
1775530980,5,3,1,4,paymentservice,0.007579028638780147,3.7895143193900727,100188160.0,74.64599609375,2,2
1775530920,5,2,1,4,productcatalogservice,0.32544605790845005,108.48201930281667,53866496.0,26.755777994791668,3,3
1775530980,5,3,1,4,productcatalogservice,0.3274481241711005,109.14937472370015,52649984.0,26.151529947916668,3,3
1775530920,5,2,1,4,recommendationservice,0.4525765833942,90.51531667884,224395264.0,19.454545454545453,5,5
1775530980,5,3,1,4,recommendationservice,0.4519046810746096,90.38093621492193,223948800.0,19.415838068181817,5,5
1775530920,5,2,1,4,shippingservice,0.030235136683431637,30.235136683431634,19185664.0,28.5888671875,1,1
1775530980,5,3,1,4,shippingservice,0.03167044631415802,31.670446314158013,19226624.0,28.64990234375,1,1
1775530980,5,3,1,4,frontend,0.8151567299919207,135.8594549986534,177594368.0,44.10603841145833,6,6
1775531040,5,4,1,4,frontend,0.8017711557855933,133.62852596426552,177848320.0,44.16910807291667,6,6
1775530980,5,3,1,4,adservice,0.045466087924920816,22.733043962460407,108572672.0,57.52387152777778,1,1
1775531040,5,4,1,4,adservice,0.04544124067122605,22.720620335613024,108634112.0,57.55642361111111,1,1
1775530980,5,3,1,4,cartservice,0.22730793849126402,56.826984622816,134803456.0,100.4364013671875,2,2
1775531040,5,4,1,4,cartservice,0.2369490340457866,59.23725851144665,135327744.0,100.8270263671875,2,2
1775530980,5,3,1,4,checkoutservice,0.03671836992575205,36.71836992575205,21049344.0,31.365966796875,1,1
1775531040,5,4,1,4,checkoutservice,0.036406600932631095,36.40660093263109,21245952.0,31.658935546875,1,1
1775530980,5,3,1,4,currencyservice,0.359953879749056,89.988469937264,352247808.0,131.2225341796875,4,3
1775531040,5,4,1,4,currencyservice,0.36306878844149904,90.76719711037475,355287040.0,132.354736328125,4,3
1775530980,5,3,1,4,emailservice,0.01279694605614043,12.79694605614043,46919680.0,69.915771484375,1,1
1775531040,5,4,1,4,emailservice,0.012894523659646044,12.894523659646042,46919680.0,69.915771484375,1,1
1775530980,5,3,1,4,paymentservice,0.007579028638780147,3.7895143193900727,100188160.0,74.64599609375,2,2
1775531040,5,4,1,4,paymentservice,0.007215887317023691,3.607943658511845,100544512.0,74.9114990234375,2,2
1775530980,5,3,1,4,productcatalogservice,0.3274481241711005,109.14937472370015,52649984.0,26.151529947916668,3,3
1775531040,5,4,1,4,productcatalogservice,0.2943441388502871,98.11471295009568,52862976.0,26.25732421875,3,3
1775530980,5,3,1,4,recommendationservice,0.4519046810746096,90.38093621492193,223948800.0,19.415838068181817,5,5
1775531040,5,4,1,4,recommendationservice,0.4386422297730952,87.72844595461903,223965184.0,19.417258522727273,5,5
1775530980,5,3,1,4,shippingservice,0.03167044631415802,31.670446314158013,19226624.0,28.64990234375,1,1
1775531040,5,4,1,4,shippingservice,0.031275400179526985,31.275400179526986,19345408.0,28.826904296875,1,1
1775531040,5,4,1,4,frontend,0.8017711557855933,133.62852596426552,177848320.0,44.16910807291667,6,6
1775531100,5,5,1,4,frontend,0.7413095691850082,123.55159486416802,178544640.0,44.342041015625,6,6
1775531040,5,4,1,4,adservice,0.04544124067122605,22.720620335613024,108634112.0,57.55642361111111,1,1
1775531100,5,5,1,4,adservice,0.042484368455828474,21.242184227914233,108523520.0,57.497829861111114,1,1
1775531040,5,4,1,4,cartservice,0.2369490340457866,59.23725851144665,135327744.0,100.8270263671875,2,2
1775531100,5,5,1,4,cartservice,0.2198005947505925,54.95014868764812,134766592.0,100.408935546875,2,2
1775531040,5,4,1,4,checkoutservice,0.036406600932631095,36.40660093263109,21245952.0,31.658935546875,1,1
1775531100,5,5,1,4,checkoutservice,0.03481250321540219,34.81250321540219,21241856.0,31.65283203125,1,1
1775531040,5,4,1,4,currencyservice,0.36306878844149904,90.76719711037475,355287040.0,132.354736328125,4,4
1775531100,5,5,1,4,currencyservice,0.42559052940479725,106.3976323511993,215863296.0,80.41534423828125,4,4
1775531040,5,4,1,4,emailservice,0.012894523659646044,12.894523659646042,46919680.0,69.915771484375,1,1
1775531100,5,5,1,4,emailservice,0.012510138718894911,12.510138718894911,46919680.0,69.915771484375,1,1
1775531040,5,4,1,4,paymentservice,0.007215887317023691,3.607943658511845,100544512.0,74.9114990234375,2,2
1775531100,5,5,1,4,paymentservice,0.007353530872164323,3.676765436082161,101609472.0,75.7049560546875,2,2
1775531040,5,4,1,4,productcatalogservice,0.2943441388502871,98.11471295009568,52862976.0,26.25732421875,3,3
1775531100,5,5,1,4,productcatalogservice,0.3127439945742759,104.24799819142527,53063680.0,26.357014973958332,3,3
1775531040,5,4,1,4,recommendationservice,0.4386422297730952,87.72844595461903,223965184.0,19.417258522727273,5,5
1775531100,5,5,1,4,recommendationservice,0.41024763953361254,82.0495279067225,223862784.0,19.408380681818183,5,5
1775531040,5,4,1,4,shippingservice,0.031275400179526985,31.275400179526986,19345408.0,28.826904296875,1,1
1775531100,5,5,1,4,shippingservice,0.028920224440138306,28.920224440138302,19144704.0,28.52783203125,1,1
1775531100,5,5,1,4,frontend,0.7413095691850082,123.55159486416802,178544640.0,44.342041015625,6,6
1775531160,5,6,1,4,frontend,0.7712983361426723,128.54972269044535,178327552.0,44.28812662760417,6,6
1775531100,5,5,1,4,adservice,0.042484368455828474,21.242184227914233,108523520.0,57.497829861111114,1,1
1775531160,5,6,1,4,adservice,0.04112546145246323,20.562730726231614,108617728.0,57.54774305555556,1,1
1775531100,5,5,1,4,cartservice,0.2198005947505925,54.95014868764812,134766592.0,100.408935546875,2,2
1775531160,5,6,1,4,cartservice,0.21797776198416985,54.494440496042465,134774784.0,100.4150390625,2,2
1775531100,5,5,1,4,checkoutservice,0.03481250321540219,34.81250321540219,21241856.0,31.65283203125,1,1
1775531160,5,6,1,4,checkoutservice,0.03279865901731426,32.79865901731426,21315584.0,31.7626953125,1,1
1775531100,5,5,1,4,currencyservice,0.42559052940479725,106.3976323511993,215863296.0,80.41534423828125,4,4
1775531160,5,6,1,4,currencyservice,0.4652588548348775,116.31471370871938,219373568.0,81.7230224609375,4,4
1775531100,5,5,1,4,emailservice,0.012510138718894911,12.510138718894911,46919680.0,69.915771484375,1,1
1775531160,5,6,1,4,emailservice,0.012828960742288639,12.82896074228864,46923776.0,69.921875,1,1
1775531100,5,5,1,4,paymentservice,0.007353530872164323,3.676765436082161,101609472.0,75.7049560546875,2,2
1775531160,5,6,1,4,paymentservice,0.007354040181717835,3.677020090858917,101732352.0,75.7965087890625,2,2
1775531100,5,5,1,4,productcatalogservice,0.3127439945742759,104.24799819142527,53063680.0,26.357014973958332,3,3
1775531160,5,6,1,4,productcatalogservice,0.3156139607675707,105.20465358919023,52989952.0,26.320393880208332,3,3
1775531100,5,5,1,4,recommendationservice,0.41024763953361254,82.0495279067225,223862784.0,19.408380681818183,5,5
1775531160,5,6,1,4,recommendationservice,0.4262146904930089,85.24293809860178,224145408.0,19.432883522727273,5,5
1775531100,5,5,1,4,shippingservice,0.028920224440138306,28.920224440138302,19144704.0,28.52783203125,1,1
1775531160,5,6,1,4,shippingservice,0.02799700475832714,27.997004758327137,19357696.0,28.84521484375,1,1
1775531160,5,6,1,4,frontend,0.7712983361426723,128.54972269044535,178327552.0,44.28812662760417,6,6
1775531220,5,7,1,4,frontend,0.8486621010727207,141.4436835121201,178733056.0,44.38883463541667,6,6
1775531160,5,6,1,4,adservice,0.04112546145246323,20.562730726231614,108617728.0,57.54774305555556,1,1
1775531220,5,7,1,4,adservice,0.04716800088825531,23.584000444127653,108617728.0,57.54774305555556,1,1
1775531160,5,6,1,4,cartservice,0.21797776198416985,36.329626997361636,134774784.0,66.943359375,3,3
1775531220,5,7,1,4,cartservice,0.24051028929994633,40.08504821665772,134729728.0,66.92097981770834,3,3
1775531160,5,6,1,4,checkoutservice,0.03279865901731426,32.79865901731426,21315584.0,31.7626953125,1,1
1775531220,5,7,1,4,checkoutservice,0.03301928532538711,33.0192853253871,21307392.0,31.75048828125,1,1
1775531160,5,6,1,4,currencyservice,0.4652588548348775,116.31471370871938,219373568.0,81.7230224609375,4,4
1775531220,5,7,1,4,currencyservice,0.43631410070856774,109.07852517714194,223178752.0,83.14056396484375,4,4
1775531160,5,6,1,4,emailservice,0.012828960742288639,12.82896074228864,46923776.0,69.921875,1,1
1775531220,5,7,1,4,emailservice,0.012413383446783539,12.413383446783538,46911488.0,69.903564453125,1,1
1775531160,5,6,1,4,paymentservice,0.007354040181717835,3.677020090858917,101732352.0,75.7965087890625,2,2
1775531220,5,7,1,4,paymentservice,0.007227621087596586,3.613810543798293,102580224.0,76.42822265625,2,2
1775531160,5,6,1,4,productcatalogservice,0.3156139607675707,105.20465358919023,52989952.0,26.320393880208332,3,3
1775531220,5,7,1,4,productcatalogservice,0.3350629843667413,111.68766145558043,53710848.0,26.678466796875,3,3
1775531160,5,6,1,4,recommendationservice,0.4262146904930089,85.24293809860178,224145408.0,19.432883522727273,5,5
1775531220,5,7,1,4,recommendationservice,0.45452370219193183,90.90474043838637,223854592.0,19.407670454545457,5,5
1775531160,5,6,1,4,shippingservice,0.02799700475832714,27.997004758327137,19357696.0,28.84521484375,1,1
1775531220,5,7,1,4,shippingservice,0.03034866701977219,30.34866701977219,19558400.0,29.144287109375,1,1
1775531220,5,7,1,4,frontend,0.8486621010727207,141.4436835121201,178733056.0,44.38883463541667,6,6
1775531280,5,8,1,4,frontend,0.8270542311311306,137.84237185518842,178339840.0,44.29117838541667,6,6
1775531220,5,7,1,4,adservice,0.04716800088825531,23.584000444127653,108617728.0,57.54774305555556,1,1
1775531280,5,8,1,4,adservice,0.046065777473775785,23.03288873688789,108576768.0,57.52604166666667,1,1
1775531220,5,7,1,4,cartservice,0.24051028929994633,40.08504821665772,134729728.0,66.92097981770834,3,3
1775531280,5,8,1,4,cartservice,0.25944585791134417,43.24097631855736,160591872.0,79.766845703125,3,3
1775531220,5,7,1,4,checkoutservice,0.03301928532538711,33.0192853253871,21307392.0,31.75048828125,1,1
1775531280,5,8,1,4,checkoutservice,0.03250601765176805,32.50601765176804,21614592.0,32.208251953125,1,1
1775531220,5,7,1,4,currencyservice,0.43631410070856774,109.07852517714194,223178752.0,83.14056396484375,4,4
1775531280,5,8,1,4,currencyservice,0.3951368374304032,98.78420935760079,228339712.0,85.06317138671875,4,4
1775531220,5,7,1,4,emailservice,0.012413383446783539,12.413383446783538,46911488.0,69.903564453125,1,1
1775531280,5,8,1,4,emailservice,0.012028857760430728,12.028857760430727,46919680.0,69.915771484375,1,1
1775531220,5,7,1,4,paymentservice,0.007227621087596586,3.613810543798293,102580224.0,76.42822265625,2,2
1775531280,5,8,1,4,paymentservice,0.007377636072570814,3.6888180362854066,104030208.0,77.508544921875,2,2
1775531220,5,7,1,4,productcatalogservice,0.3350629843667413,111.68766145558043,53710848.0,26.678466796875,3,3
1775531280,5,8,1,4,productcatalogservice,0.3182239401842518,106.07464672808393,53522432.0,26.584879557291668,3,3
1775531220,5,7,1,4,recommendationservice,0.45452370219193183,90.90474043838637,223854592.0,19.407670454545457,5,5
1775531280,5,8,1,4,recommendationservice,0.4335167698184591,86.70335396369182,223969280.0,19.417613636363637,5,5
1775531220,5,7,1,4,shippingservice,0.03034866701977219,30.34866701977219,19558400.0,29.144287109375,1,1
1775531280,5,8,1,4,shippingservice,0.029576583268519405,29.576583268519403,19476480.0,29.022216796875,1,1
1775531280,5,8,1,4,frontend,0.8270542311311306,137.84237185518842,178339840.0,44.29117838541667,6,6
1775531340,5,9,1,4,frontend,0.8447023871746322,140.78373119577202,179097600.0,44.4793701171875,6,6
1775531280,5,8,1,4,adservice,0.046065777473775785,23.03288873688789,108576768.0,57.52604166666667,1,1
1775531340,5,9,1,4,adservice,0.04693009072936215,23.46504536468107,108564480.0,57.51953125,1,1
1775531280,5,8,1,4,cartservice,0.25944585791134417,43.24097631855736,160591872.0,79.766845703125,3,3
1775531340,5,9,1,4,cartservice,0.3089276232166959,51.48793720278264,165736448.0,82.32218424479166,3,3
1775531280,5,8,1,4,checkoutservice,0.03250601765176805,32.50601765176804,21614592.0,32.208251953125,1,1
1775531340,5,9,1,4,checkoutservice,0.034313409798791265,34.31340979879126,21262336.0,31.683349609375,1,1
1775531280,5,8,1,4,currencyservice,0.3951368374304032,98.78420935760079,228339712.0,85.06317138671875,4,4
1775531340,5,9,1,4,currencyservice,0.4067617039197479,101.69042597993698,231534592.0,86.25335693359375,4,4
1775531280,5,8,1,4,emailservice,0.012028857760430728,12.028857760430727,46919680.0,69.915771484375,1,1
1775531340,5,9,1,4,emailservice,0.010953866522904383,10.953866522904383,46923776.0,69.921875,1,1
1775531280,5,8,1,4,paymentservice,0.007377636072570814,3.6888180362854066,104030208.0,77.508544921875,2,2
1775531340,5,9,1,4,paymentservice,0.008135737810162608,4.067868905081304,103714816.0,77.2735595703125,2,2
1775531280,5,8,1,4,productcatalogservice,0.3182239401842518,106.07464672808393,53522432.0,26.584879557291668,3,3
1775531340,5,9,1,4,productcatalogservice,0.3380114348428324,112.67047828094412,52740096.0,26.1962890625,3,3
1775531280,5,8,1,4,recommendationservice,0.4335167698184591,86.70335396369182,223969280.0,19.417613636363637,5,5
1775531340,5,9,1,4,recommendationservice,0.45289980913118,90.579961826236,223850496.0,19.40731534090909,5,5
1775531280,5,8,1,4,shippingservice,0.029576583268519405,29.576583268519403,19476480.0,29.022216796875,1,1
1775531340,5,9,1,4,shippingservice,0.030996825396828093,30.996825396828093,19423232.0,28.94287109375,1,1
1775531340,5,9,1,4,frontend,0.8447023871746322,140.78373119577202,179097600.0,44.4793701171875,6,6
1775531400,5,10,1,4,frontend,0.8843783404477816,147.39639007463026,177455104.0,44.07145182291667,6,6
1775531340,5,9,1,4,adservice,0.04693009072936215,23.46504536468107,108564480.0,57.51953125,1,1
1775531400,5,10,1,4,adservice,0.045441575456818796,22.720787728409398,108412928.0,57.439236111111114,1,1
1775531340,5,9,1,4,cartservice,0.3089276232166959,51.48793720278264,165736448.0,82.32218424479166,3,3
1775531400,5,10,1,4,cartservice,0.3095567793502417,51.5927965583736,166739968.0,82.82063802083334,3,3
1775531340,5,9,1,4,checkoutservice,0.034313409798791265,34.31340979879126,21262336.0,31.683349609375,1,1
1775531400,5,10,1,4,checkoutservice,0.03617081062359928,36.17081062359928,21319680.0,31.768798828125,1,1
1775531340,5,9,1,4,currencyservice,0.4067617039197479,101.69042597993698,231534592.0,86.25335693359375,4,4
1775531400,5,10,1,4,currencyservice,0.41028971447405177,102.57242861851294,226598912.0,84.4146728515625,4,4
1775531340,5,9,1,4,emailservice,0.010953866522904383,10.953866522904383,46923776.0,69.921875,1,1
1775531400,5,10,1,4,emailservice,0.012917540712818245,12.917540712818246,46911488.0,69.903564453125,1,1
1775531340,5,9,1,4,paymentservice,0.008135737810162608,4.067868905081304,103714816.0,77.2735595703125,2,2
1775531400,5,10,1,4,paymentservice,0.008108592337310419,4.054296168655209,105607168.0,78.6834716796875,2,2
1775531340,5,9,1,4,productcatalogservice,0.3380114348428324,112.67047828094412,52740096.0,26.1962890625,3,3
1775531400,5,10,1,4,productcatalogservice,0.3295228868060827,109.84096226869423,54038528.0,26.841227213541668,3,3
1775531340,5,9,1,4,recommendationservice,0.45289980913118,90.579961826236,223850496.0,19.40731534090909,5,5
1775531400,5,10,1,4,recommendationservice,0.4723040849690171,94.46081699380342,224116736.0,19.430397727272727,5,5
1775531340,5,9,1,4,shippingservice,0.030996825396828093,30.996825396828093,19423232.0,28.94287109375,1,1
1775531400,5,10,1,4,shippingservice,0.029829356235863302,29.8293562358633,19533824.0,29.107666015625,1,1
1775531400,5,10,1,4,frontend,0.8843783404477816,147.39639007463026,177455104.0,44.07145182291667,6,6
1775531460,5,11,1,4,frontend,0.8698106047163555,144.96843411939258,178020352.0,44.21183268229167,6,6
1775531400,5,10,1,4,adservice,0.045441575456818796,22.720787728409398,108412928.0,57.439236111111114,1,1
1775531460,5,11,1,4,adservice,0.04831415699339876,24.15707849669938,108781568.0,57.634548611111114,1,1
1775531400,5,10,1,4,cartservice,0.3095567793502417,51.5927965583736,166739968.0,82.82063802083334,3,3
1775531460,5,11,1,4,cartservice,0.2644599518712795,44.07665864521324,168226816.0,83.55916341145834,3,3
1775531400,5,10,1,4,checkoutservice,0.03617081062359928,36.17081062359928,21319680.0,31.768798828125,1,1
1775531460,5,11,1,4,checkoutservice,0.03434810180455372,34.34810180455372,21131264.0,31.488037109375,1,1
1775531400,5,10,1,4,currencyservice,0.41028971447405177,102.57242861851294,226598912.0,84.4146728515625,4,4
1775531460,5,11,1,4,currencyservice,0.4055504325608682,101.38760814021704,232292352.0,86.53564453125,4,4
1775531400,5,10,1,4,emailservice,0.012917540712818245,12.917540712818246,46911488.0,69.903564453125,1,1
1775531460,5,11,1,4,emailservice,0.012426456214958397,12.426456214958396,46919680.0,69.915771484375,1,1
1775531400,5,10,1,4,paymentservice,0.008108592337310419,4.054296168655209,105607168.0,78.6834716796875,2,2
1775531460,5,11,1,4,paymentservice,0.007261734297348806,3.630867148674403,105336832.0,78.4820556640625,2,2
1775531400,5,10,1,4,productcatalogservice,0.3295228868060827,109.84096226869423,54038528.0,26.841227213541668,3,3
1775531460,5,11,1,4,productcatalogservice,0.34317629297085517,114.3920976569517,53878784.0,26.761881510416668,3,3
1775531400,5,10,1,4,recommendationservice,0.4723040849690171,94.46081699380342,224116736.0,19.430397727272727,5,5
1775531460,5,11,1,4,recommendationservice,0.46417923997771066,92.83584799554212,223895552.0,19.411221590909093,5,5
1775531400,5,10,1,4,shippingservice,0.029829356235863302,29.8293562358633,19533824.0,29.107666015625,1,1
1775531460,5,11,1,4,shippingservice,0.029012711669508643,29.01271166950864,19431424.0,28.955078125,1,1
1775531460,5,11,1,4,frontend,0.8698106047163555,144.96843411939258,178020352.0,44.21183268229167,6,6
1775531520,5,12,1,4,frontend,0.8445883195623025,140.7647199270504,179834880.0,44.6624755859375,6,6
1775531460,5,11,1,4,adservice,0.04831415699339876,24.15707849669938,108781568.0,57.634548611111114,1,1
1775531520,5,12,1,4,adservice,0.04669641334820064,23.348206674100318,108466176.0,57.46744791666667,1,1
1775531460,5,11,1,4,cartservice,0.2644599518712795,44.07665864521324,168226816.0,83.55916341145834,3,3
1775531520,5,12,1,4,cartservice,0.23397309320677306,38.99551553446217,170172416.0,84.52555338541666,3,3
1775531460,5,11,1,4,checkoutservice,0.03434810180455372,34.34810180455372,21131264.0,31.488037109375,1,1
1775531520,5,12,1,4,checkoutservice,0.03567637185929998,35.67637185929998,21098496.0,31.439208984375,1,1
1775531460,5,11,1,4,currencyservice,0.4055504325608682,101.38760814021704,232292352.0,86.53564453125,4,4
1775531520,5,12,1,4,currencyservice,0.4020671323661597,100.51678309153993,231268352.0,86.1541748046875,4,4
1775531460,5,11,1,4,emailservice,0.012426456214958397,12.426456214958396,46919680.0,69.915771484375,1,1
1775531520,5,12,1,4,emailservice,0.012681327100628317,12.681327100628318,46919680.0,69.915771484375,1,1
1775531460,5,11,1,4,paymentservice,0.007261734297348806,3.630867148674403,105336832.0,78.4820556640625,2,2
1775531520,5,12,1,4,paymentservice,0.007149087288668735,3.5745436443343674,107122688.0,79.8126220703125,2,2
1775531460,5,11,1,4,productcatalogservice,0.34317629297085517,114.3920976569517,53878784.0,26.761881510416668,3,3
1775531520,5,12,1,4,productcatalogservice,0.3369350744357439,112.31169147858128,54059008.0,26.851399739583332,3,3
1775531460,5,11,1,4,recommendationservice,0.46417923997771066,92.83584799554212,223895552.0,19.411221590909093,5,5
1775531520,5,12,1,4,recommendationservice,0.46239655488223985,92.47931097644798,223821824.0,19.404829545454547,5,5
1775531460,5,11,1,4,shippingservice,0.029012711669508643,29.01271166950864,19431424.0,28.955078125,1,1
1775531520,5,12,1,4,shippingservice,0.03104747371302865,31.047473713028644,19496960.0,29.052734375,1,1
1775531520,5,12,1,4,frontend,0.8445883195623025,140.7647199270504,179834880.0,44.6624755859375,6,6
1775531580,5,13,1,4,frontend,0.8542378771926111,142.37297953210185,177782784.0,44.15283203125,6,6
1775531520,5,12,1,4,adservice,0.04669641334820064,23.348206674100318,108466176.0,57.46744791666667,1,1
1775531580,5,13,1,4,adservice,0.04659089106362191,23.295445531810955,108527616.0,57.49999999999999,1,1
1775531520,5,12,1,4,cartservice,0.23397309320677306,38.99551553446217,170172416.0,84.52555338541666,3,3
1775531580,5,13,1,4,cartservice,0.2727651121224936,45.460852020415594,171466752.0,85.16845703125,3,3
1775531520,5,12,1,4,checkoutservice,0.03567637185929998,35.67637185929998,21098496.0,31.439208984375,1,1
1775531580,5,13,1,4,checkoutservice,0.03585201941338412,35.85201941338412,21385216.0,31.866455078125,1,1
1775531520,5,12,1,4,currencyservice,0.4020671323661597,100.51678309153993,231268352.0,86.1541748046875,4,4
1775531580,5,13,1,4,currencyservice,0.4046594556836108,101.16486392090269,235454464.0,87.713623046875,4,4
1775531520,5,12,1,4,emailservice,0.012681327100628317,12.681327100628318,46919680.0,69.915771484375,1,1
1775531580,5,13,1,4,emailservice,0.012897291485838593,12.897291485838592,46927872.0,69.927978515625,1,1
1775531520,5,12,1,4,paymentservice,0.007149087288668735,3.5745436443343674,107122688.0,79.8126220703125,2,2
1775531580,5,13,1,4,paymentservice,0.006887963938301245,3.4439819691506224,107397120.0,80.01708984375,2,2
1775531520,5,12,1,4,productcatalogservice,0.3369350744357439,112.31169147858128,54059008.0,26.851399739583332,3,3
1775531580,5,13,1,4,productcatalogservice,0.3368988944824975,112.29963149416582,54681600.0,27.16064453125,3,3
1775531520,5,12,1,4,recommendationservice,0.46239655488223985,92.47931097644798,223821824.0,19.404829545454547,5,5
1775531580,5,13,1,4,recommendationservice,0.45284421784113865,90.56884356822773,223842304.0,19.406605113636363,5,5
1775531520,5,12,1,4,shippingservice,0.03104747371302865,31.047473713028644,19496960.0,29.052734375,1,1
1775531580,5,13,1,4,shippingservice,0.030927509426541842,30.92750942654184,19423232.0,28.94287109375,1,1
1775531580,5,13,1,4,frontend,0.8542378771926111,142.37297953210185,177782784.0,44.15283203125,6,6
1775531640,5,14,1,4,frontend,0.8389011384140275,139.8168564023379,177684480.0,44.12841796875,6,6
1775531580,5,13,1,4,adservice,0.04659089106362191,23.295445531810955,108527616.0,57.49999999999999,1,1
1775531640,5,14,1,4,adservice,0.047478967002638484,23.739483501319242,108470272.0,57.46961805555556,1,1
1775531580,5,13,1,4,cartservice,0.2727651121224936,45.460852020415594,171466752.0,85.16845703125,3,3
1775531640,5,14,1,4,cartservice,0.26629849109287296,44.383081848812154,170426368.0,84.65169270833334,3,3
1775531580,5,13,1,4,checkoutservice,0.03585201941338412,35.85201941338412,21385216.0,31.866455078125,1,1
1775531640,5,14,1,4,checkoutservice,0.034623632747749995,34.623632747749994,21180416.0,31.561279296875,1,1
1775531580,5,13,1,4,currencyservice,0.4046594556836108,101.16486392090269,235454464.0,87.713623046875,4,4
1775531640,5,14,1,4,currencyservice,0.40179447280978303,100.44861820244574,238297088.0,88.7725830078125,4,4
1775531580,5,13,1,4,emailservice,0.012897291485838593,12.897291485838592,46927872.0,69.927978515625,1,1
1775531640,5,14,1,4,emailservice,0.012621889690389246,12.621889690389246,46923776.0,69.921875,1,1
1775531580,5,13,1,4,paymentservice,0.006887963938301245,3.4439819691506224,107397120.0,80.01708984375,2,2
1775531640,5,14,1,4,paymentservice,0.007322665507101909,3.661332753550954,108220416.0,80.6304931640625,2,2
1775531580,5,13,1,4,productcatalogservice,0.3368988944824975,112.29963149416582,54681600.0,27.16064453125,3,3
1775531640,5,14,1,4,productcatalogservice,0.3207453911950486,106.9151303983495,53932032.0,26.788330078125,3,3
1775531580,5,13,1,4,recommendationservice,0.45284421784113865,90.56884356822773,223842304.0,19.406605113636363,5,5
1775531640,5,14,1,4,recommendationservice,0.44277309466190573,88.55461893238115,223870976.0,19.40909090909091,5,5
1775531580,5,13,1,4,shippingservice,0.030927509426541842,30.92750942654184,19423232.0,28.94287109375,1,1
1775531640,5,14,1,4,shippingservice,0.030948450360323485,30.94845036032348,19156992.0,28.546142578125,1,1
1775531640,5,14,1,4,frontend,0.8389011384140275,139.8168564023379,177684480.0,44.12841796875,6,6
1775531700,5,15,1,4,frontend,0.8760813446567647,146.01355744279408,178933760.0,44.43868001302083,6,6
1775531640,5,14,1,4,adservice,0.047478967002638484,23.739483501319242,108470272.0,57.46961805555556,1,1
1775531700,5,15,1,4,adservice,0.04868076776163378,24.340383880816887,108462080.0,57.46527777777778,1,1
1775531640,5,14,1,4,cartservice,0.26629849109287296,44.383081848812154,170426368.0,84.65169270833334,3,3
1775531700,5,15,1,4,cartservice,0.24990053156591865,41.65008859431977,170979328.0,84.92635091145834,3,3
1775531640,5,14,1,4,checkoutservice,0.034623632747749995,34.623632747749994,21180416.0,31.561279296875,1,1
1775531700,5,15,1,4,checkoutservice,0.03514827193555005,35.14827193555005,21413888.0,31.9091796875,1,1
1775531640,5,14,1,4,currencyservice,0.40179447280978303,100.44861820244574,238297088.0,88.7725830078125,4,4
1775531700,5,15,1,4,currencyservice,0.40946670689828074,102.36667672457018,239980544.0,89.39971923828125,4,4
1775531640,5,14,1,4,emailservice,0.012621889690389246,12.621889690389246,46923776.0,69.921875,1,1
1775531700,5,15,1,4,emailservice,0.012704849004480491,12.70484900448049,46923776.0,69.921875,1,1
1775531640,5,14,1,4,paymentservice,0.007322665507101909,3.661332753550954,108220416.0,80.6304931640625,2,2
1775531700,5,15,1,4,paymentservice,0.008367267217242408,4.183633608621204,108781568.0,81.048583984375,2,2
1775531640,5,14,1,4,productcatalogservice,0.3207453911950486,106.9151303983495,53932032.0,26.788330078125,3,3
1775531700,5,15,1,4,productcatalogservice,0.3430959461110302,114.3653153703434,54394880.0,27.018229166666668,3,3
1775531640,5,14,1,4,recommendationservice,0.44277309466190573,88.55461893238115,223870976.0,19.40909090909091,5,5
1775531700,5,15,1,4,recommendationservice,0.46815803313787024,93.63160662757404,223981568.0,19.418678977272727,5,5
1775531640,5,14,1,4,shippingservice,0.030948450360323485,30.94845036032348,19156992.0,28.546142578125,1,1
1775531700,5,15,1,4,shippingservice,0.03219901048588868,32.19901048588867,19337216.0,28.814697265625,1,1
1775531700,5,15,1,4,frontend,0.8760813446567647,146.01355744279408,178933760.0,44.43868001302083,6,6
1775531760,5,16,1,4,frontend,0.8708117583361001,145.13529305601668,177979392.0,44.20166015625,6,6
1775531700,5,15,1,4,adservice,0.04868076776163378,24.340383880816887,108462080.0,57.46527777777778,1,1
1775531760,5,16,1,4,adservice,0.04896164614475619,24.480823072378094,108580864.0,57.52821180555555,1,1
1775531700,5,15,1,4,cartservice,0.24990053156591865,41.65008859431977,170979328.0,84.92635091145834,3,3
1775531760,5,16,1,4,cartservice,0.24160873788244844,40.268122980408066,172109824.0,85.48787434895834,3,3
1775531700,5,15,1,4,checkoutservice,0.03514827193555005,35.14827193555005,21413888.0,31.9091796875,1,1
1775531760,5,16,1,4,checkoutservice,0.03237450525330643,32.37450525330643,21446656.0,31.9580078125,1,1
1775531700,5,15,1,4,currencyservice,0.40946670689828074,102.36667672457018,239980544.0,89.39971923828125,4,4
1775531760,5,16,1,4,currencyservice,0.38994759453717326,97.48689863429331,241635328.0,90.01617431640625,4,4
1775531700,5,15,1,4,emailservice,0.012704849004480491,12.70484900448049,46923776.0,69.921875,1,1
1775531760,5,16,1,4,emailservice,0.011936735995648852,11.936735995648853,46919680.0,69.915771484375,1,1
1775531700,5,15,1,4,paymentservice,0.008367267217242408,4.183633608621204,108781568.0,81.048583984375,2,2
1775531760,5,16,1,4,paymentservice,0.008162232855675366,4.081116427837682,110125056.0,82.049560546875,2,2
1775531700,5,15,1,4,productcatalogservice,0.3430959461110302,114.3653153703434,54394880.0,27.018229166666668,3,3
1775531760,5,16,1,4,productcatalogservice,0.32428832436494076,108.09610812164689,54513664.0,27.077229817708332,3,3
1775531700,5,15,1,4,recommendationservice,0.46815803313787024,93.63160662757404,223981568.0,19.418678977272727,5,5
1775531760,5,16,1,4,recommendationservice,0.46841020657384524,93.68204131476905,223891456.0,19.41086647727273,5,5
1775531700,5,15,1,4,shippingservice,0.03219901048588868,32.19901048588867,19337216.0,28.814697265625,1,1
1775531760,5,16,1,4,shippingservice,0.031061943845295887,31.061943845295886,19415040.0,28.9306640625,1,1
1775531760,5,16,1,4,frontend,0.8708117583361001,145.13529305601668,177979392.0,44.20166015625,6,6
1775531820,5,17,1,4,frontend,0.8472679003997151,141.21131673328586,174624768.0,43.3685302734375,6,6
1775531760,5,16,1,4,adservice,0.04896164614475619,24.480823072378094,108580864.0,57.52821180555555,1,1
1775531820,5,17,1,4,adservice,0.04693210888493843,23.466054442469215,108634112.0,57.55642361111111,1,1
1775531760,5,16,1,4,cartservice,0.24160873788244844,40.268122980408066,172109824.0,85.48787434895834,3,3
1775531820,5,17,1,4,cartservice,0.23031010684650197,38.38501780775032,172093440.0,85.479736328125,3,3
1775531760,5,16,1,4,checkoutservice,0.03237450525330643,32.37450525330643,21446656.0,31.9580078125,1,1
1775531820,5,17,1,4,checkoutservice,0.03398514950650022,33.98514950650022,21254144.0,31.671142578125,1,1
1775531760,5,16,1,4,currencyservice,0.38994759453717326,97.48689863429331,241635328.0,90.01617431640625,4,4
1775531820,5,17,1,4,currencyservice,0.3989222168891702,99.73055422229254,243138560.0,90.576171875,4,4
1775531760,5,16,1,4,emailservice,0.011936735995648852,11.936735995648853,46919680.0,69.915771484375,1,1
1775531820,5,17,1,4,emailservice,0.012878142858500367,12.878142858500366,46919680.0,69.915771484375,1,1
1775531760,5,16,1,4,paymentservice,0.008162232855675366,4.081116427837682,110125056.0,82.049560546875,2,2
1775531820,5,17,1,4,paymentservice,0.007856499098048362,3.9282495490241804,109928448.0,81.903076171875,2,2
1775531760,5,16,1,4,productcatalogservice,0.32428832436494076,108.09610812164689,54513664.0,27.077229817708332,3,3
1775531820,5,17,1,4,productcatalogservice,0.3199352561603871,106.64508538679569,53723136.0,26.6845703125,3,3
1775531760,5,16,1,4,recommendationservice,0.46841020657384524,93.68204131476905,223891456.0,19.41086647727273,5,5
1775531820,5,17,1,4,recommendationservice,0.45501697764137705,91.0033955282754,223879168.0,19.409801136363637,5,5
1775531760,5,16,1,4,shippingservice,0.031061943845295887,31.061943845295886,19415040.0,28.9306640625,1,1
1775531820,5,17,1,4,shippingservice,0.030757636912295515,30.75763691229551,19439616.0,28.96728515625,1,1
1775531820,5,17,1,4,frontend,0.8472679003997151,141.21131673328586,174624768.0,43.3685302734375,6,6
1775531880,5,18,1,4,frontend,0.8377246804573207,139.6207800762201,175403008.0,43.56180826822917,6,6
1775531820,5,17,1,4,adservice,0.04693210888493843,23.466054442469215,108634112.0,57.55642361111111,1,1
1775531880,5,18,1,4,adservice,0.04703137710118483,23.515688550592415,108580864.0,57.52821180555555,1,1
1775531820,5,17,1,4,cartservice,0.23031010684650197,38.38501780775032,172093440.0,85.479736328125,3,3
1775531880,5,18,1,4,cartservice,0.24424987921579358,40.708313202632255,172146688.0,85.50618489583334,3,3
1775531820,5,17,1,4,checkoutservice,0.03398514950650022,33.98514950650022,21254144.0,31.671142578125,1,1
1775531880,5,18,1,4,checkoutservice,0.03639797900457094,36.397979004570935,21516288.0,32.061767578125,1,1
1775531820,5,17,1,4,currencyservice,0.3989222168891702,99.73055422229254,243138560.0,90.576171875,4,4
1775531880,5,18,1,4,currencyservice,0.39772630112090146,99.43157528022536,244965376.0,91.2567138671875,4,4
1775531820,5,17,1,4,emailservice,0.012878142858500367,12.878142858500366,46919680.0,69.915771484375,1,1
1775531880,5,18,1,4,emailservice,0.013465965328491735,13.465965328491736,46923776.0,69.921875,1,1
1775531820,5,17,1,4,paymentservice,0.007856499098048362,3.9282495490241804,109928448.0,81.903076171875,2,2
1775531880,5,18,1,4,paymentservice,0.008708764703424179,4.354382351712089,111538176.0,83.1024169921875,2,2
1775531820,5,17,1,4,productcatalogservice,0.3199352561603871,106.64508538679569,53723136.0,26.6845703125,3,3
1775531880,5,18,1,4,productcatalogservice,0.3229190005606563,107.63966685355209,53604352.0,26.625569661458332,3,3
1775531820,5,17,1,4,recommendationservice,0.45501697764137705,91.0033955282754,223879168.0,19.409801136363637,5,5
1775531880,5,18,1,4,recommendationservice,0.45133087593849003,90.26617518769801,223940608.0,19.41512784090909,5,5
1775531820,5,17,1,4,shippingservice,0.030757636912295515,30.75763691229551,19439616.0,28.96728515625,1,1
1775531880,5,18,1,4,shippingservice,0.03147952110899884,31.47952110899884,19492864.0,29.046630859375,1,1
1775531880,5,18,1,4,frontend,0.8377246804573207,139.6207800762201,175403008.0,43.56180826822917,6,6
1775531940,5,19,1,4,frontend,0.8589883915668958,143.16473192781592,174977024.0,43.45601399739583,6,6
1775531880,5,18,1,4,adservice,0.04703137710118483,23.515688550592415,108580864.0,57.52821180555555,1,1
1775531940,5,19,1,4,adservice,0.04723652114140837,23.618260570704184,108576768.0,57.52604166666667,1,1
1775531880,5,18,1,4,cartservice,0.24424987921579358,40.708313202632255,172146688.0,85.50618489583334,3,3
1775531940,5,19,1,4,cartservice,0.2550088087366084,42.50146812276807,172810240.0,85.83577473958334,3,3
1775531880,5,18,1,4,checkoutservice,0.03639797900457094,36.397979004570935,21516288.0,32.061767578125,1,1
1775531940,5,19,1,4,checkoutservice,0.03740337777445802,37.40337777445802,21356544.0,31.82373046875,1,1
1775531880,5,18,1,4,currencyservice,0.39772630112090146,99.43157528022536,244965376.0,91.2567138671875,4,4
1775531940,5,19,1,4,currencyservice,0.3917531173923344,97.9382793480836,249356288.0,92.8924560546875,4,4
1775531880,5,18,1,4,emailservice,0.013465965328491735,13.465965328491736,46923776.0,69.921875,1,1
1775531940,5,19,1,4,emailservice,0.013718260195496369,13.718260195496368,46919680.0,69.915771484375,1,1
1775531880,5,18,1,4,paymentservice,0.008708764703424179,4.354382351712089,111538176.0,83.1024169921875,2,2
1775531940,5,19,1,4,paymentservice,0.008173732237632843,4.086866118816421,111366144.0,82.9742431640625,2,2
1775531880,5,18,1,4,productcatalogservice,0.3229190005606563,107.63966685355209,53604352.0,26.625569661458332,3,3
1775531940,5,19,1,4,productcatalogservice,0.33922795424269997,113.07598474756664,53653504.0,26.649983723958332,3,3
1775531880,5,18,1,4,recommendationservice,0.45133087593849003,90.26617518769801,223940608.0,19.41512784090909,5,5
1775531940,5,19,1,4,recommendationservice,0.46585852520622234,93.17170504124446,223891456.0,19.41086647727273,5,5
1775531880,5,18,1,4,shippingservice,0.03147952110899884,31.47952110899884,19492864.0,29.046630859375,1,1
1775531940,5,19,1,4,shippingservice,0.03203019762707528,32.030197627075275,19611648.0,29.2236328125,1,1
1775531940,5,19,1,4,frontend,0.8589883915668958,143.16473192781592,174977024.0,43.45601399739583,6,6
1775532000,5,20,1,4,frontend,0.8557106236982961,142.61843728304933,175603712.0,43.61165364583333,6,6
1775531940,5,19,1,4,adservice,0.04723652114140837,23.618260570704184,108576768.0,57.52604166666667,1,1
1775532000,5,20,1,4,adservice,0.04725067737407918,23.62533868703959,108527616.0,57.49999999999999,1,1
1775531940,5,19,1,4,cartservice,0.2550088087366084,42.50146812276807,172810240.0,85.83577473958334,3,3
1775532000,5,20,1,4,cartservice,0.25460771279419847,42.434618799033075,172781568.0,85.821533203125,3,3
1775531940,5,19,1,4,checkoutservice,0.03740337777445802,37.40337777445802,21356544.0,31.82373046875,1,1
1775532000,5,20,1,4,checkoutservice,0.036119193689743034,36.119193689743035,21184512.0,31.5673828125,1,1
1775531940,5,19,1,4,currencyservice,0.3917531173923344,97.9382793480836,249356288.0,92.8924560546875,4,4
1775532000,5,20,1,4,currencyservice,0.39690896012685883,99.2272400317147,250630144.0,93.36700439453125,4,4
1775531940,5,19,1,4,emailservice,0.013718260195496369,13.718260195496368,46919680.0,69.915771484375,1,1
1775532000,5,20,1,4,emailservice,0.013520170087527627,13.520170087527628,46923776.0,69.921875,1,1
1775531940,5,19,1,4,paymentservice,0.008173732237632843,4.086866118816421,111366144.0,82.9742431640625,2,2
1775532000,5,20,1,4,paymentservice,0.007372679215102867,3.686339607551433,114839552.0,85.5621337890625,2,2
1775531940,5,19,1,4,productcatalogservice,0.33922795424269997,113.07598474756664,53653504.0,26.649983723958332,3,3
1775532000,5,20,1,4,productcatalogservice,0.3236563727139938,107.88545757133123,53448704.0,26.548258463541668,3,3
1775531940,5,19,1,4,recommendationservice,0.46585852520622234,93.17170504124446,223891456.0,19.41086647727273,5,5
1775532000,5,20,1,4,recommendationservice,0.4559047582867118,91.18095165734236,224444416.0,19.458806818181817,5,5
1775531940,5,19,1,4,shippingservice,0.03203019762707528,32.030197627075275,19611648.0,29.2236328125,1,1
1775532000,5,20,1,4,shippingservice,0.031827347269874504,31.8273472698745,19423232.0,28.94287109375,1,1
1775532000,5,20,1,4,frontend,0.8557106236982961,142.61843728304933,175603712.0,43.61165364583333,6,6
1775532060,5,21,1,4,frontend,0.8222427910513671,137.04046517522784,177225728.0,44.01448567708333,6,6
1775532120,5,22,1,4,frontend,0.7899913677112214,131.6652279518702,175763456.0,43.65132649739583,6,6
1775532000,5,20,1,4,adservice,0.04725067737407918,23.62533868703959,108527616.0,57.49999999999999,1,1
1775532060,5,21,1,4,adservice,0.04228991940644368,21.14495970322184,108482560.0,57.47612847222222,1,1
1775532120,5,22,1,4,adservice,0.04148214868758318,20.741074343791592,108900352.0,57.697482638888886,1,1
1775532000,5,20,1,4,cartservice,0.25460771279419847,42.434618799033075,172781568.0,85.821533203125,3,3
1775532060,5,21,1,4,cartservice,0.23280912846127483,38.801521410212466,172732416.0,85.797119140625,3,3
1775532120,5,22,1,4,cartservice,0.22723072459567145,37.8717874326119,172789760.0,85.82560221354166,3,3
1775532000,5,20,1,4,checkoutservice,0.036119193689743034,36.119193689743035,21184512.0,31.5673828125,1,1
1775532060,5,21,1,4,checkoutservice,0.03642692488310752,36.42692488310752,21143552.0,31.50634765625,1,1
1775532120,5,22,1,4,checkoutservice,0.03310450524065809,33.104505240658085,22106112.0,32.940673828125,1,1
1775532000,5,20,1,4,currencyservice,0.39690896012685883,99.2272400317147,250630144.0,93.36700439453125,4,4
1775532060,5,21,1,4,currencyservice,0.39112404873537066,97.78101218384266,252268544.0,93.97735595703125,4,4
1775532120,5,22,1,4,currencyservice,0.3755691515843648,93.8922878960912,255471616.0,95.17059326171875,4,4
1775532000,5,20,1,4,emailservice,0.013520170087527627,13.520170087527628,46923776.0,69.921875,1,1
1775532060,5,21,1,4,emailservice,0.01367726523717517,13.677265237175169,46919680.0,69.915771484375,1,1
1775532120,5,22,1,4,emailservice,0.013555343901681397,13.555343901681397,46964736.0,69.98291015625,1,1
1775532000,5,20,1,4,paymentservice,0.007372679215102867,3.686339607551433,114839552.0,85.5621337890625,2,2
1775532060,5,21,1,4,paymentservice,0.007915484283668619,3.9577421418343093,117694464.0,87.689208984375,2,2
1775532120,5,22,1,4,paymentservice,0.008079419948915135,4.039709974457567,117911552.0,87.8509521484375,2,2
1775532000,5,20,1,4,productcatalogservice,0.3236563727139938,107.88545757133123,53448704.0,26.548258463541668,3,3
1775532060,5,21,1,4,productcatalogservice,0.3345225439535998,111.50751465119993,54370304.0,27.006022135416668,3,3
1775532120,5,22,1,4,productcatalogservice,0.3026460483765249,100.88201612550829,53624832.0,26.6357421875,3,3
1775532000,5,20,1,4,recommendationservice,0.4559047582867118,91.18095165734236,224444416.0,19.458806818181817,5,5
1775532060,5,21,1,4,recommendationservice,0.4596642119684548,91.93284239369096,223862784.0,19.408380681818183,5,5
1775532120,5,22,1,4,recommendationservice,0.43112086132745364,86.22417226549072,224096256.0,19.428622159090907,5,5
1775532000,5,20,1,4,shippingservice,0.031827347269874504,31.8273472698745,19423232.0,28.94287109375,1,1
1775532060,5,21,1,4,shippingservice,0.029114995501596016,29.114995501596013,19460096.0,28.997802734375,1,1
1775532120,5,22,1,4,shippingservice,0.02903729250853649,29.03729250853649,20094976.0,29.94384765625,1,1
1775532120,5,22,1,4,frontend,0.8479362551722565,141.32270919537606,175370240.0,43.55367024739583,6,6
1775532180,5,23,1,4,frontend,0.7923083772591529,132.0513962098588,177156096.0,43.9971923828125,6,6
1775532120,5,22,1,4,adservice,0.0464846214834597,23.24231074172985,108896256.0,57.69531249999999,1,1
1775532180,5,23,1,4,adservice,0.03925424027777606,19.627120138888028,108847104.0,57.66927083333333,1,1
1775532120,5,22,1,4,cartservice,0.2277183163427947,37.95305272379911,172810240.0,85.83577473958334,3,3
1775532180,5,23,1,4,cartservice,0.22468206442487013,37.44701073747835,173596672.0,86.22639973958334,3,3
1775532120,5,22,1,4,checkoutservice,0.03290321936876696,32.903219368766955,22028288.0,32.82470703125,1,1
1775532180,5,23,1,4,checkoutservice,0.031282339489350726,31.282339489350726,21778432.0,32.452392578125,1,1
1775532120,5,22,1,4,currencyservice,0.39821884216771314,99.55471054192829,255488000.0,95.17669677734375,4,4
1775532180,5,23,1,4,currencyservice,0.4041942305841074,101.04855764602685,257228800.0,95.8251953125,4,4
1775532120,5,22,1,4,emailservice,0.013555343901681397,13.555343901681397,46964736.0,69.98291015625,1,1
1775532180,5,23,1,4,emailservice,0.01047649758392941,10.476497583929408,46960640.0,69.976806640625,1,1
1775532120,5,22,1,4,paymentservice,0.007949420795540708,3.9747103977703544,118222848.0,88.0828857421875,2,2
1775532180,5,23,1,4,paymentservice,0.006574439249108603,3.2872196245543015,118747136.0,88.4735107421875,2,2
1775532120,5,22,1,4,productcatalogservice,0.32577205478865895,108.59068492955298,53579776.0,26.613362630208332,3,3
1775532180,5,23,1,4,productcatalogservice,0.3075039525164838,102.50131750549458,53358592.0,26.503499348958332,3,3
1775532120,5,22,1,4,recommendationservice,0.4316365255709399,86.32730511418798,224088064.0,19.42791193181818,5,5
1775532180,5,23,1,4,recommendationservice,0.4436366064953422,88.72732129906844,224276480.0,19.444247159090907,5,5
1775532120,5,22,1,4,shippingservice,0.02903729250853649,29.03729250853649,20094976.0,29.94384765625,1,1
1775532180,5,23,1,4,shippingservice,0.02951769319904769,29.51769319904769,20140032.0,30.010986328125,1,1
1775532180,5,23,1,4,frontend,0.8337648626802895,138.9608104467149,177188864.0,44.00533040364583,6,6
1775532240,5,24,1,4,frontend,0.8491930664104929,141.53217773508214,177057792.0,43.9727783203125,6,6
1775532180,5,23,1,4,adservice,0.04729615981943282,23.648079909716408,108945408.0,57.72135416666667,1,1
1775532240,5,24,1,4,adservice,0.04696348663763623,23.48174331881811,108847104.0,57.66927083333333,1,1
1775532180,5,23,1,4,cartservice,0.23195322502127505,57.988306255318754,172777472.0,128.729248046875,2,2
1775532240,5,24,1,4,cartservice,0.2263633047315543,56.59082618288858,134533120.0,100.2349853515625,2,2
1775532180,5,23,1,4,checkoutservice,0.03179878311823801,31.798783118238006,21889024.0,32.6171875,1,1
1775532240,5,24,1,4,checkoutservice,0.02823971438788755,28.23971438788755,21975040.0,32.745361328125,1,1
1775532180,5,23,1,4,currencyservice,0.40272991983678846,100.6824799591971,257458176.0,95.91064453125,4,4
1775532240,5,24,1,4,currencyservice,0.3997343239881294,99.93358099703235,258895872.0,96.44622802734375,4,4
1775532180,5,23,1,4,emailservice,0.01047649758392941,10.476497583929408,46960640.0,69.976806640625,1,1
1775532240,5,24,1,4,emailservice,0.009779835058167301,9.7798350581673,46960640.0,69.976806640625,1,1
1775532180,5,23,1,4,paymentservice,0.006999887097135887,3.499943548567943,118738944.0,88.4674072265625,2,2
1775532240,5,24,1,4,paymentservice,0.008276799393902353,4.1383996969511765,119463936.0,89.007568359375,2,2
1775532180,5,23,1,4,productcatalogservice,0.3182494274248573,106.08314247495241,53358592.0,26.503499348958332,3,3
1775532240,5,24,1,4,productcatalogservice,0.31688766028327264,105.6292200944242,54378496.0,27.010091145833332,3,3
1775532180,5,23,1,4,recommendationservice,0.4436366064953422,88.72732129906844,224276480.0,19.444247159090907,5,5
1775532240,5,24,1,4,recommendationservice,0.4532738701794155,90.65477403588311,223887360.0,19.410511363636363,5,5
1775532180,5,23,1,4,shippingservice,0.02951769319904769,29.51769319904769,20140032.0,30.010986328125,1,1
1775532240,5,24,1,4,shippingservice,0.029459344432329518,29.459344432329516,20492288.0,30.535888671875,1,1
1775532240,5,24,1,4,frontend,0.8491930664104929,141.53217773508214,177057792.0,43.9727783203125,6,6
1775532300,5,25,1,4,frontend,0.8672214654268048,144.53691090446745,175550464.0,43.59842936197917,6,6
1775532240,5,24,1,4,adservice,0.04696348663763623,23.48174331881811,108847104.0,57.66927083333333,1,1
1775532300,5,25,1,4,adservice,0.048199291584006,24.099645792003,108838912.0,57.66493055555556,1,1
1775532240,5,24,1,4,cartservice,0.2263633047315543,56.59082618288858,134533120.0,100.2349853515625,2,2
1775532300,5,25,1,4,cartservice,0.22762115353823575,56.905288384558936,134529024.0,100.23193359375,2,2
1775532240,5,24,1,4,checkoutservice,0.02823971438788755,28.23971438788755,21975040.0,32.745361328125,1,1
1775532300,5,25,1,4,checkoutservice,0.03025703715480098,30.25703715480098,22073344.0,32.891845703125,1,1
1775532240,5,24,1,4,currencyservice,0.3997343239881294,99.93358099703235,258895872.0,96.44622802734375,4,4
1775532300,5,25,1,4,currencyservice,0.40551665776064594,101.37916444016149,260882432.0,97.186279296875,4,4
1775532240,5,24,1,4,emailservice,0.009779835058167301,9.7798350581673,46960640.0,69.976806640625,1,1
1775532300,5,25,1,4,emailservice,0.011786883682213473,11.786883682213473,46952448.0,69.964599609375,1,1
1775532240,5,24,1,4,paymentservice,0.008276799393902353,4.1383996969511765,119463936.0,89.007568359375,2,2
1775532300,5,25,1,4,paymentservice,0.008434598589277224,4.217299294638612,119996416.0,89.404296875,2,2
1775532240,5,24,1,4,productcatalogservice,0.31688766028327264,105.6292200944242,54378496.0,27.010091145833332,3,3
1775532300,5,25,1,4,productcatalogservice,0.3404198573634282,113.4732857878094,53850112.0,26.747639973958332,3,3
1775532240,5,24,1,4,recommendationservice,0.4532738701794155,90.65477403588311,223887360.0,19.410511363636363,5,5
1775532300,5,25,1,4,recommendationservice,0.4492918664113927,89.85837328227854,224112640.0,19.430042613636363,5,5
1775532240,5,24,1,4,shippingservice,0.029459344432329518,29.459344432329516,20492288.0,30.535888671875,1,1
1775532300,5,25,1,4,shippingservice,0.03053137169618087,30.53137169618087,20197376.0,30.096435546875,1,1
1775532300,5,25,1,4,frontend,0.8672214654268048,144.53691090446745,175550464.0,43.59842936197917,6,6
1775532360,5,26,1,4,frontend,0.8486132234284263,141.43553723807102,177188864.0,44.00533040364583,6,6
1775532300,5,25,1,4,adservice,0.048199291584006,24.099645792003,108838912.0,57.66493055555556,1,1
1775532360,5,26,1,4,adservice,0.04680192478017975,23.400962390089873,108834816.0,57.66276041666667,1,1
1775532300,5,25,1,4,cartservice,0.22762115353823575,56.905288384558936,134529024.0,100.23193359375,2,2
1775532360,5,26,1,4,cartservice,0.23433261888015372,58.58315472003842,134602752.0,100.286865234375,2,2
1775532300,5,25,1,4,checkoutservice,0.03025703715480098,30.25703715480098,22073344.0,32.891845703125,1,1
1775532360,5,26,1,4,checkoutservice,0.035090178392984755,35.090178392984754,22126592.0,32.97119140625,1,1
1775532300,5,25,1,4,currencyservice,0.40551665776064594,101.37916444016149,260882432.0,97.186279296875,4,4
1775532360,5,26,1,4,currencyservice,0.3892882294073446,97.32205735183615,262160384.0,97.662353515625,4,4
1775532300,5,25,1,4,emailservice,0.011786883682213473,11.786883682213473,46952448.0,69.964599609375,1,1
1775532360,5,26,1,4,emailservice,0.01246258264788712,12.46258264788712,46960640.0,69.976806640625,1,1
1775532300,5,25,1,4,paymentservice,0.008434598589277224,4.217299294638612,119996416.0,89.404296875,2,2
1775532360,5,26,1,4,paymentservice,0.007792635509173886,3.896317754586943,121192448.0,90.29541015625,2,2
1775532300,5,25,1,4,productcatalogservice,0.3404198573634282,113.4732857878094,53850112.0,26.747639973958332,3,3
1775532360,5,26,1,4,productcatalogservice,0.3355879752779191,111.86265842597302,54312960.0,26.9775390625,3,3
1775532300,5,25,1,4,recommendationservice,0.4492918664113927,89.85837328227854,224112640.0,19.430042613636363,5,5
1775532360,5,26,1,4,recommendationservice,0.4508643362727173,90.17286725454346,223858688.0,19.40802556818182,5,5
1775532300,5,25,1,4,shippingservice,0.03053137169618087,30.53137169618087,20197376.0,30.096435546875,1,1
1775532360,5,26,1,4,shippingservice,0.030577585733883094,30.577585733883094,20193280.0,30.09033203125,1,1
1775532360,5,26,1,4,frontend,0.8486132234284263,141.43553723807102,177188864.0,44.00533040364583,6,6
1775532420,5,27,1,4,frontend,0.8488807935710871,141.48013226184784,177070080.0,43.975830078125,6,6
1775532360,5,26,1,4,adservice,0.04680192478017975,23.400962390089873,108834816.0,57.66276041666667,1,1
1775532420,5,27,1,4,adservice,0.047250835426028835,23.625417713014414,108834816.0,57.66276041666667,1,1
1775532360,5,26,1,4,cartservice,0.23433261888015372,58.58315472003842,134602752.0,100.286865234375,2,2
1775532420,5,27,1,4,cartservice,0.24132534156283592,60.33133539070897,134619136.0,100.299072265625,2,2
1775532360,5,26,1,4,checkoutservice,0.035090178392984755,35.090178392984754,22126592.0,32.97119140625,1,1
1775532420,5,27,1,4,checkoutservice,0.03113323593308052,31.13323593308052,22274048.0,33.19091796875,1,1
1775532360,5,26,1,4,currencyservice,0.3892882294073446,97.32205735183615,262160384.0,97.662353515625,4,4
1775532420,5,27,1,4,currencyservice,0.39114958829146357,97.78739707286589,263217152.0,98.0560302734375,4,4
1775532360,5,26,1,4,emailservice,0.01246258264788712,12.46258264788712,46960640.0,69.976806640625,1,1
1775532420,5,27,1,4,emailservice,0.012075502350559958,12.075502350559958,46960640.0,69.976806640625,1,1
1775532360,5,26,1,4,paymentservice,0.007792635509173886,3.896317754586943,121192448.0,90.29541015625,2,2
1775532420,5,27,1,4,paymentservice,0.007332181943660689,3.6660909718303443,121298944.0,90.374755859375,2,2
1775532360,5,26,1,4,productcatalogservice,0.3355879752779191,111.86265842597302,54312960.0,26.9775390625,3,3
1775532420,5,27,1,4,productcatalogservice,0.3355395297503067,111.84650991676888,53424128.0,26.536051432291668,3,3
1775532360,5,26,1,4,recommendationservice,0.4508643362727173,90.17286725454346,223858688.0,19.40802556818182,5,5
1775532420,5,27,1,4,recommendationservice,0.4250775990932428,85.01551981864856,223821824.0,19.404829545454547,5,5
1775532360,5,26,1,4,shippingservice,0.030577585733883094,30.577585733883094,20193280.0,30.09033203125,1,1
1775532420,5,27,1,4,shippingservice,0.028858283122882564,28.85828312288256,19857408.0,29.58984375,1,1
1775532420,5,27,1,4,frontend,0.8488807935710871,141.48013226184784,177070080.0,43.975830078125,6,6
1775532480,5,28,1,4,frontend,0.8413051416546078,140.21752360910128,177483776.0,44.07857259114583,6,6
1775532420,5,27,1,4,adservice,0.047250835426028835,23.625417713014414,108834816.0,57.66276041666667,1,1
1775532480,5,28,1,4,adservice,0.04676146019512394,23.38073009756197,108892160.0,57.693142361111114,1,1
1775532420,5,27,1,4,cartservice,0.24132534156283592,40.22089026047265,134619136.0,66.86604817708334,3,3
1775532480,5,28,1,4,cartservice,0.2662751743827192,44.37919573045319,159817728.0,79.38232421875,3,3
1775532420,5,27,1,4,checkoutservice,0.03113323593308052,31.13323593308052,22274048.0,33.19091796875,1,1
1775532480,5,28,1,4,checkoutservice,0.031162091365290964,31.162091365290962,21893120.0,32.623291015625,1,1
1775532420,5,27,1,4,currencyservice,0.39114958829146357,97.78739707286589,263217152.0,98.0560302734375,4,4
1775532480,5,28,1,4,currencyservice,0.3879152924679578,96.97882311698945,264257536.0,98.443603515625,4,4
1775532420,5,27,1,4,emailservice,0.012075502350559958,12.075502350559958,46960640.0,69.976806640625,1,1
1775532480,5,28,1,4,emailservice,0.011339193774599729,11.339193774599728,46964736.0,69.98291015625,1,1
1775532420,5,27,1,4,paymentservice,0.007332181943660689,3.6660909718303443,121298944.0,90.374755859375,2,2
1775532480,5,28,1,4,paymentservice,0.006564881251539905,3.282440625769952,121520128.0,90.53955078125,2,2
1775532420,5,27,1,4,productcatalogservice,0.3355395297503067,111.84650991676888,53424128.0,26.536051432291668,3,3
1775532480,5,28,1,4,productcatalogservice,0.3289219510139882,109.64065033799604,53481472.0,26.564534505208332,3,3
1775532420,5,27,1,4,recommendationservice,0.4250775990932428,85.01551981864856,223821824.0,19.404829545454547,5,5
1775532480,5,28,1,4,recommendationservice,0.43936242271997894,87.87248454399578,224006144.0,19.42080965909091,5,5
1775532420,5,27,1,4,shippingservice,0.028858283122882564,28.85828312288256,19857408.0,29.58984375,1,1
1775532480,5,28,1,4,shippingservice,0.029102211537517273,29.10221153751727,19775488.0,29.4677734375,1,1
1775532480,5,28,1,4,frontend,0.8413051416546078,140.21752360910128,177483776.0,44.07857259114583,6,6
1775532540,5,29,1,4,frontend,0.8327420934628196,138.7903489104699,177934336.0,44.19047037760417,6,6
1775532480,5,28,1,4,adservice,0.04676146019512394,23.38073009756197,108892160.0,57.693142361111114,1,1
1775532540,5,29,1,4,adservice,0.0474669053976107,23.733452698805348,108834816.0,57.66276041666667,1,1
1775532480,5,28,1,4,cartservice,0.2662751743827192,44.37919573045319,159817728.0,79.38232421875,3,3
1775532540,5,29,1,4,cartservice,0.2891627524334606,48.19379207224343,165969920.0,82.43815104166666,3,3
1775532480,5,28,1,4,checkoutservice,0.031162091365290964,31.162091365290962,21893120.0,32.623291015625,1,1
1775532540,5,29,1,4,checkoutservice,0.03219616762212388,32.19616762212388,21991424.0,32.769775390625,1,1
1775532480,5,28,1,4,currencyservice,0.3879152924679578,96.97882311698945,264257536.0,98.443603515625,4,4
1775532540,5,29,1,4,currencyservice,0.3959310406464171,98.98276016160426,266158080.0,99.151611328125,4,4
1775532480,5,28,1,4,emailservice,0.011339193774599729,11.339193774599728,46964736.0,69.98291015625,1,1
1775532540,5,29,1,4,emailservice,0.011832812413306441,11.83281241330644,46960640.0,69.976806640625,1,1
1775532480,5,28,1,4,paymentservice,0.006564881251539905,3.282440625769952,121520128.0,90.53955078125,2,2
1775532540,5,29,1,4,paymentservice,0.006940177049140685,3.4700885245703423,122920960.0,91.583251953125,2,2
1775532480,5,28,1,4,productcatalogservice,0.3289219510139882,109.64065033799604,53481472.0,26.564534505208332,3,3
1775532540,5,29,1,4,productcatalogservice,0.3344260856166149,111.47536187220494,54550528.0,27.095540364583332,3,3
1775532480,5,28,1,4,recommendationservice,0.43936242271997894,87.87248454399578,224006144.0,19.42080965909091,5,5
1775532540,5,29,1,4,recommendationservice,0.4335211318370783,86.70422636741566,224124928.0,19.431107954545453,5,5
1775532480,5,28,1,4,shippingservice,0.029102211537517273,29.10221153751727,19775488.0,29.4677734375,1,1
1775532540,5,29,1,4,shippingservice,0.030017915758815548,30.017915758815544,20230144.0,30.145263671875,1,1
1775532540,5,29,1,4,frontend,0.8327420934628196,138.7903489104699,177934336.0,44.19047037760417,6,6
1775532600,5,30,1,4,frontend,0.8553935796465797,142.56559660776327,175996928.0,43.70930989583333,6,6
1775532540,5,29,1,4,adservice,0.0474669053976107,23.733452698805348,108834816.0,57.66276041666667,1,1
1775532600,5,30,1,4,adservice,0.04809933250159863,24.049666250799316,108843008.0,57.66710069444444,1,1
1775532540,5,29,1,4,cartservice,0.2891627524334606,48.19379207224343,165969920.0,82.43815104166666,3,3
1775532600,5,30,1,4,cartservice,0.26635003425679427,44.39167237613237,167096320.0,82.99763997395834,3,3
1775532540,5,29,1,4,checkoutservice,0.03219616762212388,32.19616762212388,21991424.0,32.769775390625,1,1
1775532600,5,30,1,4,checkoutservice,0.03601105888587428,36.01105888587428,22126592.0,32.97119140625,1,1
1775532540,5,29,1,4,currencyservice,0.3959310406464171,98.98276016160426,266158080.0,99.151611328125,4,4
1775532600,5,30,1,4,currencyservice,0.395159894601542,98.7899736503855,267657216.0,99.7100830078125,4,4
1775532540,5,29,1,4,emailservice,0.011832812413306441,11.83281241330644,46960640.0,69.976806640625,1,1
1775532600,5,30,1,4,emailservice,0.012799618565585189,12.799618565585188,46960640.0,69.976806640625,1,1
1775532540,5,29,1,4,paymentservice,0.006940177049140685,3.4700885245703423,122920960.0,91.583251953125,2,2
1775532600,5,30,1,4,paymentservice,0.007881194733596579,3.940597366798289,124399616.0,92.6849365234375,2,2
1775532540,5,29,1,4,productcatalogservice,0.3344260856166149,111.47536187220494,54550528.0,27.095540364583332,3,3
1775532600,5,30,1,4,productcatalogservice,0.3353750183770067,111.79167279233555,54095872.0,26.869710286458332,3,3
1775532540,5,29,1,4,recommendationservice,0.4335211318370783,86.70422636741566,224124928.0,19.431107954545453,5,5
1775532600,5,30,1,4,recommendationservice,0.45156650730071257,90.31330146014251,223981568.0,19.418678977272727,5,5
1775532540,5,29,1,4,shippingservice,0.030017915758815548,30.017915758815544,20230144.0,30.145263671875,1,1
1775532600,5,30,1,4,shippingservice,0.03085474665316992,30.85474665316992,20217856.0,30.126953125,1,1
1775532600,5,30,1,4,frontend,0.8553935796465797,142.56559660776327,175996928.0,43.70930989583333,6,6
1775532660,5,31,1,4,frontend,0.829386336855989,138.2310561426648,177213440.0,44.01143391927083,6,6
1775532600,5,30,1,4,adservice,0.04809933250159863,24.049666250799316,108843008.0,57.66710069444444,1,1
1775532660,5,31,1,4,adservice,0.043331273417818644,21.66563670890932,108843008.0,57.66710069444444,1,1
1775532600,5,30,1,4,cartservice,0.26635003425679427,44.39167237613237,167096320.0,82.99763997395834,3,3
1775532660,5,31,1,4,cartservice,0.28719344062778834,47.86557343796471,168079360.0,83.48592122395834,3,3
1775532600,5,30,1,4,checkoutservice,0.03601105888587428,36.01105888587428,22126592.0,32.97119140625,1,1
1775532660,5,31,1,4,checkoutservice,0.03324034135146641,33.240341351466405,22118400.0,32.958984375,1,1
1775532600,5,30,1,4,currencyservice,0.395159894601542,98.7899736503855,267657216.0,99.7100830078125,4,4
1775532660,5,31,1,4,currencyservice,0.40129548487647565,100.3238712191189,270032896.0,100.5950927734375,4,4
1775532600,5,30,1,4,emailservice,0.012799618565585189,12.799618565585188,46960640.0,69.976806640625,1,1
1775532660,5,31,1,4,emailservice,0.011991446072217722,11.991446072217721,46952448.0,69.964599609375,1,1
1775532600,5,30,1,4,paymentservice,0.007881194733596579,3.940597366798289,124399616.0,92.6849365234375,2,2
1775532660,5,31,1,4,paymentservice,0.009153402399784613,4.576701199892306,124018688.0,92.401123046875,2,2
1775532600,5,30,1,4,productcatalogservice,0.3353750183770067,111.79167279233555,54095872.0,26.869710286458332,3,3
1775532660,5,31,1,4,productcatalogservice,0.338821501606183,112.94050053539434,54587392.0,27.113850911458332,3,3
1775532600,5,30,1,4,recommendationservice,0.45156650730071257,90.31330146014251,223981568.0,19.418678977272727,5,5
1775532660,5,31,1,4,recommendationservice,0.4532969469961191,90.65938939922383,223858688.0,19.40802556818182,5,5
1775532600,5,30,1,4,shippingservice,0.03085474665316992,30.85474665316992,20217856.0,30.126953125,1,1
1775532660,5,31,1,4,shippingservice,0.03145110796879493,31.45110796879493,20082688.0,29.925537109375,1,1
1775532660,5,31,1,4,frontend,0.829386336855989,138.2310561426648,177213440.0,44.01143391927083,6,6
1775532720,5,32,1,4,frontend,0.8682047447310665,144.70079078851106,176070656.0,43.72762044270833,6,6
1775532660,5,31,1,4,adservice,0.043331273417818644,21.66563670890932,108843008.0,57.66710069444444,1,1
1775532720,5,32,1,4,adservice,0.04797474190242933,23.98737095121466,108892160.0,57.693142361111114,1,1
1775532660,5,31,1,4,cartservice,0.28719344062778834,47.86557343796471,168079360.0,83.48592122395834,3,3
1775532720,5,32,1,4,cartservice,0.28247638129904634,47.07939688317438,169652224.0,84.26717122395834,3,3
1775532660,5,31,1,4,checkoutservice,0.03324034135146641,33.240341351466405,22118400.0,32.958984375,1,1
1775532720,5,32,1,4,checkoutservice,0.033874327390917586,33.874327390917585,22253568.0,33.160400390625,1,1
1775532660,5,31,1,4,currencyservice,0.40129548487647565,100.3238712191189,270032896.0,100.5950927734375,4,4
1775532720,5,32,1,4,currencyservice,0.4044302495255119,101.10756238137797,270741504.0,100.85906982421875,4,4
1775532660,5,31,1,4,emailservice,0.011991446072217722,11.991446072217721,46952448.0,69.964599609375,1,1
1775532720,5,32,1,4,emailservice,0.01144816335462474,11.44816335462474,46964736.0,69.98291015625,1,1
1775532660,5,31,1,4,paymentservice,0.009153402399784613,4.576701199892306,124018688.0,92.401123046875,2,2
1775532720,5,32,1,4,paymentservice,0.008188163879782892,4.094081939891446,124948480.0,93.0938720703125,2,2
1775532660,5,31,1,4,productcatalogservice,0.338821501606183,112.94050053539434,54587392.0,27.113850911458332,3,3
1775532720,5,32,1,4,productcatalogservice,0.34626232571818216,115.42077523939405,54198272.0,26.920572916666668,3,3
1775532660,5,31,1,4,recommendationservice,0.4532969469961191,90.65938939922383,223858688.0,19.40802556818182,5,5
1775532720,5,32,1,4,recommendationservice,0.45026655628694234,90.05331125738847,224665600.0,19.477982954545457,5,5
1775532660,5,31,1,4,shippingservice,0.03145110796879493,31.45110796879493,20082688.0,29.925537109375,1,1
1775532720,5,32,1,4,shippingservice,0.032193591837906835,32.19359183790683,20045824.0,29.87060546875,1,1
1775532720,5,32,1,4,frontend,0.8682047447310665,144.70079078851106,176070656.0,43.72762044270833,6,6
1775532780,5,33,1,4,frontend,0.8668227865677098,144.4704644279516,177246208.0,44.01957194010417,6,6
1775532720,5,32,1,4,adservice,0.04797474190242933,23.98737095121466,108892160.0,57.693142361111114,1,1
1775532780,5,33,1,4,adservice,0.048006406868608284,24.00320343430414,108851200.0,57.67144097222222,1,1
1775532720,5,32,1,4,cartservice,0.28247638129904634,47.07939688317438,169652224.0,84.26717122395834,3,3
1775532780,5,33,1,4,cartservice,0.26284027713425556,43.80671285570925,170655744.0,84.765625,3,3
1775532720,5,32,1,4,checkoutservice,0.033874327390917586,33.874327390917585,22253568.0,33.160400390625,1,1
1775532780,5,33,1,4,checkoutservice,0.03628644944446382,36.28644944446381,21782528.0,32.45849609375,1,1
1775532720,5,32,1,4,currencyservice,0.4044302495255119,101.10756238137797,270741504.0,100.85906982421875,4,4
1775532780,5,33,1,4,currencyservice,0.39475841047720595,98.68960261930148,271319040.0,101.07421875,4,4
1775532720,5,32,1,4,emailservice,0.01144816335462474,11.44816335462474,46964736.0,69.98291015625,1,1
1775532780,5,33,1,4,emailservice,0.013132547094206611,13.13254709420661,46960640.0,69.976806640625,1,1
1775532720,5,32,1,4,paymentservice,0.008188163879782892,4.094081939891446,124948480.0,93.0938720703125,2,2
1775532780,5,33,1,4,paymentservice,0.007507687054143652,3.7538435270718256,125644800.0,93.6126708984375,2,2
1775532720,5,32,1,4,productcatalogservice,0.34626232571818216,115.42077523939405,54198272.0,26.920572916666668,3,3
1775532780,5,33,1,4,productcatalogservice,0.3440369958611979,114.67899862039927,54452224.0,27.046712239583332,3,3
1775532720,5,32,1,4,recommendationservice,0.45026655628694234,90.05331125738847,224665600.0,19.477982954545457,5,5
1775532780,5,33,1,4,recommendationservice,0.45947562741262993,91.89512548252598,223879168.0,19.409801136363637,5,5
1775532720,5,32,1,4,shippingservice,0.032193591837906835,32.19359183790683,20045824.0,29.87060546875,1,1
1775532780,5,33,1,4,shippingservice,0.031855912254703196,31.855912254703195,20324352.0,30.28564453125,1,1
1775532780,5,33,1,4,frontend,0.8668227865677098,144.4704644279516,177246208.0,44.01957194010417,6,6
1775532840,5,34,1,4,frontend,0.8344055003446494,139.0675833907749,177041408.0,43.96870930989583,6,6
1775532780,5,33,1,4,adservice,0.048006406868608284,24.00320343430414,108851200.0,57.67144097222222,1,1
1775532840,5,34,1,4,adservice,0.04278960662458249,21.394803312291245,108888064.0,57.69097222222223,1,1
1775532780,5,33,1,4,cartservice,0.26284027713425556,43.80671285570925,170655744.0,84.765625,3,3
1775532840,5,34,1,4,cartservice,0.2565686946627395,42.76144911045658,170823680.0,84.84903971354166,3,3
1775532780,5,33,1,4,checkoutservice,0.03628644944446382,36.28644944446381,21782528.0,32.45849609375,1,1
1775532840,5,34,1,4,checkoutservice,0.036464556511120134,36.464556511120136,21958656.0,32.720947265625,1,1
1775532780,5,33,1,4,currencyservice,0.39475841047720595,98.68960261930148,271319040.0,101.07421875,4,4
1775532840,5,34,1,4,currencyservice,0.39098084265895805,97.74521066473952,273362944.0,101.83563232421875,4,4
1775532780,5,33,1,4,emailservice,0.013132547094206611,13.13254709420661,46960640.0,69.976806640625,1,1
1775532840,5,34,1,4,emailservice,0.012802628645545627,12.802628645545628,46960640.0,69.976806640625,1,1
1775532780,5,33,1,4,paymentservice,0.007507687054143652,3.7538435270718256,125644800.0,93.6126708984375,2,2
1775532840,5,34,1,4,paymentservice,0.00761600841630557,3.8080042081527847,126758912.0,94.4427490234375,2,2
1775532780,5,33,1,4,productcatalogservice,0.3440369958611979,114.67899862039927,54452224.0,27.046712239583332,3,3
1775532840,5,34,1,4,productcatalogservice,0.3223370913111652,107.44569710372171,53948416.0,26.796468098958332,3,3
1775532780,5,33,1,4,recommendationservice,0.45947562741262993,91.89512548252598,223879168.0,19.409801136363637,5,5
1775532840,5,34,1,4,recommendationservice,0.4496967343668134,89.93934687336268,223825920.0,19.40518465909091,5,5
1775532780,5,33,1,4,shippingservice,0.031855912254703196,31.855912254703195,20324352.0,30.28564453125,1,1
1775532840,5,34,1,4,shippingservice,0.03132748008506053,31.327480085060532,19947520.0,29.72412109375,1,1
1775532840,5,34,1,4,frontend,0.8344055003446494,139.0675833907749,177041408.0,43.96870930989583,6,6
1775532900,5,35,1,4,frontend,0.854370930981729,142.3951551636215,177623040.0,44.1131591796875,6,6
1775532840,5,34,1,4,adservice,0.04278960662458249,21.394803312291245,108888064.0,57.69097222222223,1,1
1775532900,5,35,1,4,adservice,0.04667802485670838,23.33901242835419,108793856.0,57.64105902777777,1,1
1775532840,5,34,1,4,cartservice,0.2565686946627395,42.76144911045658,170823680.0,84.84903971354166,3,3
1775532900,5,35,1,4,cartservice,0.25265929396533043,42.10988232755506,170717184.0,84.796142578125,3,3
1775532840,5,34,1,4,checkoutservice,0.036464556511120134,36.464556511120136,21958656.0,32.720947265625,1,1
1775532900,5,35,1,4,checkoutservice,0.03422468311420116,34.22468311420116,21975040.0,32.745361328125,1,1
1775532840,5,34,1,4,currencyservice,0.39098084265895805,97.74521066473952,273362944.0,101.83563232421875,4,4
1775532900,5,35,1,4,currencyservice,0.39506273188803814,98.76568297200953,275636224.0,102.6824951171875,4,4
1775532840,5,34,1,4,emailservice,0.012802628645545627,12.802628645545628,46960640.0,69.976806640625,1,1
1775532900,5,35,1,4,emailservice,0.011742047851219389,11.742047851219388,46960640.0,69.976806640625,1,1
1775532840,5,34,1,4,paymentservice,0.00761600841630557,3.8080042081527847,126758912.0,94.4427490234375,2,2
1775532900,5,35,1,4,paymentservice,0.008630104687161059,4.315052343580529,126783488.0,94.4610595703125,2,2
1775532840,5,34,1,4,productcatalogservice,0.3223370913111652,107.44569710372171,53948416.0,26.796468098958332,3,3
1775532900,5,35,1,4,productcatalogservice,0.33834426622210845,112.78142207403614,54575104.0,27.107747395833332,3,3
1775532840,5,34,1,4,recommendationservice,0.4496967343668134,89.93934687336268,223825920.0,19.40518465909091,5,5
1775532900,5,35,1,4,recommendationservice,0.4525636542756301,90.51273085512602,224202752.0,19.437855113636363,5,5
1775532840,5,34,1,4,shippingservice,0.03132748008506053,31.327480085060532,19947520.0,29.72412109375,1,1
1775532900,5,35,1,4,shippingservice,0.03146837285182348,31.468372851823478,20160512.0,30.04150390625,1,1
1775532900,5,35,1,4,frontend,0.854370930981729,142.3951551636215,177623040.0,44.1131591796875,6,6
1775532960,5,36,1,4,frontend,0.8353280623117337,139.22134371862228,175902720.0,43.6859130859375,6,6
1775532900,5,35,1,4,adservice,0.04667802485670838,23.33901242835419,108793856.0,57.64105902777777,1,1
1775532960,5,36,1,4,adservice,0.04701965834135536,23.50982917067768,108888064.0,57.69097222222223,1,1
1775532900,5,35,1,4,cartservice,0.25265929396533043,42.10988232755506,170717184.0,84.796142578125,3,3
1775532960,5,36,1,4,cartservice,0.25603309923166995,42.672183205278316,170758144.0,84.81648763020834,3,3
1775532900,5,35,1,4,checkoutservice,0.03422468311420116,34.22468311420116,21975040.0,32.745361328125,1,1
1775532960,5,36,1,4,checkoutservice,0.033840678706208265,33.84067870620826,21729280.0,32.379150390625,1,1
1775532900,5,35,1,4,currencyservice,0.39506273188803814,98.76568297200953,275636224.0,102.6824951171875,4,4
1775532960,5,36,1,4,currencyservice,0.38789810139153635,96.97452534788408,276586496.0,103.0364990234375,4,4
1775532900,5,35,1,4,emailservice,0.011742047851219389,11.742047851219388,46960640.0,69.976806640625,1,1
1775532960,5,36,1,4,emailservice,0.012301538694903856,12.301538694903854,46960640.0,69.976806640625,1,1
1775532900,5,35,1,4,paymentservice,0.008630104687161059,4.315052343580529,126783488.0,94.4610595703125,2,2
1775532960,5,36,1,4,paymentservice,0.007690408410546719,3.8452042052733595,128110592.0,95.4498291015625,2,2
1775532900,5,35,1,4,productcatalogservice,0.33834426622210845,112.78142207403614,54575104.0,27.107747395833332,3,3
1775532960,5,36,1,4,productcatalogservice,0.32387458682716636,107.95819560905544,53813248.0,26.729329427083332,3,3
1775532900,5,35,1,4,recommendationservice,0.4525636542756301,90.51273085512602,224202752.0,19.437855113636363,5,5
1775532960,5,36,1,4,recommendationservice,0.44137545503794523,88.27509100758904,223928320.0,19.4140625,5,5
1775532900,5,35,1,4,shippingservice,0.03146837285182348,31.468372851823478,20160512.0,30.04150390625,1,1
1775532960,5,36,1,4,shippingservice,0.03041489970216858,30.41489970216858,19881984.0,29.62646484375,1,1
1775532960,5,36,1,4,frontend,0.8353280623117337,139.22134371862228,175902720.0,43.6859130859375,6,6
1775533020,5,37,1,4,frontend,0.8561528788898398,142.69214648163995,176771072.0,43.90157063802083,6,6
1775532960,5,36,1,4,adservice,0.04701965834135536,23.50982917067768,108888064.0,57.69097222222223,1,1
1775533020,5,37,1,4,adservice,0.0471084512993995,23.55422564969975,108929024.0,57.71267361111111,1,1
1775532960,5,36,1,4,cartservice,0.25603309923166995,42.672183205278316,170758144.0,84.81648763020834,3,3
1775533020,5,37,1,4,cartservice,0.23913106359683714,39.85517726613952,170754048.0,84.814453125,3,3
1775532960,5,36,1,4,checkoutservice,0.033840678706208265,33.84067870620826,21729280.0,32.379150390625,1,1
1775533020,5,37,1,4,checkoutservice,0.03254313704527605,32.54313704527604,21905408.0,32.6416015625,1,1
1775532960,5,36,1,4,currencyservice,0.38789810139153635,96.97452534788408,276586496.0,103.0364990234375,4,4
1775533020,5,37,1,4,currencyservice,0.3966599659355554,99.16499148388885,278626304.0,103.79638671875,4,4
1775532960,5,36,1,4,emailservice,0.012301538694903856,12.301538694903854,46960640.0,69.976806640625,1,1
1775533020,5,37,1,4,emailservice,0.012173948276721412,12.173948276721411,46960640.0,69.976806640625,1,1
1775532960,5,36,1,4,paymentservice,0.007690408410546719,3.8452042052733595,128110592.0,95.4498291015625,2,2
1775533020,5,37,1,4,paymentservice,0.006838293532788305,3.419146766394152,129409024.0,96.417236328125,2,2
1775532960,5,36,1,4,productcatalogservice,0.32387458682716636,107.95819560905544,53813248.0,26.729329427083332,3,3
1775533020,5,37,1,4,productcatalogservice,0.320175114260553,106.72503808685099,54349824.0,26.995849609375,3,3
1775532960,5,36,1,4,recommendationservice,0.44137545503794523,88.27509100758904,223928320.0,19.4140625,5,5
1775533020,5,37,1,4,recommendationservice,0.4494698963507332,89.89397927014664,223875072.0,19.409446022727273,5,5
1775532960,5,36,1,4,shippingservice,0.03041489970216858,30.41489970216858,19881984.0,29.62646484375,1,1
1775533020,5,37,1,4,shippingservice,0.03030801023038185,30.30801023038185,20254720.0,30.181884765625,1,1
1775533020,5,37,1,4,frontend,0.8561528788898398,142.69214648163995,176771072.0,43.90157063802083,6,6
1775533080,5,38,1,4,frontend,0.8365707065828785,139.4284510971464,177090560.0,43.98091634114583,6,6
1775533020,5,37,1,4,adservice,0.0471084512993995,23.55422564969975,108929024.0,57.71267361111111,1,1
1775533080,5,38,1,4,adservice,0.04516808120094564,22.584040600472818,108937216.0,57.71701388888889,1,1
1775533020,5,37,1,4,cartservice,0.23913106359683714,39.85517726613952,170754048.0,84.814453125,3,3
1775533080,5,38,1,4,cartservice,0.23658615657677037,39.43102609612839,170770432.0,84.82259114583334,3,3
1775533020,5,37,1,4,checkoutservice,0.03254313704527605,32.54313704527604,21905408.0,32.6416015625,1,1
1775533080,5,38,1,4,checkoutservice,0.03338613292303452,33.38613292303452,22147072.0,33.001708984375,1,1
1775533020,5,37,1,4,currencyservice,0.3966599659355554,99.16499148388885,278626304.0,103.79638671875,4,4
1775533080,5,38,1,4,currencyservice,0.37272696235779107,93.18174058944776,280309760.0,104.42352294921875,4,4
1775533020,5,37,1,4,emailservice,0.012173948276721412,12.173948276721411,46960640.0,69.976806640625,1,1
1775533080,5,38,1,4,emailservice,0.012595193436022297,12.595193436022297,46968832.0,69.989013671875,1,1
1775533020,5,37,1,4,paymentservice,0.006838293532788305,3.419146766394152,129409024.0,96.417236328125,2,2
1775533080,5,38,1,4,paymentservice,0.007963509561035297,3.9817547805176483,129441792.0,96.441650390625,2,2
1775533020,5,37,1,4,productcatalogservice,0.320175114260553,106.72503808685099,54349824.0,26.995849609375,3,3
1775533080,5,38,1,4,productcatalogservice,0.3334528345187796,111.15094483959318,53825536.0,26.735432942708332,3,3
1775533020,5,37,1,4,recommendationservice,0.4494698963507332,89.89397927014664,223875072.0,19.409446022727273,5,5
1775533080,5,38,1,4,recommendationservice,0.44126657847348827,88.25331569469765,223879168.0,19.409801136363637,5,5
1775533020,5,37,1,4,shippingservice,0.03030801023038185,30.30801023038185,20254720.0,30.181884765625,1,1
1775533080,5,38,1,4,shippingservice,0.030530838728789658,30.530838728789654,20008960.0,29.815673828125,1,1
1775533080,5,38,1,4,frontend,0.8365707065828785,139.4284510971464,177090560.0,43.98091634114583,6,6
1775533140,5,39,1,4,frontend,0.8168981978855558,136.14969964759263,176607232.0,43.86088053385417,6,6
1775533080,5,38,1,4,adservice,0.04516808120094564,22.584040600472818,108937216.0,57.71701388888889,1,1
1775533140,5,39,1,4,adservice,0.04466108419028743,22.330542095143713,108892160.0,57.693142361111114,1,1
1775533080,5,38,1,4,cartservice,0.23658615657677037,59.14653914419259,170770432.0,127.23388671875,2,2
1775533140,5,39,1,4,cartservice,0.23368630005197913,58.42157501299477,134848512.0,100.469970703125,2,2
1775533080,5,38,1,4,checkoutservice,0.03338613292303452,33.38613292303452,22147072.0,33.001708984375,1,1
1775533140,5,39,1,4,checkoutservice,0.03172387546305274,31.723875463052735,21872640.0,32.5927734375,1,1
1775533080,5,38,1,4,currencyservice,0.37272696235779107,93.18174058944776,280309760.0,104.42352294921875,4,4
1775533140,5,39,1,4,currencyservice,0.37952381768261745,94.88095442065436,282107904.0,105.0933837890625,4,4
1775533080,5,38,1,4,emailservice,0.012595193436022297,12.595193436022297,46968832.0,69.989013671875,1,1
1775533140,5,39,1,4,emailservice,0.011758360495128689,11.758360495128688,46960640.0,69.976806640625,1,1
1775533080,5,38,1,4,paymentservice,0.007963509561035297,3.9817547805176483,129441792.0,96.441650390625,2,2
1775533140,5,39,1,4,paymentservice,0.006497112355494208,3.2485561777471035,129572864.0,96.539306640625,2,2
1775533080,5,38,1,4,productcatalogservice,0.3334528345187796,111.15094483959318,53825536.0,26.735432942708332,3,3
1775533140,5,39,1,4,productcatalogservice,0.3307642649887857,110.25475499626187,54067200.0,26.85546875,3,3
1775533080,5,38,1,4,recommendationservice,0.44126657847348827,88.25331569469765,223879168.0,19.409801136363637,5,5
1775533140,5,39,1,4,recommendationservice,0.4320255793586419,86.40511587172838,223805440.0,19.40340909090909,5,5
1775533080,5,38,1,4,shippingservice,0.030530838728789658,30.530838728789654,20008960.0,29.815673828125,1,1
1775533140,5,39,1,4,shippingservice,0.029268510925890147,29.268510925890144,20148224.0,30.023193359375,1,1
1775533140,5,39,1,4,frontend,0.8168981978855558,136.14969964759263,176607232.0,43.86088053385417,6,6
1775533200,5,40,1,4,frontend,0.83004060598774,138.34010099795663,177127424.0,43.99007161458333,6,6
1775533140,5,39,1,4,adservice,0.04466108419028743,22.330542095143713,108892160.0,57.693142361111114,1,1
1775533200,5,40,1,4,adservice,0.04511198158060629,22.55599079030314,108793856.0,57.64105902777777,1,1
1775533140,5,39,1,4,cartservice,0.23368630005197913,58.42157501299477,134848512.0,100.469970703125,2,2
1775533200,5,40,1,4,cartservice,0.2539537170728659,63.48842926821647,134709248.0,100.3662109375,2,2
1775533140,5,39,1,4,checkoutservice,0.03172387546305274,31.723875463052735,21872640.0,32.5927734375,1,1
1775533200,5,40,1,4,checkoutservice,0.03362969681426548,33.62969681426548,22319104.0,33.258056640625,1,1
1775533140,5,39,1,4,currencyservice,0.37952381768261745,94.88095442065436,282107904.0,105.0933837890625,4,4
1775533200,5,40,1,4,currencyservice,0.3736667756620461,93.41669391551152,282849280.0,105.36956787109375,4,4
1775533140,5,39,1,4,emailservice,0.011758360495128689,11.758360495128688,46960640.0,69.976806640625,1,1
1775533200,5,40,1,4,emailservice,0.012826701087600116,12.826701087600116,46960640.0,69.976806640625,1,1
1775533140,5,39,1,4,paymentservice,0.006497112355494208,3.2485561777471035,129572864.0,96.539306640625,2,2
1775533200,5,40,1,4,paymentservice,0.007014162665571379,3.5070813327856896,130310144.0,97.088623046875,2,2
1775533140,5,39,1,4,productcatalogservice,0.3307642649887857,110.25475499626187,54067200.0,26.85546875,3,3
1775533200,5,40,1,4,productcatalogservice,0.33607890306296745,112.02630102098914,54452224.0,27.046712239583332,3,3
1775533140,5,39,1,4,recommendationservice,0.4320255793586419,86.40511587172838,223805440.0,19.40340909090909,5,5
1775533200,5,40,1,4,recommendationservice,0.4351596250340606,87.03192500681212,224686080.0,19.479758522727273,5,5
1775533140,5,39,1,4,shippingservice,0.029268510925890147,29.268510925890144,20148224.0,30.023193359375,1,1
1775533200,5,40,1,4,shippingservice,0.030265909132368613,30.265909132368613,20074496.0,29.913330078125,1,1
1775533200,5,40,1,4,frontend,0.83004060598774,138.34010099795663,177127424.0,43.99007161458333,6,6
1775533260,5,41,1,4,frontend,0.8220618442740683,137.01030737901135,176349184.0,43.79679361979167,6,6
1775533200,5,40,1,4,adservice,0.04511198158060629,22.55599079030314,108793856.0,57.64105902777777,1,1
1775533260,5,41,1,4,adservice,0.04475479020622292,22.37739510311146,109096960.0,57.80164930555556,1,1
1775533200,5,40,1,4,cartservice,0.2539537170728659,42.325619512144314,134709248.0,66.91080729166666,3,3
1775533260,5,41,1,4,cartservice,0.2968311650983025,49.471860849717075,158605312.0,78.78011067708334,3,3
1775533200,5,40,1,4,checkoutservice,0.03362969681426548,33.62969681426548,22319104.0,33.258056640625,1,1
1775533260,5,41,1,4,checkoutservice,0.038332200841020056,38.332200841020054,22126592.0,32.97119140625,1,1
1775533200,5,40,1,4,currencyservice,0.3736667756620461,93.41669391551152,282849280.0,105.36956787109375,4,4
1775533260,5,41,1,4,currencyservice,0.3776341139578756,94.4085284894689,284901376.0,106.134033203125,4,4
1775533200,5,40,1,4,emailservice,0.012826701087600116,12.826701087600116,46960640.0,69.976806640625,1,1
1775533260,5,41,1,4,emailservice,0.013891434423510634,13.891434423510631,46960640.0,69.976806640625,1,1
1775533200,5,40,1,4,paymentservice,0.007014162665571379,3.5070813327856896,130310144.0,97.088623046875,2,2
1775533260,5,41,1,4,paymentservice,0.007967179286943536,3.983589643471768,131743744.0,98.15673828125,2,2
1775533200,5,40,1,4,productcatalogservice,0.33607890306296745,112.02630102098914,54452224.0,27.046712239583332,3,3
1775533260,5,41,1,4,productcatalogservice,0.3358139950797391,111.93799835991301,53743616.0,26.694742838541668,3,3
1775533200,5,40,1,4,recommendationservice,0.4351596250340606,87.03192500681212,224686080.0,19.479758522727273,5,5
1775533260,5,41,1,4,recommendationservice,0.43503513770254343,87.00702754050869,223916032.0,19.41299715909091,5,5
1775533200,5,40,1,4,shippingservice,0.030265909132368613,30.265909132368613,20074496.0,29.913330078125,1,1
1775533260,5,41,1,4,shippingservice,0.03142847952810791,31.428479528107907,20529152.0,30.5908203125,1,1
1775533260,5,41,1,4,frontend,0.8220618442740683,137.01030737901135,176349184.0,43.79679361979167,6,6
1775533320,5,42,1,4,frontend,0.8210301591373291,136.8383598562215,176623616.0,43.86494954427083,6,6
1775533260,5,41,1,4,adservice,0.04475479020622292,22.37739510311146,109096960.0,57.80164930555556,1,1
1775533320,5,42,1,4,adservice,0.04428404940145635,22.142024700728175,108843008.0,57.66710069444444,1,1
1775533260,5,41,1,4,cartservice,0.2968311650983025,49.471860849717075,158605312.0,78.78011067708334,3,3
1775533320,5,42,1,4,cartservice,0.26549171001828165,44.24861833638027,162668544.0,80.79833984375,3,3
1775533260,5,41,1,4,checkoutservice,0.038332200841020056,38.332200841020054,22126592.0,32.97119140625,1,1
1775533320,5,42,1,4,checkoutservice,0.033308109051172666,33.308109051172664,21946368.0,32.70263671875,1,1
1775533260,5,41,1,4,currencyservice,0.3776341139578756,94.4085284894689,284901376.0,106.134033203125,4,4
1775533320,5,42,1,4,currencyservice,0.3811842742657804,95.29606856644509,285868032.0,106.494140625,4,4
1775533260,5,41,1,4,emailservice,0.013891434423510634,13.891434423510631,46960640.0,69.976806640625,1,1
1775533320,5,42,1,4,emailservice,0.012266997154469727,12.266997154469726,46960640.0,69.976806640625,1,1
1775533260,5,41,1,4,paymentservice,0.007967179286943536,3.983589643471768,131743744.0,98.15673828125,2,2
1775533320,5,42,1,4,paymentservice,0.007026637442026259,3.513318721013129,131776512.0,98.18115234375,2,2
1775533260,5,41,1,4,productcatalogservice,0.3358139950797391,111.93799835991301,53743616.0,26.694742838541668,3,3
1775533320,5,42,1,4,productcatalogservice,0.32894866991443966,109.64955663814652,53866496.0,26.755777994791668,3,3
1775533260,5,41,1,4,recommendationservice,0.43503513770254343,87.00702754050869,223916032.0,19.41299715909091,5,5
1775533320,5,42,1,4,recommendationservice,0.4255863249555991,85.11726499111982,224141312.0,19.43252840909091,5,5
1775533260,5,41,1,4,shippingservice,0.03142847952810791,31.428479528107907,20529152.0,30.5908203125,1,1
1775533320,5,42,1,4,shippingservice,0.02674135680667699,26.741356806676986,20291584.0,30.23681640625,1,1
1775533320,5,42,1,4,frontend,0.8210301591373291,136.8383598562215,176623616.0,43.86494954427083,6,6
1775533380,5,43,1,4,frontend,0.8272728760873812,137.8788126812302,178106368.0,44.23319498697917,6,6
1775533320,5,42,1,4,adservice,0.04428404940145635,22.142024700728175,108843008.0,57.66710069444444,1,1
1775533380,5,43,1,4,adservice,0.044533514066047095,22.266757033023545,108838912.0,57.66493055555556,1,1
1775533320,5,42,1,4,cartservice,0.26549171001828165,44.24861833638027,162668544.0,80.79833984375,3,3
1775533380,5,43,1,4,cartservice,0.2406247823193317,40.10413038655528,163672064.0,81.29679361979166,3,3
1775533320,5,42,1,4,checkoutservice,0.033308109051172666,33.308109051172664,21946368.0,32.70263671875,1,1
1775533380,5,43,1,4,checkoutservice,0.031074772350789922,31.07477235078992,21934080.0,32.684326171875,1,1
1775533320,5,42,1,4,currencyservice,0.3811842742657804,95.29606856644509,285868032.0,106.494140625,4,4
1775533380,5,43,1,4,currencyservice,0.3818131908981665,95.45329772454161,287133696.0,106.96563720703125,4,4
1775533320,5,42,1,4,emailservice,0.012266997154469727,12.266997154469726,46960640.0,69.976806640625,1,1
1775533380,5,43,1,4,emailservice,0.011915698492836605,11.915698492836604,46960640.0,69.976806640625,1,1
1775533320,5,42,1,4,paymentservice,0.007026637442026259,3.513318721013129,131776512.0,98.18115234375,2,2
1775533380,5,43,1,4,paymentservice,0.006863317718595609,3.4316588592978046,133238784.0,99.2706298828125,2,2
1775533320,5,42,1,4,productcatalogservice,0.32894866991443966,109.64955663814652,53866496.0,26.755777994791668,3,3
1775533380,5,43,1,4,productcatalogservice,0.32953950988856023,109.84650329618673,53805056.0,26.725260416666668,3,3
1775533320,5,42,1,4,recommendationservice,0.4255863249555991,85.11726499111982,224141312.0,19.43252840909091,5,5
1775533380,5,43,1,4,recommendationservice,0.42005483737281474,84.01096747456295,223825920.0,19.40518465909091,5,5
1775533320,5,42,1,4,shippingservice,0.02674135680667699,26.741356806676986,20291584.0,30.23681640625,1,1
1775533380,5,43,1,4,shippingservice,0.028593561631870483,28.59356163187048,20250624.0,30.17578125,1,1
1775533380,5,43,1,4,frontend,0.8272728760873812,137.8788126812302,178106368.0,44.23319498697917,6,6
1775533440,5,44,1,4,frontend,0.8111694355574908,135.19490592624842,177217536.0,44.012451171875,6,6
1775533380,5,43,1,4,adservice,0.044533514066047095,22.266757033023545,108838912.0,57.66493055555556,1,1
1775533440,5,44,1,4,adservice,0.044252173599012914,22.126086799506457,108834816.0,57.66276041666667,1,1
1775533380,5,43,1,4,cartservice,0.2406247823193317,40.10413038655528,163672064.0,81.29679361979166,3,3
1775533440,5,44,1,4,cartservice,0.2379250355159642,39.654172585994026,165556224.0,82.232666015625,3,3
1775533380,5,43,1,4,checkoutservice,0.031074772350789922,31.07477235078992,21934080.0,32.684326171875,1,1
1775533440,5,44,1,4,checkoutservice,0.03310790947973913,33.10790947973913,21815296.0,32.50732421875,1,1
1775533380,5,43,1,4,currencyservice,0.3818131908981665,95.45329772454161,287133696.0,106.96563720703125,4,4
1775533440,5,44,1,4,currencyservice,0.37509170802223807,93.77292700555951,289411072.0,107.81402587890625,4,4
1775533380,5,43,1,4,emailservice,0.011915698492836605,11.915698492836604,46960640.0,69.976806640625,1,1
1775533440,5,44,1,4,emailservice,0.012065017073291088,12.065017073291088,46960640.0,69.976806640625,1,1
1775533380,5,43,1,4,paymentservice,0.006863317718595609,3.4316588592978046,133238784.0,99.2706298828125,2,2
1775533440,5,44,1,4,paymentservice,0.007012832953603261,3.50641647680163,132993024.0,99.0875244140625,2,2
1775533380,5,43,1,4,productcatalogservice,0.32953950988856023,109.84650329618673,53805056.0,26.725260416666668,3,3
1775533440,5,44,1,4,productcatalogservice,0.3292328384473994,109.74427948246645,54218752.0,26.930745442708332,3,3
1775533380,5,43,1,4,recommendationservice,0.42005483737281474,84.01096747456295,223825920.0,19.40518465909091,5,5
1775533440,5,44,1,4,recommendationservice,0.4157299567537626,83.14599135075252,223870976.0,19.40909090909091,5,5
1775533380,5,43,1,4,shippingservice,0.028593561631870483,28.59356163187048,20250624.0,30.17578125,1,1
1775533440,5,44,1,4,shippingservice,0.02900855271354167,29.00855271354167,20066304.0,29.901123046875,1,1
1775533440,5,44,1,4,frontend,0.8111694355574908,135.19490592624842,177217536.0,44.012451171875,6,6
1775533500,5,45,1,4,frontend,0.8097362732946066,134.95604554910108,178143232.0,44.24235026041667,6,6
1775533440,5,44,1,4,adservice,0.044252173599012914,22.126086799506457,108834816.0,57.66276041666667,1,1
1775533500,5,45,1,4,adservice,0.044219919349185094,22.109959674592545,108937216.0,57.71701388888889,1,1
1775533440,5,44,1,4,cartservice,0.2379250355159642,39.654172585994026,165556224.0,82.232666015625,3,3
1775533500,5,45,1,4,cartservice,0.2345011822768389,39.08353037947314,167911424.0,83.40250651041666,3,3
1775533440,5,44,1,4,checkoutservice,0.03310790947973913,33.10790947973913,21815296.0,32.50732421875,1,1
1775533500,5,45,1,4,checkoutservice,0.03415050857944375,34.15050857944375,21688320.0,32.318115234375,1,1
1775533440,5,44,1,4,currencyservice,0.37509170802223807,93.77292700555951,289411072.0,107.81402587890625,4,4
1775533500,5,45,1,4,currencyservice,0.3758084131485908,93.95210328714771,290861056.0,108.35418701171875,4,4
1775533440,5,44,1,4,emailservice,0.012065017073291088,12.065017073291088,46960640.0,69.976806640625,1,1
1775533500,5,45,1,4,emailservice,0.012276662419175622,12.276662419175622,46964736.0,69.98291015625,1,1
1775533440,5,44,1,4,paymentservice,0.007012832953603261,3.50641647680163,132993024.0,99.0875244140625,2,2
1775533500,5,45,1,4,paymentservice,0.00772570620808243,3.8628531040412146,134995968.0,100.579833984375,2,2
1775533440,5,44,1,4,productcatalogservice,0.3292328384473994,109.74427948246645,54218752.0,26.930745442708332,3,3
1775533500,5,45,1,4,productcatalogservice,0.33143479363916994,110.47826454638997,53751808.0,26.698811848958332,3,3
1775533440,5,44,1,4,recommendationservice,0.4157299567537626,83.14599135075252,223870976.0,19.40909090909091,5,5
1775533500,5,45,1,4,recommendationservice,0.42299295796042014,84.59859159208403,223895552.0,19.411221590909093,5,5
1775533440,5,44,1,4,shippingservice,0.02900855271354167,29.00855271354167,20066304.0,29.901123046875,1,1
1775533500,5,45,1,4,shippingservice,0.027665609371582352,27.66560937158235,19718144.0,29.38232421875,1,1
1775533500,5,45,1,4,frontend,0.8097362732946066,134.95604554910108,178143232.0,44.24235026041667,6,6
1775533560,5,46,1,4,frontend,0.8065395587923687,134.42325979872808,176787456.0,43.9056396484375,6,6
1775533500,5,45,1,4,adservice,0.044219919349185094,22.109959674592545,108937216.0,57.71701388888889,1,1
1775533560,5,46,1,4,adservice,0.04050256905153881,20.251284525769403,108843008.0,57.66710069444444,1,1
1775533500,5,45,1,4,cartservice,0.2345011822768389,39.08353037947314,167911424.0,83.40250651041666,3,3
1775533560,5,46,1,4,cartservice,0.24865287791905719,41.44214631984286,171253760.0,85.06266276041666,3,3
1775533500,5,45,1,4,checkoutservice,0.03415050857944375,34.15050857944375,21688320.0,32.318115234375,1,1
1775533560,5,46,1,4,checkoutservice,0.03324098465700872,33.24098465700872,21479424.0,32.0068359375,1,1
1775533500,5,45,1,4,currencyservice,0.3758084131485908,93.95210328714771,290861056.0,108.35418701171875,4,4
1775533560,5,46,1,4,currencyservice,0.3741694825453776,93.54237063634439,292216832.0,108.8592529296875,4,4
1775533500,5,45,1,4,emailservice,0.012276662419175622,12.276662419175622,46964736.0,69.98291015625,1,1
1775533560,5,46,1,4,emailservice,0.012698995456709999,12.69899545671,46960640.0,69.976806640625,1,1
1775533500,5,45,1,4,paymentservice,0.00772570620808243,3.8628531040412146,134995968.0,100.579833984375,2,2
1775533560,5,46,1,4,paymentservice,0.007836278737717074,3.9181393688585366,135057408.0,100.6256103515625,2,2
1775533500,5,45,1,4,productcatalogservice,0.33143479363916994,110.47826454638997,53751808.0,26.698811848958332,3,3
1775533560,5,46,1,4,productcatalogservice,0.32875939093140705,109.58646364380233,52940800.0,26.295979817708332,3,3
1775533500,5,45,1,4,recommendationservice,0.42299295796042014,84.59859159208403,223895552.0,19.411221590909093,5,5
1775533560,5,46,1,4,recommendationservice,0.428363565483811,85.6727130967622,223940608.0,19.41512784090909,5,5
1775533500,5,45,1,4,shippingservice,0.027665609371582352,27.66560937158235,19718144.0,29.38232421875,1,1
1775533560,5,46,1,4,shippingservice,0.029950482494802085,29.950482494802085,19484672.0,29.034423828125,1,1
1775533560,5,46,1,4,frontend,0.8065395587923687,134.42325979872808,176787456.0,43.9056396484375,6,6
1775533620,5,47,1,4,frontend,0.7946653553770955,132.44422589618256,176930816.0,43.94124348958333,6,6
1775533560,5,46,1,4,adservice,0.04050256905153881,20.251284525769403,108843008.0,57.66710069444444,1,1
1775533620,5,47,1,4,adservice,0.04360702621747402,21.803513108737008,108838912.0,57.66493055555556,1,1
1775533560,5,46,1,4,cartservice,0.24865287791905719,41.44214631984286,171253760.0,85.06266276041666,3,3
1775533620,5,47,1,4,cartservice,0.2591405779689182,43.190096328153025,171274240.0,85.07283528645834,3,3
1775533560,5,46,1,4,checkoutservice,0.03324098465700872,33.24098465700872,21479424.0,32.0068359375,1,1
1775533620,5,47,1,4,checkoutservice,0.03120628720237569,31.206287202375687,21540864.0,32.098388671875,1,1
1775533560,5,46,1,4,currencyservice,0.3741694825453776,93.54237063634439,292216832.0,108.8592529296875,4,4
1775533620,5,47,1,4,currencyservice,0.36900979140791573,92.25244785197893,293249024.0,109.2437744140625,4,4
1775533560,5,46,1,4,emailservice,0.012698995456709999,12.69899545671,46960640.0,69.976806640625,1,1
1775533620,5,47,1,4,emailservice,0.011614409199581552,11.614409199581551,46964736.0,69.98291015625,1,1
1775533560,5,46,1,4,paymentservice,0.007836278737717074,3.9181393688585366,135057408.0,100.6256103515625,2,2
1775533620,5,47,1,4,paymentservice,0.008395294258517146,4.197647129258573,136499200.0,101.6998291015625,2,2
1775533560,5,46,1,4,productcatalogservice,0.32875939093140705,109.58646364380233,52940800.0,26.295979817708332,3,3
1775533620,5,47,1,4,productcatalogservice,0.3247389718697921,108.24632395659735,53444608.0,26.546223958333332,3,3
1775533560,5,46,1,4,recommendationservice,0.428363565483811,85.6727130967622,223940608.0,19.41512784090909,5,5
1775533620,5,47,1,4,recommendationservice,0.41194827331980455,82.38965466396091,223944704.0,19.415482954545453,5,5
1775533560,5,46,1,4,shippingservice,0.029950482494802085,29.950482494802085,19484672.0,29.034423828125,1,1
1775533620,5,47,1,4,shippingservice,0.028116423351269612,28.11642335126961,19660800.0,29.296875,1,1
1775533620,5,47,1,4,frontend,0.7946653553770955,132.44422589618256,176930816.0,43.94124348958333,6,6
1775533680,5,48,1,4,frontend,0.7974322008334519,132.90536680557528,175190016.0,43.5089111328125,6,6
1775533620,5,47,1,4,adservice,0.04360702621747402,21.803513108737008,108838912.0,57.66493055555556,1,1
1775533680,5,48,1,4,adservice,0.043106311805195474,21.553155902597737,108826624.0,57.658420138888886,1,1
1775533620,5,47,1,4,cartservice,0.2591405779689182,43.190096328153025,171274240.0,85.07283528645834,3,3
1775533680,5,48,1,4,cartservice,0.2559708796678031,42.66181327796718,171458560.0,85.16438802083334,3,3
1775533620,5,47,1,4,checkoutservice,0.03120628720237569,31.206287202375687,21540864.0,32.098388671875,1,1
1775533680,5,48,1,4,checkoutservice,0.03250195725717563,32.501957257175626,21741568.0,32.3974609375,1,1
1775533620,5,47,1,4,currencyservice,0.36900979140791573,92.25244785197893,293249024.0,109.2437744140625,4,4
1775533680,5,48,1,4,currencyservice,0.37368616754378636,93.4215418859466,295206912.0,109.97314453125,4,4
1775533620,5,47,1,4,emailservice,0.011614409199581552,11.614409199581551,46964736.0,69.98291015625,1,1
1775533680,5,48,1,4,emailservice,0.011545575369318968,11.545575369318968,46964736.0,69.98291015625,1,1
1775533620,5,47,1,4,paymentservice,0.008395294258517146,4.197647129258573,136499200.0,101.6998291015625,2,2
1775533680,5,48,1,4,paymentservice,0.00807876198027782,4.039380990138909,136601600.0,101.776123046875,2,2
1775533620,5,47,1,4,productcatalogservice,0.3247389718697921,108.24632395659735,53444608.0,26.546223958333332,3,3
1775533680,5,48,1,4,productcatalogservice,0.3290073394612565,109.66911315375214,52723712.0,26.188151041666668,3,3
1775533620,5,47,1,4,recommendationservice,0.41194827331980455,82.38965466396091,223944704.0,19.415482954545453,5,5
1775533680,5,48,1,4,recommendationservice,0.4031551352728244,80.63102705456488,223862784.0,19.408380681818183,5,5
1775533620,5,47,1,4,shippingservice,0.028116423351269612,28.11642335126961,19660800.0,29.296875,1,1
1775533680,5,48,1,4,shippingservice,0.028258253466314977,28.258253466314976,19812352.0,29.522705078125,1,1
1775533680,5,48,1,4,frontend,0.7974322008334519,132.90536680557528,175190016.0,43.5089111328125,6,6
1775533740,5,49,1,4,frontend,0.8061758285369117,134.36263808948527,175882240.0,43.68082682291667,6,6
1775533680,5,48,1,4,adservice,0.043106311805195474,21.553155902597737,108826624.0,57.658420138888886,1,1
1775533740,5,49,1,4,adservice,0.04325788618213016,21.62894309106508,108896256.0,57.69531249999999,1,1
1775533680,5,48,1,4,cartservice,0.2559708796678031,63.99271991695077,171458560.0,127.74658203125,2,2
1775533740,5,49,1,4,cartservice,0.24440753045361352,61.10188261340338,134434816.0,100.1617431640625,2,2
1775533680,5,48,1,4,checkoutservice,0.03250195725717563,32.501957257175626,21741568.0,32.3974609375,1,1
1775533740,5,49,1,4,checkoutservice,0.032701947630821904,32.701947630821905,21708800.0,32.3486328125,1,1
1775533680,5,48,1,4,currencyservice,0.37368616754378636,93.4215418859466,295206912.0,109.97314453125,4,4
1775533740,5,49,1,4,currencyservice,0.3772716277152012,94.31790692880028,296783872.0,110.56060791015625,4,4
1775533680,5,48,1,4,emailservice,0.011545575369318968,11.545575369318968,46964736.0,69.98291015625,1,1
1775533740,5,49,1,4,emailservice,0.011458249578964933,11.458249578964933,46960640.0,69.976806640625,1,1
1775533680,5,48,1,4,paymentservice,0.00807876198027782,4.039380990138909,136601600.0,101.776123046875,2,2
1775533740,5,49,1,4,paymentservice,0.0067172804665449745,3.358640233272487,137805824.0,102.67333984375,2,2
1775533680,5,48,1,4,productcatalogservice,0.3290073394612565,109.66911315375214,52723712.0,26.188151041666668,3,3
1775533740,5,49,1,4,productcatalogservice,0.3120911727984655,104.0303909328218,53231616.0,26.4404296875,3,3
1775533680,5,48,1,4,recommendationservice,0.4031551352728244,80.63102705456488,223862784.0,19.408380681818183,5,5
1775533740,5,49,1,4,recommendationservice,0.4134427189079815,82.68854378159631,224178176.0,19.435724431818183,5,5
1775533680,5,48,1,4,shippingservice,0.028258253466314977,28.258253466314976,19812352.0,29.522705078125,1,1
1775533740,5,49,1,4,shippingservice,0.028591612923321238,28.591612923321236,19730432.0,29.400634765625,1,1
1775533740,5,49,1,4,frontend,0.8061758285369117,134.36263808948527,175882240.0,43.68082682291667,6,6
1775533800,5,50,1,4,frontend,0.7858771081864253,130.97951803107085,175816704.0,43.66455078125,6,6
1775533740,5,49,1,4,adservice,0.04325788618213016,21.62894309106508,108896256.0,57.69531249999999,1,1
1775533800,5,50,1,4,adservice,0.03989355445862709,19.946777229313543,108843008.0,57.66710069444444,1,1
1775533740,5,49,1,4,cartservice,0.24440753045361352,61.10188261340338,134434816.0,100.1617431640625,2,2
1775533800,5,50,1,4,cartservice,0.2277258625507566,56.93146563768915,134443008.0,100.1678466796875,2,2
1775533740,5,49,1,4,checkoutservice,0.032701947630821904,32.701947630821905,21708800.0,32.3486328125,1,1
1775533800,5,50,1,4,checkoutservice,0.032116759143254674,32.11675914325467,21893120.0,32.623291015625,1,1
1775533740,5,49,1,4,currencyservice,0.3772716277152012,94.31790692880028,296783872.0,110.56060791015625,4,4
1775533800,5,50,1,4,currencyservice,0.3788396129952013,94.70990324880032,298184704.0,111.08245849609375,4,4
1775533740,5,49,1,4,emailservice,0.011458249578964933,11.458249578964933,46960640.0,69.976806640625,1,1
1775533800,5,50,1,4,emailservice,0.012092889742108376,12.092889742108374,46960640.0,69.976806640625,1,1
1775533740,5,49,1,4,paymentservice,0.0067172804665449745,3.358640233272487,137805824.0,102.67333984375,2,2
1775533800,5,50,1,4,paymentservice,0.007432770322841306,3.7163851614206522,138137600.0,102.9205322265625,2,2
1775533740,5,49,1,4,productcatalogservice,0.3120911727984655,104.0303909328218,53231616.0,26.4404296875,3,3
1775533800,5,50,1,4,productcatalogservice,0.3174969772642563,105.83232575475208,53207040.0,26.42822265625,3,3
1775533740,5,49,1,4,recommendationservice,0.4134427189079815,82.68854378159631,224178176.0,19.435724431818183,5,5
1775533800,5,50,1,4,recommendationservice,0.4272363477695731,85.44726955391462,223948800.0,19.415838068181817,5,5
1775533740,5,49,1,4,shippingservice,0.028591612923321238,28.591612923321236,19730432.0,29.400634765625,1,1
1775533800,5,50,1,4,shippingservice,0.02855624725571299,28.556247255712986,19677184.0,29.3212890625,1,1
1775533800,5,50,1,4,frontend,0.7858771081864253,130.97951803107085,175816704.0,43.66455078125,6,6
1775533860,5,51,1,4,frontend,0.8069211134651664,134.48685224419435,175931392.0,43.69303385416667,6,6
1775533800,5,50,1,4,adservice,0.03989355445862709,19.946777229313543,108843008.0,57.66710069444444,1,1
1775533860,5,51,1,4,adservice,0.0431792533435544,21.5896266717772,108892160.0,57.693142361111114,1,1
1775533800,5,50,1,4,cartservice,0.2277258625507566,56.93146563768915,134443008.0,100.1678466796875,2,2
1775533860,5,51,1,4,cartservice,0.22238539527851975,55.59634881962994,134385664.0,100.1251220703125,2,2
1775533800,5,50,1,4,checkoutservice,0.032116759143254674,32.11675914325467,21893120.0,32.623291015625,1,1
1775533860,5,51,1,4,checkoutservice,0.03418578408682206,34.18578408682206,21512192.0,32.0556640625,1,1
1775533800,5,50,1,4,currencyservice,0.3788396129952013,94.70990324880032,298184704.0,111.08245849609375,4,4
1775533860,5,51,1,4,currencyservice,0.37340401169287074,93.35100292321769,298315776.0,111.13128662109375,4,4
1775533800,5,50,1,4,emailservice,0.012092889742108376,12.092889742108374,46960640.0,69.976806640625,1,1
1775533860,5,51,1,4,emailservice,0.012454282470975051,12.45428247097505,46964736.0,69.98291015625,1,1
1775533800,5,50,1,4,paymentservice,0.007432770322841306,3.7163851614206522,138137600.0,102.9205322265625,2,2
1775533860,5,51,1,4,paymentservice,0.008022753361985383,4.011376680992691,139141120.0,103.668212890625,2,2
1775533800,5,50,1,4,productcatalogservice,0.3174969772642563,105.83232575475208,53207040.0,26.42822265625,3,3
1775533860,5,51,1,4,productcatalogservice,0.3246513514414141,108.21711714713803,53604352.0,26.625569661458332,3,3
1775533800,5,50,1,4,recommendationservice,0.4272363477695731,85.44726955391462,223948800.0,19.415838068181817,5,5
1775533860,5,51,1,4,recommendationservice,0.41814588382895324,83.62917676579065,223801344.0,19.403053977272727,5,5
1775533800,5,50,1,4,shippingservice,0.02855624725571299,28.556247255712986,19677184.0,29.3212890625,1,1
1775533860,5,51,1,4,shippingservice,0.029534444605303755,29.534444605303754,19800064.0,29.50439453125,1,1
1775533860,5,51,1,4,frontend,0.8069211134651664,134.48685224419435,175931392.0,43.69303385416667,6,6
1775533920,5,52,1,4,frontend,0.7919988331270017,131.99980552116693,175190016.0,43.5089111328125,6,6
1775533860,5,51,1,4,adservice,0.0431792533435544,21.5896266717772,108892160.0,57.693142361111114,1,1
1775533920,5,52,1,4,adservice,0.04206223912928587,21.031119564642932,108888064.0,57.69097222222223,1,1
1775533860,5,51,1,4,cartservice,0.22238539527851975,55.59634881962994,134385664.0,100.1251220703125,2,2
1775533920,5,52,1,4,cartservice,0.22655351953845204,56.63837988461301,134479872.0,100.1953125,2,2
1775533860,5,51,1,4,checkoutservice,0.03418578408682206,34.18578408682206,21512192.0,32.0556640625,1,1
1775533920,5,52,1,4,checkoutservice,0.03039669740346405,30.396697403464053,21975040.0,32.745361328125,1,1
1775533860,5,51,1,4,currencyservice,0.37340401169287074,93.35100292321769,298315776.0,111.13128662109375,4,4
1775533920,5,52,1,4,currencyservice,0.3646341236733942,91.15853091834855,300322816.0,111.87896728515625,4,4
1775533860,5,51,1,4,emailservice,0.012454282470975051,12.45428247097505,46964736.0,69.98291015625,1,1
1775533920,5,52,1,4,emailservice,0.011328561498237402,11.3285614982374,46960640.0,69.976806640625,1,1
1775533860,5,51,1,4,paymentservice,0.008022753361985383,4.011376680992691,139141120.0,103.668212890625,2,2
1775533920,5,52,1,4,paymentservice,0.007397160770690582,3.698580385345291,139571200.0,103.9886474609375,2,2
1775533860,5,51,1,4,productcatalogservice,0.3246513514414141,108.21711714713803,53604352.0,26.625569661458332,3,3
1775533920,5,52,1,4,productcatalogservice,0.3195521747690233,106.51739158967442,53469184.0,26.558430989583332,3,3
1775533860,5,51,1,4,recommendationservice,0.41814588382895324,83.62917676579065,223801344.0,19.403053977272727,5,5
1775533920,5,52,1,4,recommendationservice,0.3883641605185108,77.67283210370216,223813632.0,19.404119318181817,5,5
1775533860,5,51,1,4,shippingservice,0.029534444605303755,29.534444605303754,19800064.0,29.50439453125,1,1
1775533920,5,52,1,4,shippingservice,0.02701957463324693,27.01957463324693,20119552.0,29.98046875,1,1
1775533920,5,52,1,4,frontend,0.7919988331270017,131.99980552116693,175190016.0,43.5089111328125,6,6
1775533980,5,53,1,4,frontend,0.7891338489882949,131.5223081647158,174657536.0,43.37666829427083,6,6
1775533920,5,52,1,4,adservice,0.04206223912928587,21.031119564642932,108888064.0,57.69097222222223,1,1
1775533980,5,53,1,4,adservice,0.04268358549700274,21.34179274850137,109056000.0,57.779947916666664,1,1
1775533920,5,52,1,4,cartservice,0.22655351953845204,56.63837988461301,134479872.0,100.1953125,2,2
1775533980,5,53,1,4,cartservice,0.22599480187612483,56.498700469031206,134475776.0,100.1922607421875,2,2
1775533920,5,52,1,4,checkoutservice,0.03039669740346405,30.396697403464053,21975040.0,32.745361328125,1,1
1775533980,5,53,1,4,checkoutservice,0.030057719306412677,30.05771930641267,21827584.0,32.525634765625,1,1
1775533920,5,52,1,4,currencyservice,0.3646341236733942,91.15853091834855,300322816.0,111.87896728515625,4,4
1775533980,5,53,1,4,currencyservice,0.3683068083453041,92.07670208632602,300167168.0,111.82098388671875,4,4
1775533920,5,52,1,4,emailservice,0.011328561498237402,11.3285614982374,46960640.0,69.976806640625,1,1
1775533980,5,53,1,4,emailservice,0.011651205553609531,11.65120555360953,46964736.0,69.98291015625,1,1
1775533920,5,52,1,4,paymentservice,0.007397160770690582,3.698580385345291,139571200.0,103.9886474609375,2,2
1775533980,5,53,1,4,paymentservice,0.005670502544202839,2.835251272101419,139694080.0,104.0802001953125,2,2
1775533920,5,52,1,4,productcatalogservice,0.3195521747690233,106.51739158967442,53469184.0,26.558430989583332,3,3
1775533980,5,53,1,4,productcatalogservice,0.3195235756486227,106.50785854954088,53383168.0,26.515706380208332,3,3
1775533920,5,52,1,4,recommendationservice,0.3883641605185108,77.67283210370216,223813632.0,19.404119318181817,5,5
1775533980,5,53,1,4,recommendationservice,0.39695082274588483,79.39016454917697,223838208.0,19.40625,5,5
1775533920,5,52,1,4,shippingservice,0.02701957463324693,27.01957463324693,20119552.0,29.98046875,1,1
1775533980,5,53,1,4,shippingservice,0.027220699470967363,27.220699470967364,20054016.0,29.8828125,1,1
1775533980,5,53,1,4,frontend,0.7891338489882949,131.5223081647158,174657536.0,43.37666829427083,6,6
1775534040,5,54,1,4,frontend,0.8037682739663174,133.96137899438622,174362624.0,43.30342610677083,6,6
1775533980,5,53,1,4,adservice,0.04268358549700274,21.34179274850137,109056000.0,57.779947916666664,1,1
1775534040,5,54,1,4,adservice,0.04339390317986806,21.69695158993403,108793856.0,57.64105902777777,1,1
1775533980,5,53,1,4,cartservice,0.22599480187612483,56.498700469031206,134475776.0,100.1922607421875,2,2
1775534040,5,54,1,4,cartservice,0.22078241207865995,55.195603019664986,134475776.0,100.1922607421875,2,2
1775533980,5,53,1,4,checkoutservice,0.030057719306412677,30.05771930641267,21827584.0,32.525634765625,1,1
1775534040,5,54,1,4,checkoutservice,0.03139021011101787,31.39021011101787,21991424.0,32.769775390625,1,1
1775533980,5,53,1,4,currencyservice,0.3683068083453041,92.07670208632602,300167168.0,111.82098388671875,4,4
1775534040,5,54,1,4,currencyservice,0.37738893046949895,94.34723261737473,300412928.0,111.91253662109375,4,4
1775533980,5,53,1,4,emailservice,0.011651205553609531,11.65120555360953,46964736.0,69.98291015625,1,1
1775534040,5,54,1,4,emailservice,0.011710989348812748,11.710989348812747,46960640.0,69.976806640625,1,1
1775533980,5,53,1,4,paymentservice,0.005670502544202839,2.835251272101419,139694080.0,104.0802001953125,2,2
1775534040,5,54,1,4,paymentservice,0.006833493652349769,3.4167468261748843,141058048.0,105.096435546875,2,2
1775533980,5,53,1,4,productcatalogservice,0.3195235756486227,106.50785854954088,53383168.0,26.515706380208332,3,3
1775534040,5,54,1,4,productcatalogservice,0.3212034166818447,107.06780556061489,54112256.0,26.877848307291668,3,3
1775533980,5,53,1,4,recommendationservice,0.39695082274588483,79.39016454917697,223838208.0,19.40625,5,5
1775534040,5,54,1,4,recommendationservice,0.39968752391103685,79.93750478220737,223789056.0,19.401988636363637,5,5
1775533980,5,53,1,4,shippingservice,0.027220699470967363,27.220699470967364,20054016.0,29.8828125,1,1
1775534040,5,54,1,4,shippingservice,0.027908035389132852,27.908035389132852,20172800.0,30.059814453125,1,1
1775534040,5,54,1,4,frontend,0.8037682739663174,133.96137899438622,174362624.0,43.30342610677083,6,6
1775534100,5,55,1,4,frontend,0.7922445481134459,132.0407580189076,175972352.0,43.70320638020833,6,6
1775534040,5,54,1,4,adservice,0.04339390317986806,21.69695158993403,108793856.0,57.64105902777777,1,1
1775534100,5,55,1,4,adservice,0.04177612502847143,20.888062514235713,108785664.0,57.63671875000001,1,1
1775534040,5,54,1,4,cartservice,0.22078241207865995,55.195603019664986,134475776.0,100.1922607421875,2,2
1775534100,5,55,1,4,cartservice,0.21706175221843396,54.26543805460848,134418432.0,100.1495361328125,2,2
1775534040,5,54,1,4,checkoutservice,0.03139021011101787,31.39021011101787,21991424.0,32.769775390625,1,1
1775534100,5,55,1,4,checkoutservice,0.028725169172563375,28.725169172563376,21602304.0,32.18994140625,1,1
1775534040,5,54,1,4,currencyservice,0.37738893046949895,94.34723261737473,300412928.0,111.91253662109375,4,4
1775534100,5,55,1,4,currencyservice,0.3684779153791342,92.11947884478356,302505984.0,112.6922607421875,4,4
1775534040,5,54,1,4,emailservice,0.011710989348812748,11.710989348812747,46960640.0,69.976806640625,1,1
1775534100,5,55,1,4,emailservice,0.011126345468748746,11.126345468748745,46960640.0,69.976806640625,1,1
1775534040,5,54,1,4,paymentservice,0.006833493652349769,3.4167468261748843,141058048.0,105.096435546875,2,2
1775534100,5,55,1,4,paymentservice,0.006266822448052735,3.1334112240263674,141164544.0,105.17578125,2,2
1775534040,5,54,1,4,productcatalogservice,0.3212034166818447,107.06780556061489,54112256.0,26.877848307291668,3,3
1775534100,5,55,1,4,productcatalogservice,0.3076352542529174,102.54508475097244,53096448.0,26.373291015625,3,3
1775534040,5,54,1,4,recommendationservice,0.39968752391103685,79.93750478220737,223789056.0,19.401988636363637,5,5
1775534100,5,55,1,4,recommendationservice,0.38272548729521855,76.5450974590437,223854592.0,19.407670454545457,5,5
1775534040,5,54,1,4,shippingservice,0.027908035389132852,27.908035389132852,20172800.0,30.059814453125,1,1
1775534100,5,55,1,4,shippingservice,0.026814589728927796,26.814589728927796,19828736.0,29.547119140625,1,1
1775534100,5,55,1,4,frontend,0.7922445481134459,132.0407580189076,175972352.0,43.70320638020833,6,6
1775534160,5,56,1,4,frontend,0.7967992297976035,132.7998716329339,175640576.0,43.62080891927083,6,6
1775534100,5,55,1,4,adservice,0.04177612502847143,20.888062514235713,108785664.0,57.63671875000001,1,1
1775534160,5,56,1,4,adservice,0.041733008112742234,20.866504056371117,108785664.0,57.63671875000001,1,1
1775534100,5,55,1,4,cartservice,0.21706175221843396,54.26543805460848,134418432.0,100.1495361328125,2,2
1775534160,5,56,1,4,cartservice,0.2252819888845825,56.32049722114563,134545408.0,100.244140625,2,2
1775534100,5,55,1,4,checkoutservice,0.028725169172563375,28.725169172563376,21602304.0,32.18994140625,1,1
1775534160,5,56,1,4,checkoutservice,0.02964019065160737,29.64019065160737,21622784.0,32.220458984375,1,1
1775534100,5,55,1,4,currencyservice,0.3684779153791342,92.11947884478356,302505984.0,112.6922607421875,4,4
1775534160,5,56,1,4,currencyservice,0.3675778014318787,91.89445035796967,304279552.0,113.35296630859375,4,4
1775534100,5,55,1,4,emailservice,0.011126345468748746,11.126345468748745,46960640.0,69.976806640625,1,1
1775534160,5,56,1,4,emailservice,0.011133038923913147,11.133038923913146,46964736.0,69.98291015625,1,1
1775534100,5,55,1,4,paymentservice,0.006266822448052735,3.1334112240263674,141164544.0,105.17578125,2,2
1775534160,5,56,1,4,paymentservice,0.006859271541768602,3.429635770884301,142237696.0,105.975341796875,2,2
1775534100,5,55,1,4,productcatalogservice,0.3076352542529174,102.54508475097244,53096448.0,26.373291015625,3,3
1775534160,5,56,1,4,productcatalogservice,0.3196760533294107,106.55868444313687,53366784.0,26.507568359375,3,3
1775534100,5,55,1,4,recommendationservice,0.38272548729521855,76.5450974590437,223854592.0,19.407670454545457,5,5
1775534160,5,56,1,4,recommendationservice,0.39731210153128,79.46242030625599,223866880.0,19.408735795454547,5,5
1775534100,5,55,1,4,shippingservice,0.026814589728927796,26.814589728927796,19828736.0,29.547119140625,1,1
1775534160,5,56,1,4,shippingservice,0.027305914452344388,27.30591445234439,19853312.0,29.583740234375,1,1
1775534160,5,56,1,4,frontend,0.7967992297976035,132.7998716329339,175640576.0,43.62080891927083,6,6
1775534220,5,57,1,4,frontend,0.7879893713405572,131.33156189009284,175747072.0,43.64725748697917,6,6
1775534160,5,56,1,4,adservice,0.041733008112742234,20.866504056371117,108785664.0,57.63671875000001,1,1
1775534220,5,57,1,4,adservice,0.04335507819823307,21.677539099116533,108843008.0,57.66710069444444,1,1
1775534160,5,56,1,4,cartservice,0.2252819888845825,56.32049722114563,134545408.0,100.244140625,2,2
1775534220,5,57,1,4,cartservice,0.27203843152911544,68.00960788227886,134545408.0,100.244140625,2,2
1775534160,5,56,1,4,checkoutservice,0.02964019065160737,29.64019065160737,21622784.0,32.220458984375,1,1
1775534220,5,57,1,4,checkoutservice,0.03132796254697019,31.32796254697019,21970944.0,32.7392578125,1,1
1775534160,5,56,1,4,currencyservice,0.3675778014318787,91.89445035796967,304279552.0,113.35296630859375,4,4
1775534220,5,57,1,4,currencyservice,0.378788300768,94.697075192,305213440.0,113.70086669921875,4,4
1775534160,5,56,1,4,emailservice,0.011133038923913147,11.133038923913146,46964736.0,69.98291015625,1,1
1775534220,5,57,1,4,emailservice,0.011609066960852819,11.609066960852818,46960640.0,69.976806640625,1,1
1775534160,5,56,1,4,paymentservice,0.006859271541768602,3.429635770884301,142237696.0,105.975341796875,2,2
1775534220,5,57,1,4,paymentservice,0.006934293613319059,3.4671468066595295,142856192.0,106.4361572265625,2,2
1775534160,5,56,1,4,productcatalogservice,0.3196760533294107,106.55868444313687,53366784.0,26.507568359375,3,3
1775534220,5,57,1,4,productcatalogservice,0.32946724098423835,109.82241366141277,53538816.0,26.593017578125,3,3
1775534160,5,56,1,4,recommendationservice,0.39731210153128,79.46242030625599,223866880.0,19.408735795454547,5,5
1775534220,5,57,1,4,recommendationservice,0.40112410193011017,80.22482038602203,223813632.0,19.404119318181817,5,5
1775534160,5,56,1,4,shippingservice,0.027305914452344388,27.30591445234439,19853312.0,29.583740234375,1,1
1775534220,5,57,1,4,shippingservice,0.02788311869542063,27.883118695420627,20275200.0,30.21240234375,1,1
1775534220,5,57,1,4,frontend,0.7879893713405572,131.33156189009284,175747072.0,43.64725748697917,6,6
1775534280,5,58,1,4,frontend,0.8029398245469254,133.82330409115423,175091712.0,43.4844970703125,6,6
1775534220,5,57,1,4,adservice,0.04335507819823307,21.677539099116533,108843008.0,57.66710069444444,1,1
1775534280,5,58,1,4,adservice,0.04227570674871593,21.137853374357967,108793856.0,57.64105902777777,1,1
1775534220,5,57,1,4,cartservice,0.27203843152911544,45.3397385881859,134545408.0,66.82942708333334,3,2
1775534280,5,58,1,4,cartservice,0.25659209195377736,42.765348658962886,134406144.0,66.76025390625,3,2
1775534220,5,57,1,4,checkoutservice,0.03132796254697019,31.32796254697019,21970944.0,32.7392578125,1,1
1775534280,5,58,1,4,checkoutservice,0.033776839875793795,33.77683987579379,22040576.0,32.843017578125,1,1
1775534220,5,57,1,4,currencyservice,0.378788300768,94.697075192,305213440.0,113.70086669921875,4,4
1775534280,5,58,1,4,currencyservice,0.3710168660733721,92.75421651834301,180645888.0,67.29583740234375,4,4
1775534220,5,57,1,4,emailservice,0.011609066960852819,11.609066960852818,46960640.0,69.976806640625,1,1
1775534280,5,58,1,4,emailservice,0.012078230469010945,12.078230469010945,46964736.0,69.98291015625,1,1
1775534220,5,57,1,4,paymentservice,0.006934293613319059,3.4671468066595295,142856192.0,106.4361572265625,2,2
1775534280,5,58,1,4,paymentservice,0.006747076219370685,3.3735381096853425,143511552.0,106.9244384765625,2,2
1775534220,5,57,1,4,productcatalogservice,0.32946724098423835,109.82241366141277,53538816.0,26.593017578125,3,3
1775534280,5,58,1,4,productcatalogservice,0.33092503058912276,110.30834352970757,53325824.0,26.487223307291668,3,3
1775534220,5,57,1,4,recommendationservice,0.40112410193011017,80.22482038602203,223813632.0,19.404119318181817,5,5
1775534280,5,58,1,4,recommendationservice,0.40634512503253073,81.26902500650614,224079872.0,19.427201704545453,5,5
1775534220,5,57,1,4,shippingservice,0.02788311869542063,27.883118695420627,20275200.0,30.21240234375,1,1
1775534280,5,58,1,4,shippingservice,0.02914352560500638,29.143525605006378,19894272.0,29.644775390625,1,1
1775534280,5,58,1,4,frontend,0.8029398245469254,133.82330409115423,175091712.0,43.4844970703125,6,6
1775534340,5,59,1,4,frontend,0.7387229249016136,123.12048748360225,176779264.0,43.90360514322917,6,6
1775534280,5,58,1,4,adservice,0.04227570674871593,21.137853374357967,108793856.0,57.64105902777777,1,1
1775534340,5,59,1,4,adservice,0.03648630415035523,18.243152075177616,108855296.0,57.673611111111114,1,1
1775534280,5,58,1,4,cartservice,0.25659209195377736,42.765348658962886,134406144.0,66.76025390625,3,3
1775534340,5,59,1,4,cartservice,0.25200585100088535,42.00097516681422,160104448.0,79.52473958333334,3,3
1775534280,5,58,1,4,checkoutservice,0.033776839875793795,33.77683987579379,22040576.0,32.843017578125,1,1
1775534340,5,59,1,4,checkoutservice,0.03006498295544254,30.064982955442538,21876736.0,32.598876953125,1,1
1775534280,5,58,1,4,currencyservice,0.3710168660733721,92.75421651834301,180645888.0,67.29583740234375,4,4
1775534340,5,59,1,4,currencyservice,0.4149600765549505,103.74001913873761,204320768.0,76.11541748046875,4,4
1775534280,5,58,1,4,emailservice,0.012078230469010945,12.078230469010945,46964736.0,69.98291015625,1,1
1775534340,5,59,1,4,emailservice,0.011476477273831104,11.476477273831104,46956544.0,69.970703125,1,1
1775534280,5,58,1,4,paymentservice,0.006747076219370685,3.3735381096853425,143511552.0,106.9244384765625,2,2
1775534340,5,59,1,4,paymentservice,0.006186408453275473,3.093204226637736,144138240.0,107.391357421875,2,2
1775534280,5,58,1,4,productcatalogservice,0.33092503058912276,110.30834352970757,53325824.0,26.487223307291668,3,3
1775534340,5,59,1,4,productcatalogservice,0.3111878264169201,103.72927547230668,52776960.0,26.214599609375,3,3
1775534280,5,58,1,4,recommendationservice,0.40634512503253073,81.26902500650614,224079872.0,19.427201704545453,5,5
1775534340,5,59,1,4,recommendationservice,0.36835719820330426,73.67143964066085,224096256.0,19.428622159090907,5,5
1775534280,5,58,1,4,shippingservice,0.02914352560500638,29.143525605006378,19894272.0,29.644775390625,1,1
1775534340,5,59,1,4,shippingservice,0.026617305343292142,26.61730534329214,20303872.0,30.255126953125,1,1
1775534340,5,59,1,4,frontend,0.7387229249016136,123.12048748360225,176779264.0,43.90360514322917,6,6
1775534400,6,0,1,4,frontend,0.7560083819561585,126.00139699269306,175058944.0,43.47635904947917,6,6
1775534340,5,59,1,4,adservice,0.03648630415035523,18.243152075177616,108855296.0,57.673611111111114,1,1
1775534400,6,0,1,4,adservice,0.03635491136251428,18.177455681257136,108834816.0,57.66276041666667,1,1
1775534340,5,59,1,4,cartservice,0.25200585100088535,42.00097516681422,160104448.0,79.52473958333334,3,3
1775534400,6,0,1,4,cartservice,0.23333676354875532,38.88946059145921,165978112.0,82.44222005208334,3,3
1775534340,5,59,1,4,checkoutservice,0.03006498295544254,30.064982955442538,21876736.0,32.598876953125,1,1
1775534400,6,0,1,4,checkoutservice,0.02943926369403851,29.43926369403851,22016000.0,32.806396484375,1,1
1775534340,5,59,1,4,currencyservice,0.4149600765549505,103.74001913873761,204320768.0,76.11541748046875,4,4
1775534400,6,0,1,4,currencyservice,0.3708078934034968,92.70197335087418,202227712.0,75.335693359375,4,4
1775534340,5,59,1,4,emailservice,0.011476477273831104,11.476477273831104,46956544.0,69.970703125,1,1
1775534400,6,0,1,4,emailservice,0.011220012817469247,11.220012817469247,46964736.0,69.98291015625,1,1
1775534340,5,59,1,4,paymentservice,0.006186408453275473,3.093204226637736,144138240.0,107.391357421875,2,2
1775534400,6,0,1,4,paymentservice,0.006286960377731907,3.1434801888659534,145231872.0,108.2061767578125,2,2
1775534340,5,59,1,4,productcatalogservice,0.3111878264169201,103.72927547230668,52776960.0,26.214599609375,3,3
1775534400,6,0,1,4,productcatalogservice,0.31048866372556844,103.49622124185613,53370880.0,26.509602864583332,3,3
1775534340,5,59,1,4,recommendationservice,0.36835719820330426,73.67143964066085,224096256.0,19.428622159090907,5,5
1775534400,6,0,1,4,recommendationservice,0.3715589230173872,74.31178460347743,223801344.0,19.403053977272727,5,5
1775534340,5,59,1,4,shippingservice,0.026617305343292142,26.61730534329214,20303872.0,30.255126953125,1,1
1775534400,6,0,1,4,shippingservice,0.02613105182287554,26.13105182287554,19869696.0,29.608154296875,1,1
1775534400,6,0,1,4,frontend,0.7560083819561585,126.00139699269306,175058944.0,43.47635904947917,6,6
1775534460,6,1,1,4,frontend,0.7727954140629544,128.79923567715906,175575040.0,43.60453287760417,6,6
1775534400,6,0,1,4,adservice,0.03635491136251428,18.177455681257136,108834816.0,57.66276041666667,1,1
1775534460,6,1,1,4,adservice,0.04090864114340837,20.454320571704184,108785664.0,57.63671875000001,1,1
1775534400,6,0,1,4,cartservice,0.23333676354875532,38.88946059145921,165978112.0,82.44222005208334,3,3
1775534460,6,1,1,4,cartservice,0.22358562392381415,37.264270653969014,166948864.0,82.92439778645834,3,3
1775534400,6,0,1,4,checkoutservice,0.02943926369403851,29.43926369403851,22016000.0,32.806396484375,1,1
1775534460,6,1,1,4,checkoutservice,0.03011601348910803,30.116013489108028,22118400.0,32.958984375,1,1
1775534400,6,0,1,4,currencyservice,0.3708078934034968,92.70197335087418,202227712.0,75.335693359375,4,4
1775534460,6,1,1,4,currencyservice,0.3585690701148739,89.64226752871846,207204352.0,77.18963623046875,4,4
1775534400,6,0,1,4,emailservice,0.011220012817469247,11.220012817469247,46964736.0,69.98291015625,1,1
1775534460,6,1,1,4,emailservice,0.011092650623777548,11.092650623777548,46968832.0,69.989013671875,1,1
1775534400,6,0,1,4,paymentservice,0.006286960377731907,3.1434801888659534,145231872.0,108.2061767578125,2,2
1775534460,6,1,1,4,paymentservice,0.006402785005844963,3.201392502922481,145993728.0,108.7738037109375,2,2
1775534400,6,0,1,4,productcatalogservice,0.31048866372556844,103.49622124185613,53370880.0,26.509602864583332,3,3
1775534460,6,1,1,4,productcatalogservice,0.320786611383698,106.92887046123265,53084160.0,26.3671875,3,3
1775534400,6,0,1,4,recommendationservice,0.3715589230173872,74.31178460347743,223801344.0,19.403053977272727,5,5
1775534460,6,1,1,4,recommendationservice,0.3828636953220148,76.57273906440297,224096256.0,19.428622159090907,5,5
1775534400,6,0,1,4,shippingservice,0.02613105182287554,26.13105182287554,19869696.0,29.608154296875,1,1
1775534460,6,1,1,4,shippingservice,0.026457979320466292,26.45797932046629,20336640.0,30.303955078125,1,1
1775534460,6,1,1,4,frontend,0.7727954140629544,128.79923567715906,175575040.0,43.60453287760417,6,6
1775534520,6,2,1,4,frontend,0.7687479539971155,128.12465899951923,172974080.0,42.95857747395833,6,6
1775534460,6,1,1,4,adservice,0.04090864114340837,20.454320571704184,108785664.0,57.63671875000001,1,1
1775534520,6,2,1,4,adservice,0.04078555719580315,20.392778597901575,108843008.0,57.66710069444444,1,1
1775534460,6,1,1,4,cartservice,0.22358562392381415,37.264270653969014,166948864.0,82.92439778645834,3,3
1775534520,6,2,1,4,cartservice,0.23282759967107622,38.80459994517936,168173568.0,83.53271484375,3,3
1775534460,6,1,1,4,checkoutservice,0.03011601348910803,30.116013489108028,22118400.0,32.958984375,1,1
1775534520,6,2,1,4,checkoutservice,0.028906829316095558,28.906829316095557,22237184.0,33.135986328125,1,1
1775534460,6,1,1,4,currencyservice,0.3585690701148739,89.64226752871846,207204352.0,77.18963623046875,4,4
1775534520,6,2,1,4,currencyservice,0.35997726568175525,89.9943164204388,207724544.0,77.3834228515625,4,4
1775534460,6,1,1,4,emailservice,0.011092650623777548,11.092650623777548,46968832.0,69.989013671875,1,1
1775534520,6,2,1,4,emailservice,0.0106699828795703,10.6699828795703,46960640.0,69.976806640625,1,1
1775534460,6,1,1,4,paymentservice,0.006402785005844963,3.201392502922481,145993728.0,108.7738037109375,2,2
1775534520,6,2,1,4,paymentservice,0.006614403288290787,3.307201644145393,146722816.0,109.3170166015625,2,2
1775534460,6,1,1,4,productcatalogservice,0.320786611383698,106.92887046123265,53084160.0,26.3671875,3,3
1775534520,6,2,1,4,productcatalogservice,0.3182884038807614,106.09613462692045,53231616.0,26.4404296875,3,3
1775534460,6,1,1,4,recommendationservice,0.3828636953220148,76.57273906440297,224096256.0,19.428622159090907,5,5
1775534520,6,2,1,4,recommendationservice,0.3781094296560338,75.62188593120676,224083968.0,19.427556818181817,5,5
1775534460,6,1,1,4,shippingservice,0.026457979320466292,26.45797932046629,20336640.0,30.303955078125,1,1
1775534520,6,2,1,4,shippingservice,0.027125751695116003,27.125751695116,20008960.0,29.815673828125,1,1
1775534520,6,2,1,4,frontend,0.7687479539971155,128.12465899951923,172974080.0,42.95857747395833,6,6
1775534580,6,3,1,4,frontend,0.7582415322433007,126.37358870721675,173809664.0,43.16609700520833,6,6
1775534520,6,2,1,4,adservice,0.04078555719580315,20.392778597901575,108843008.0,57.66710069444444,1,1
1775534580,6,3,1,4,adservice,0.04048874197030183,20.244370985150912,108834816.0,57.66276041666667,1,1
1775534520,6,2,1,4,cartservice,0.23282759967107622,38.80459994517936,168173568.0,83.53271484375,3,3
1775534580,6,3,1,4,cartservice,0.23482949749569365,39.1382495826156,168390656.0,83.64054361979166,3,3
1775534520,6,2,1,4,checkoutservice,0.028906829316095558,28.906829316095557,22237184.0,33.135986328125,1,1
1775534580,6,3,1,4,checkoutservice,0.031792926689570136,31.792926689570134,22323200.0,33.26416015625,1,1
1775534520,6,2,1,4,currencyservice,0.35997726568175525,89.9943164204388,207724544.0,77.3834228515625,4,4
1775534580,6,3,1,4,currencyservice,0.3563443414236856,89.0860853559214,210497536.0,78.41644287109375,4,4
1775534520,6,2,1,4,emailservice,0.0106699828795703,10.6699828795703,46960640.0,69.976806640625,1,1
1775534580,6,3,1,4,emailservice,0.01128001677730004,11.280016777300041,46960640.0,69.976806640625,1,1
1775534520,6,2,1,4,paymentservice,0.006614403288290787,3.307201644145393,146722816.0,109.3170166015625,2,2
1775534580,6,3,1,4,paymentservice,0.011497897116038108,5.748948558019054,144465920.0,107.635498046875,2,2
1775534520,6,2,1,4,productcatalogservice,0.3182884038807614,106.09613462692045,53231616.0,26.4404296875,3,3
1775534580,6,3,1,4,productcatalogservice,0.3148031462798543,104.93438209328474,53432320.0,26.540120442708332,3,3
1775534520,6,2,1,4,recommendationservice,0.3781094296560338,75.62188593120676,224083968.0,19.427556818181817,5,5
1775534580,6,3,1,4,recommendationservice,0.38248097582567236,76.49619516513447,223801344.0,19.403053977272727,5,5
1775534520,6,2,1,4,shippingservice,0.027125751695116003,27.125751695116,20008960.0,29.815673828125,1,1
1775534580,6,3,1,4,shippingservice,0.028110896147577218,28.110896147577215,19841024.0,29.5654296875,1,1
1775534580,6,3,1,4,frontend,0.7582415322433007,126.37358870721675,173809664.0,43.16609700520833,6,6
1775534640,6,4,1,4,frontend,0.7631810586962712,127.19684311604517,173314048.0,43.04300944010417,6,6
1775534580,6,3,1,4,adservice,0.04048874197030183,20.244370985150912,108834816.0,57.66276041666667,1,1
1775534640,6,4,1,4,adservice,0.039536283687929503,19.768141843964752,108785664.0,57.63671875000001,1,1
1775534580,6,3,1,4,cartservice,0.23482949749569365,39.1382495826156,168390656.0,83.64054361979166,3,3
1775534640,6,4,1,4,cartservice,0.25068475102872373,41.78079183812062,170545152.0,84.710693359375,3,3
1775534580,6,3,1,4,checkoutservice,0.031792926689570136,31.792926689570134,22323200.0,33.26416015625,1,1
1775534640,6,4,1,4,checkoutservice,0.03036198908495164,30.361989084951635,22228992.0,33.123779296875,1,1
1775534580,6,3,1,4,currencyservice,0.3563443414236856,89.0860853559214,210497536.0,78.41644287109375,4,4
1775534640,6,4,1,4,currencyservice,0.3375782644481448,84.3945661120362,213483520.0,79.52880859375,4,4
1775534580,6,3,1,4,emailservice,0.01128001677730004,11.280016777300041,46960640.0,69.976806640625,1,1
1775534640,6,4,1,4,emailservice,0.011383508174860148,11.383508174860149,46964736.0,69.98291015625,1,1
1775534580,6,3,1,4,paymentservice,0.011497897116038108,5.748948558019054,144465920.0,107.635498046875,2,2
1775534640,6,4,1,4,paymentservice,0.01331313667905033,6.656568339525164,148549632.0,110.6781005859375,2,2
1775534580,6,3,1,4,productcatalogservice,0.3148031462798543,104.93438209328474,53432320.0,26.540120442708332,3,3
1775534640,6,4,1,4,productcatalogservice,0.3140131825048311,104.67106083494369,53641216.0,26.643880208333332,3,3
1775534580,6,3,1,4,recommendationservice,0.38248097582567236,76.49619516513447,223801344.0,19.403053977272727,5,5
1775534640,6,4,1,4,recommendationservice,0.3770636237718309,75.41272475436618,223883264.0,19.41015625,5,5
1775534580,6,3,1,4,shippingservice,0.028110896147577218,28.110896147577215,19841024.0,29.5654296875,1,1
1775534640,6,4,1,4,shippingservice,0.02708044020634449,27.08044020634449,19898368.0,29.65087890625,1,1
1775534640,6,4,1,4,frontend,0.7631810586962712,127.19684311604517,173314048.0,43.04300944010417,6,6
1775534700,6,5,1,4,frontend,0.7310701052991738,121.84501754986228,175112192.0,43.48958333333333,6,6
1775534640,6,4,1,4,adservice,0.039536283687929503,19.768141843964752,108785664.0,57.63671875000001,1,1
1775534700,6,5,1,4,adservice,0.03982028294048042,19.91014147024021,108847104.0,57.66927083333333,1,1
1775534640,6,4,1,4,cartservice,0.25068475102872373,62.671187757180924,170545152.0,127.0660400390625,2,2
1775534700,6,5,1,4,cartservice,0.23196235389821046,57.99058847455261,170582016.0,127.093505859375,2,2
1775534640,6,4,1,4,checkoutservice,0.03036198908495164,30.361989084951635,22228992.0,33.123779296875,1,1
1775534700,6,5,1,4,checkoutservice,0.02813579882859211,28.13579882859211,22093824.0,32.92236328125,1,1
1775534640,6,4,1,4,currencyservice,0.3375782644481448,84.3945661120362,213483520.0,79.52880859375,4,4
1775534700,6,5,1,4,currencyservice,0.3508118203395344,87.7029550848836,209297408.0,77.9693603515625,4,4
1775534640,6,4,1,4,emailservice,0.011383508174860148,11.383508174860149,46964736.0,69.98291015625,1,1
1775534700,6,5,1,4,emailservice,0.010403217391301397,10.403217391301396,46960640.0,69.976806640625,1,1
1775534640,6,4,1,4,paymentservice,0.01331313667905033,6.656568339525164,148549632.0,110.6781005859375,2,2
1775534700,6,5,1,4,paymentservice,0.009353570728529888,4.676785364264944,152547328.0,113.6566162109375,2,2
1775534640,6,4,1,4,productcatalogservice,0.3140131825048311,104.67106083494369,53641216.0,26.643880208333332,3,3
1775534700,6,5,1,4,productcatalogservice,0.3136476369890081,104.54921232966936,54210560.0,26.926676432291668,3,3
1775534640,6,4,1,4,recommendationservice,0.3770636237718309,75.41272475436618,223883264.0,19.41015625,5,5
1775534700,6,5,1,4,recommendationservice,0.37615104084389883,75.23020816877977,223817728.0,19.40447443181818,5,5
1775534640,6,4,1,4,shippingservice,0.02708044020634449,27.08044020634449,19898368.0,29.65087890625,1,1
1775534700,6,5,1,4,shippingservice,0.02654666506385114,26.546665063851137,19861504.0,29.595947265625,1,1
1775534700,6,5,1,4,frontend,0.7310701052991738,121.84501754986228,175112192.0,43.48958333333333,6,6
1775534760,6,6,1,4,frontend,0.7665657592941255,127.76095988235423,175104000.0,43.487548828125,6,6
1775534700,6,5,1,4,adservice,0.03982028294048042,19.91014147024021,108847104.0,57.66927083333333,1,1
1775534760,6,6,1,4,adservice,0.03993135168282391,19.965675841411958,108838912.0,57.66493055555556,1,1
1775534700,6,5,1,4,cartservice,0.23196235389821046,57.99058847455261,170582016.0,127.093505859375,2,2
1775534760,6,6,1,4,cartservice,0.2141625891101776,53.540647277544394,134414336.0,100.146484375,2,2
1775534700,6,5,1,4,checkoutservice,0.02813579882859211,28.13579882859211,22093824.0,32.92236328125,1,1
1775534760,6,6,1,4,checkoutservice,0.028411531313295456,28.411531313295452,21954560.0,32.71484375,1,1
1775534700,6,5,1,4,currencyservice,0.3508118203395344,87.7029550848836,209297408.0,77.9693603515625,4,4
1775534760,6,6,1,4,currencyservice,0.3327923895969498,83.19809739923744,213331968.0,79.47235107421875,4,4
1775534700,6,5,1,4,emailservice,0.010403217391301397,10.403217391301396,46960640.0,69.976806640625,1,1
1775534760,6,6,1,4,emailservice,0.010773677216127325,10.773677216127323,46968832.0,69.989013671875,1,1
1775534700,6,5,1,4,paymentservice,0.009353570728529888,4.676785364264944,152547328.0,113.6566162109375,2,2
1775534760,6,6,1,4,paymentservice,0.009404047158928931,4.702023579464465,153112576.0,114.0777587890625,2,2
1775534700,6,5,1,4,productcatalogservice,0.3136476369890081,104.54921232966936,54210560.0,26.926676432291668,3,3
1775534760,6,6,1,4,productcatalogservice,0.31561905257589545,105.2063508586318,53231616.0,26.4404296875,3,3
1775534700,6,5,1,4,recommendationservice,0.37615104084389883,75.23020816877977,223817728.0,19.40447443181818,5,5
1775534760,6,6,1,4,recommendationservice,0.3818094484687326,76.36188969374652,224370688.0,19.452414772727273,5,5
1775534700,6,5,1,4,shippingservice,0.02654666506385114,26.546665063851137,19861504.0,29.595947265625,1,1
1775534760,6,6,1,4,shippingservice,0.026245242966093096,26.245242966093095,20172800.0,30.059814453125,1,1
1775534760,6,6,1,4,frontend,0.7665657592941255,127.76095988235423,175104000.0,43.487548828125,6,6
1775534820,6,7,1,4,frontend,0.7553192231797428,125.88653719662378,174833664.0,43.42041015625,6,6
1775534760,6,6,1,4,adservice,0.03993135168282391,19.965675841411958,108838912.0,57.66493055555556,1,1
1775534820,6,7,1,4,adservice,0.03985915024180713,19.929575120903564,108900352.0,57.697482638888886,1,1
1775534760,6,6,1,4,cartservice,0.2141625891101776,53.540647277544394,134414336.0,100.146484375,2,2
1775534820,6,7,1,4,cartservice,0.21687128320211307,54.21782080052826,134447104.0,100.1708984375,2,2
1775534760,6,6,1,4,checkoutservice,0.028411531313295456,28.411531313295452,21954560.0,32.71484375,1,1
1775534820,6,7,1,4,checkoutservice,0.027488733340682275,27.488733340682277,21917696.0,32.659912109375,1,1
1775534760,6,6,1,4,currencyservice,0.3327923895969498,83.19809739923744,213331968.0,79.47235107421875,4,4
1775534820,6,7,1,4,currencyservice,0.35074925760269193,87.68731440067297,221388800.0,82.4737548828125,4,4
1775534760,6,6,1,4,emailservice,0.010773677216127325,10.773677216127323,46968832.0,69.989013671875,1,1
1775534820,6,7,1,4,emailservice,0.010067870487913877,10.067870487913877,46964736.0,69.98291015625,1,1
1775534760,6,6,1,4,paymentservice,0.009404047158928931,4.702023579464465,153112576.0,114.0777587890625,2,2
1775534820,6,7,1,4,paymentservice,0.010621772994065201,5.310886497032601,155193344.0,115.6280517578125,2,2
1775534760,6,6,1,4,productcatalogservice,0.31561905257589545,105.2063508586318,53231616.0,26.4404296875,3,3
1775534820,6,7,1,4,productcatalogservice,0.3099090824859675,103.30302749532248,53276672.0,26.462809244791668,3,3
1775534760,6,6,1,4,recommendationservice,0.3818094484687326,76.36188969374652,224370688.0,19.452414772727273,5,5
1775534820,6,7,1,4,recommendationservice,0.3701909796238193,74.03819592476385,223797248.0,19.402698863636363,5,5
1775534760,6,6,1,4,shippingservice,0.026245242966093096,26.245242966093095,20172800.0,30.059814453125,1,1
1775534820,6,7,1,4,shippingservice,0.025291338022435342,25.29133802243534,19943424.0,29.718017578125,1,1
1775534820,6,7,1,4,frontend,0.7553192231797428,125.88653719662378,174833664.0,43.42041015625,6,6
1775534880,6,8,1,4,frontend,0.7373435837415496,122.89059729025826,174690304.0,43.38480631510417,6,6
1775534820,6,7,1,4,adservice,0.03985915024180713,19.929575120903564,108900352.0,57.697482638888886,1,1
1775534880,6,8,1,4,adservice,0.03983636565649297,19.918182828246483,108781568.0,57.634548611111114,1,1
1775534820,6,7,1,4,cartservice,0.21687128320211307,54.21782080052826,134447104.0,100.1708984375,2,2
1775534880,6,8,1,4,cartservice,0.22414857274522235,56.037143186305585,134512640.0,100.2197265625,2,2
1775534820,6,7,1,4,checkoutservice,0.027488733340682275,27.488733340682277,21917696.0,32.659912109375,1,1
1775534880,6,8,1,4,checkoutservice,0.025839804667641592,25.83980466764159,22089728.0,32.916259765625,1,1
1775534820,6,7,1,4,currencyservice,0.35074925760269193,87.68731440067297,221388800.0,82.4737548828125,4,4
1775534880,6,8,1,4,currencyservice,0.34423228380541715,86.05807095135428,227680256.0,84.8175048828125,4,4
1775534820,6,7,1,4,emailservice,0.010067870487913877,10.067870487913877,46964736.0,69.98291015625,1,1
1775534880,6,8,1,4,emailservice,0.009970854156332837,9.970854156332837,46952448.0,69.964599609375,1,1
1775534820,6,7,1,4,paymentservice,0.010621772994065201,5.310886497032601,155193344.0,115.6280517578125,2,2
1775534880,6,8,1,4,paymentservice,0.009135537756895202,4.567768878447601,155328512.0,115.728759765625,2,2
1775534820,6,7,1,4,productcatalogservice,0.3099090824859675,103.30302749532248,53276672.0,26.462809244791668,3,3
1775534880,6,8,1,4,productcatalogservice,0.30926609879102335,103.08869959700777,54140928.0,26.89208984375,3,3
1775534820,6,7,1,4,recommendationservice,0.3701909796238193,74.03819592476385,223797248.0,19.402698863636363,5,5
1775534880,6,8,1,4,recommendationservice,0.3638665393478789,72.77330786957577,224223232.0,19.439630681818183,5,5
1775534820,6,7,1,4,shippingservice,0.025291338022435342,25.29133802243534,19943424.0,29.718017578125,1,1
1775534880,6,8,1,4,shippingservice,0.02299815883175457,22.998158831754566,20570112.0,30.65185546875,1,1
1775534880,6,8,1,4,frontend,0.7373435837415496,122.89059729025826,174690304.0,43.38480631510417,6,6
1775534940,6,9,1,4,frontend,0.7357187897368515,122.61979828947523,174968832.0,43.4539794921875,6,6
1775534880,6,8,1,4,adservice,0.03983636565649297,19.918182828246483,108781568.0,57.634548611111114,1,1
1775534940,6,9,1,4,adservice,0.03768250772315083,18.841253861575414,108781568.0,57.634548611111114,1,1
1775534880,6,8,1,4,cartservice,0.22414857274522235,56.037143186305585,134512640.0,100.2197265625,2,2
1775534940,6,9,1,4,cartservice,0.20037081316539684,50.0927032913492,134422528.0,100.152587890625,2,2
1775534880,6,8,1,4,checkoutservice,0.025839804667641592,25.83980466764159,22089728.0,32.916259765625,1,1
1775534940,6,9,1,4,checkoutservice,0.027688049348727352,27.68804934872735,21983232.0,32.757568359375,1,1
1775534880,6,8,1,4,currencyservice,0.34423228380541715,86.05807095135428,227680256.0,84.8175048828125,4,4
1775534940,6,9,1,4,currencyservice,0.34066963999865063,85.16740999966265,227594240.0,84.78546142578125,4,4
1775534880,6,8,1,4,emailservice,0.009970854156332837,9.970854156332837,46952448.0,69.964599609375,1,1
1775534940,6,9,1,4,emailservice,0.010243363080201578,10.243363080201577,46968832.0,69.989013671875,1,1
1775534880,6,8,1,4,paymentservice,0.009135537756895202,4.567768878447601,155328512.0,115.728759765625,2,2
1775534940,6,9,1,4,paymentservice,0.008764222365769236,4.382111182884618,156491776.0,116.595458984375,2,2
1775534880,6,8,1,4,productcatalogservice,0.30926609879102335,103.08869959700777,54140928.0,26.89208984375,3,3
1775534940,6,9,1,4,productcatalogservice,0.3038269846339852,101.27566154466172,53346304.0,26.497395833333332,3,3
1775534880,6,8,1,4,recommendationservice,0.3638665393478789,72.77330786957577,224223232.0,19.439630681818183,5,5
1775534940,6,9,1,4,recommendationservice,0.35281288177314873,70.56257635462974,224071680.0,19.426491477272727,5,5
1775534880,6,8,1,4,shippingservice,0.02299815883175457,22.998158831754566,20570112.0,30.65185546875,1,1
1775534940,6,9,1,4,shippingservice,0.02436757806774085,24.367578067740848,20115456.0,29.974365234375,1,1
1775534940,6,9,1,4,frontend,0.7357187897368515,122.61979828947523,174968832.0,43.4539794921875,6,6
1775535000,6,10,1,4,frontend,0.7334606814535768,122.24344690892946,175689728.0,43.63301595052083,6,6
1775534940,6,9,1,4,adservice,0.03768250772315083,18.841253861575414,108781568.0,57.634548611111114,1,1
1775535000,6,10,1,4,adservice,0.03819634349133887,19.098171745669433,108781568.0,57.634548611111114,1,1
1775534940,6,9,1,4,cartservice,0.20037081316539684,50.0927032913492,134422528.0,100.152587890625,2,2
1775535000,6,10,1,4,cartservice,0.2067881629326104,51.6970407331526,134410240.0,100.1434326171875,2,2
1775534940,6,9,1,4,checkoutservice,0.027688049348727352,27.68804934872735,21983232.0,32.757568359375,1,1
1775535000,6,10,1,4,checkoutservice,0.031016469239232902,31.0164692392329,22286336.0,33.209228515625,1,1
1775534940,6,9,1,4,currencyservice,0.34066963999865063,85.16740999966265,227594240.0,84.78546142578125,4,4
1775535000,6,10,1,4,currencyservice,0.3267852960667315,81.69632401668288,229208064.0,85.38665771484375,4,4
1775534940,6,9,1,4,emailservice,0.010243363080201578,10.243363080201577,46968832.0,69.989013671875,1,1
1775535000,6,10,1,4,emailservice,0.009895938862698753,9.895938862698753,46960640.0,69.976806640625,1,1
1775534940,6,9,1,4,paymentservice,0.008764222365769236,4.382111182884618,156491776.0,116.595458984375,2,2
1775535000,6,10,1,4,paymentservice,0.008874966242982832,4.437483121491415,157581312.0,117.4072265625,2,2
1775534940,6,9,1,4,productcatalogservice,0.3038269846339852,101.27566154466172,53346304.0,26.497395833333332,3,3
1775535000,6,10,1,4,productcatalogservice,0.3061728474578047,102.05761581926822,53575680.0,26.611328125,3,3
1775534940,6,9,1,4,recommendationservice,0.35281288177314873,70.56257635462974,224071680.0,19.426491477272727,5,5
1775535000,6,10,1,4,recommendationservice,0.3582354514244568,71.64709028489136,223813632.0,19.404119318181817,5,5
1775534940,6,9,1,4,shippingservice,0.02436757806774085,24.367578067740848,20115456.0,29.974365234375,1,1
1775535000,6,10,1,4,shippingservice,0.024623096081019768,24.623096081019767,20291584.0,30.23681640625,1,1
1775535000,6,10,1,4,frontend,0.7334606814535768,122.24344690892946,175689728.0,43.63301595052083,6,6
1775535060,6,11,1,4,frontend,0.7422367809884146,123.70613016473575,175669248.0,43.6279296875,6,6
1775535000,6,10,1,4,adservice,0.03819634349133887,19.098171745669433,108781568.0,57.634548611111114,1,1
1775535060,6,11,1,4,adservice,0.037438913667574646,18.71945683378732,108838912.0,57.66493055555556,1,1
1775535000,6,10,1,4,cartservice,0.2067881629326104,51.6970407331526,134410240.0,100.1434326171875,2,2
1775535060,6,11,1,4,cartservice,0.19492663605055338,48.731659012638346,134438912.0,100.164794921875,2,2
1775535000,6,10,1,4,checkoutservice,0.031016469239232902,31.0164692392329,22286336.0,33.209228515625,1,1
1775535060,6,11,1,4,checkoutservice,0.029156757765670272,29.15675776567027,22142976.0,32.99560546875,1,1
1775535000,6,10,1,4,currencyservice,0.3267852960667315,81.69632401668288,229208064.0,85.38665771484375,4,4
1775535060,6,11,1,4,currencyservice,0.33930367021716257,84.82591755429064,231976960.0,86.41815185546875,4,4
1775535000,6,10,1,4,emailservice,0.009895938862698753,9.895938862698753,46960640.0,69.976806640625,1,1
1775535060,6,11,1,4,emailservice,0.010694309664263466,10.694309664263466,46964736.0,69.98291015625,1,1
1775535000,6,10,1,4,paymentservice,0.008874966242982832,4.437483121491415,157581312.0,117.4072265625,2,2
1775535060,6,11,1,4,paymentservice,0.009774737824954872,4.887368912477435,159055872.0,118.505859375,2,2
1775535000,6,10,1,4,productcatalogservice,0.3061728474578047,102.05761581926822,53575680.0,26.611328125,3,3
1775535060,6,11,1,4,productcatalogservice,0.3111500555497691,103.71668518325635,53362688.0,26.505533854166668,3,3
1775535000,6,10,1,4,recommendationservice,0.3582354514244568,71.64709028489136,223813632.0,19.404119318181817,5,5
1775535060,6,11,1,4,recommendationservice,0.3596455059268307,71.92910118536614,223846400.0,19.406960227272727,5,5
1775535000,6,10,1,4,shippingservice,0.024623096081019768,24.623096081019767,20291584.0,30.23681640625,1,1
1775535060,6,11,1,4,shippingservice,0.025258499641795384,25.258499641795385,19922944.0,29.6875,1,1
1775535060,6,11,1,4,frontend,0.7422367809884146,123.70613016473575,175669248.0,43.6279296875,6,6
1775535120,6,12,1,4,frontend,0.7306758655124995,121.7793109187499,174784512.0,43.408203125,6,6
1775535060,6,11,1,4,adservice,0.037438913667574646,18.71945683378732,108838912.0,57.66493055555556,1,1
1775535120,6,12,1,4,adservice,0.0377296612584786,18.8648306292393,108777472.0,57.63237847222222,1,1
1775535060,6,11,1,4,cartservice,0.19492663605055338,48.731659012638346,134438912.0,100.164794921875,2,2
1775535120,6,12,1,4,cartservice,0.21596522713631833,53.991306784079576,134426624.0,100.1556396484375,2,2
1775535060,6,11,1,4,checkoutservice,0.029156757765670272,29.15675776567027,22142976.0,32.99560546875,1,1
1775535120,6,12,1,4,checkoutservice,0.031266084690547945,31.26608469054794,22036480.0,32.8369140625,1,1
1775535060,6,11,1,4,currencyservice,0.33930367021716257,84.82591755429064,231976960.0,86.41815185546875,4,4
1775535120,6,12,1,4,currencyservice,0.3382922977481118,84.57307443702796,232726528.0,86.6973876953125,4,4
1775535060,6,11,1,4,emailservice,0.010694309664263466,10.694309664263466,46964736.0,69.98291015625,1,1
1775535120,6,12,1,4,emailservice,0.011406581426261896,11.406581426261896,46960640.0,69.976806640625,1,1
1775535060,6,11,1,4,paymentservice,0.009774737824954872,4.887368912477435,159055872.0,118.505859375,2,2
1775535120,6,12,1,4,paymentservice,0.011151441650858669,5.575720825429334,159571968.0,118.890380859375,2,2
1775535060,6,11,1,4,productcatalogservice,0.3111500555497691,103.71668518325635,53362688.0,26.505533854166668,3,3
1775535120,6,12,1,4,productcatalogservice,0.309965134569085,103.32171152302831,53764096.0,26.704915364583332,3,3
1775535060,6,11,1,4,recommendationservice,0.3596455059268307,71.92910118536614,223846400.0,19.406960227272727,5,5
1775535120,6,12,1,4,recommendationservice,0.35709006610394134,71.41801322078827,224321536.0,19.44815340909091,5,5
1775535060,6,11,1,4,shippingservice,0.025258499641795384,25.258499641795385,19922944.0,29.6875,1,1
1775535120,6,12,1,4,shippingservice,0.025507746465440823,25.50774646544082,20140032.0,30.010986328125,1,1
1775535120,6,12,1,4,frontend,0.7306758655124995,121.7793109187499,174784512.0,43.408203125,6,6
1775535180,6,13,1,4,frontend,0.7253181639663939,120.88636066106564,172748800.0,42.90262858072917,6,6
1775535120,6,12,1,4,adservice,0.0377296612584786,18.8648306292393,108777472.0,57.63237847222222,1,1
1775535180,6,13,1,4,adservice,0.03664757145362496,18.32378572681248,108732416.0,57.60850694444445,1,1
1775535120,6,12,1,4,cartservice,0.21596522713631833,53.991306784079576,134426624.0,100.1556396484375,2,2
1775535180,6,13,1,4,cartservice,0.23127050352143078,57.817625880357696,134750208.0,100.396728515625,2,2
1775535120,6,12,1,4,checkoutservice,0.031266084690547945,31.26608469054794,22036480.0,32.8369140625,1,1
1775535180,6,13,1,4,checkoutservice,0.03150146380285555,31.50146380285555,22339584.0,33.28857421875,1,1
1775535120,6,12,1,4,currencyservice,0.3382922977481118,84.57307443702796,232726528.0,86.6973876953125,4,4
1775535180,6,13,1,4,currencyservice,0.3247466044841878,81.18665112104695,234840064.0,87.4847412109375,4,4
1775535120,6,12,1,4,emailservice,0.011406581426261896,11.406581426261896,46960640.0,69.976806640625,1,1
1775535180,6,13,1,4,emailservice,0.011886063664603154,11.886063664603155,46960640.0,69.976806640625,1,1
1775535120,6,12,1,4,paymentservice,0.011151441650858669,5.575720825429334,159571968.0,118.890380859375,2,2
1775535180,6,13,1,4,paymentservice,0.010035432492852051,5.017716246426025,160821248.0,119.8211669921875,2,2
1775535120,6,12,1,4,productcatalogservice,0.309965134569085,103.32171152302831,53764096.0,26.704915364583332,3,3
1775535180,6,13,1,4,productcatalogservice,0.3087121609507268,102.90405365024225,54001664.0,26.822916666666668,3,3
1775535120,6,12,1,4,recommendationservice,0.35709006610394134,71.41801322078827,224321536.0,19.44815340909091,5,5
1775535180,6,13,1,4,recommendationservice,0.3514549869372354,70.29099738744708,223850496.0,19.40731534090909,5,5
1775535120,6,12,1,4,shippingservice,0.025507746465440823,25.50774646544082,20140032.0,30.010986328125,1,1
1775535180,6,13,1,4,shippingservice,0.02574884347315465,25.748843473154647,20070400.0,29.9072265625,1,1
1775535180,6,13,1,4,frontend,0.7253181639663939,120.88636066106564,172748800.0,42.90262858072917,6,6
1775535240,6,14,1,4,frontend,0.7417832961533875,123.6305493588979,174690304.0,43.38480631510417,6,6
1775535180,6,13,1,4,adservice,0.03664757145362496,18.32378572681248,108732416.0,57.60850694444445,1,1
1775535240,6,14,1,4,adservice,0.03784998333647341,18.924991668236704,108785664.0,57.63671875000001,1,1
1775535180,6,13,1,4,cartservice,0.23127050352143078,57.817625880357696,134750208.0,100.396728515625,2,2
1775535240,6,14,1,4,cartservice,0.23256186986037836,58.14046746509458,134549504.0,100.2471923828125,2,2
1775535180,6,13,1,4,checkoutservice,0.03150146380285555,31.50146380285555,22339584.0,33.28857421875,1,1
1775535240,6,14,1,4,checkoutservice,0.02856928779558606,28.569287795586057,22331392.0,33.2763671875,1,1
1775535180,6,13,1,4,currencyservice,0.3247466044841878,81.18665112104695,234840064.0,87.4847412109375,4,4
1775535240,6,14,1,4,currencyservice,0.34245685255739106,85.61421313934775,237309952.0,88.40484619140625,4,4
1775535180,6,13,1,4,emailservice,0.011886063664603154,11.886063664603155,46960640.0,69.976806640625,1,1
1775535240,6,14,1,4,emailservice,0.0097860057802761,9.7860057802761,46960640.0,69.976806640625,1,1
1775535180,6,13,1,4,paymentservice,0.010035432492852051,5.017716246426025,160821248.0,119.8211669921875,2,2
1775535240,6,14,1,4,paymentservice,0.008817755284138173,4.408877642069086,161816576.0,120.562744140625,2,2
1775535180,6,13,1,4,productcatalogservice,0.3087121609507268,102.90405365024225,54001664.0,26.822916666666668,3,3
1775535240,6,14,1,4,productcatalogservice,0.3127024213437806,104.23414044792685,53104640.0,26.377360026041668,3,3
1775535180,6,13,1,4,recommendationservice,0.3514549869372354,70.29099738744708,223850496.0,19.40731534090909,5,5
1775535240,6,14,1,4,recommendationservice,0.3515650912594531,70.31301825189063,223801344.0,19.403053977272727,5,5
1775535180,6,13,1,4,shippingservice,0.02574884347315465,25.748843473154647,20070400.0,29.9072265625,1,1
1775535240,6,14,1,4,shippingservice,0.02331210109424524,23.31210109424524,20283392.0,30.224609375,1,1
1775535240,6,14,1,4,frontend,0.7417832961533875,123.6305493588979,174690304.0,43.38480631510417,6,6
1775535300,6,15,1,4,frontend,0.7425175542880033,123.75292571466719,174116864.0,43.24239095052083,6,6
1775535240,6,14,1,4,adservice,0.03784998333647341,18.924991668236704,108785664.0,57.63671875000001,1,1
1775535300,6,15,1,4,adservice,0.03842204882866029,19.21102441433014,109043712.0,57.7734375,1,1
1775535240,6,14,1,4,cartservice,0.23256186986037836,38.76031164339639,134549504.0,66.83146158854166,3,2
1775535300,6,15,1,4,cartservice,0.2427635179399833,40.460586323330546,134524928.0,66.81925455729166,3,2
1775535240,6,14,1,4,checkoutservice,0.02856928779558606,28.569287795586057,22331392.0,33.2763671875,1,1
1775535300,6,15,1,4,checkoutservice,0.029285305110900203,29.2853051109002,22302720.0,33.233642578125,1,1
1775535240,6,14,1,4,currencyservice,0.34245685255739106,85.61421313934775,237309952.0,88.40484619140625,4,4
1775535300,6,15,1,4,currencyservice,0.3521993774742935,88.04984436857336,237469696.0,88.46435546875,4,4
1775535240,6,14,1,4,emailservice,0.0097860057802761,9.7860057802761,46960640.0,69.976806640625,1,1
1775535300,6,15,1,4,emailservice,0.01053375863449518,10.533758634495179,46960640.0,69.976806640625,1,1
1775535240,6,14,1,4,paymentservice,0.008817755284138173,4.408877642069086,161816576.0,120.562744140625,2,2
1775535300,6,15,1,4,paymentservice,0.008234994660590475,4.117497330295238,162238464.0,120.8770751953125,2,2
1775535240,6,14,1,4,productcatalogservice,0.3127024213437806,104.23414044792685,53104640.0,26.377360026041668,3,3
1775535300,6,15,1,4,productcatalogservice,0.3127503195859756,104.25010652865852,53555200.0,26.601155598958332,3,3
1775535240,6,14,1,4,recommendationservice,0.3515650912594531,70.31301825189063,223801344.0,19.403053977272727,5,5
1775535300,6,15,1,4,recommendationservice,0.3589025799545783,71.78051599091566,224112640.0,19.430042613636363,5,5
1775535240,6,14,1,4,shippingservice,0.02331210109424524,23.31210109424524,20283392.0,30.224609375,1,1
1775535300,6,15,1,4,shippingservice,0.025145297835664833,25.14529783566483,20455424.0,30.48095703125,1,1
1775535300,6,15,1,4,frontend,0.7425175542880033,123.75292571466719,174116864.0,43.24239095052083,6,6
1775535360,6,16,1,4,frontend,0.7220903742671563,120.3483957111927,174510080.0,43.34004720052083,6,6
1775535300,6,15,1,4,adservice,0.03842204882866029,19.21102441433014,109043712.0,57.7734375,1,1
1775535360,6,16,1,4,adservice,0.03702036461192971,18.510182305964854,108728320.0,57.60633680555556,1,1
1775535300,6,15,1,4,cartservice,0.2427635179399833,40.460586323330546,134524928.0,66.81925455729166,3,3
1775535360,6,16,1,4,cartservice,0.2596643883453867,43.27739805756444,158752768.0,78.85335286458334,3,3
1775535300,6,15,1,4,checkoutservice,0.029285305110900203,29.2853051109002,22302720.0,33.233642578125,1,1
1775535360,6,16,1,4,checkoutservice,0.027902026631611,27.902026631610997,22278144.0,33.197021484375,1,1
1775535300,6,15,1,4,currencyservice,0.3521993774742935,88.04984436857336,237469696.0,88.46435546875,4,4
1775535360,6,16,1,4,currencyservice,0.3387059651547832,84.67649128869579,238579712.0,88.87786865234375,4,4
1775535300,6,15,1,4,emailservice,0.01053375863449518,10.533758634495179,46960640.0,69.976806640625,1,1
1775535360,6,16,1,4,emailservice,0.010189320513376928,10.189320513376927,46964736.0,69.98291015625,1,1
1775535300,6,15,1,4,paymentservice,0.008234994660590475,4.117497330295238,162238464.0,120.8770751953125,2,2
1775535360,6,16,1,4,paymentservice,0.007110477269245697,3.555238634622848,163282944.0,121.6552734375,2,2
1775535300,6,15,1,4,productcatalogservice,0.3127503195859756,104.25010652865852,53555200.0,26.601155598958332,3,3
1775535360,6,16,1,4,productcatalogservice,0.30371370019433874,101.23790006477958,53706752.0,26.676432291666668,3,3
1775535300,6,15,1,4,recommendationservice,0.3589025799545783,71.78051599091566,224112640.0,19.430042613636363,5,5
1775535360,6,16,1,4,recommendationservice,0.3482296572258905,69.64593144517809,224051200.0,19.42471590909091,5,5
1775535300,6,15,1,4,shippingservice,0.025145297835664833,25.14529783566483,20455424.0,30.48095703125,1,1
1775535360,6,16,1,4,shippingservice,0.024151526124703428,24.151526124703427,20049920.0,29.876708984375,1,1
1775535360,6,16,1,4,frontend,0.7220903742671563,120.3483957111927,174510080.0,43.34004720052083,6,6
1775535420,6,17,1,4,frontend,0.6823934478436584,113.7322413072764,175357952.0,43.55061848958333,6,6
1775535360,6,16,1,4,adservice,0.03702036461192971,18.510182305964854,108728320.0,57.60633680555556,1,1
1775535420,6,17,1,4,adservice,0.0356551069656398,17.827553482819898,108822528.0,57.65625,1,1
1775535360,6,16,1,4,cartservice,0.2596643883453867,43.27739805756444,158752768.0,78.85335286458334,3,3
1775535420,6,17,1,4,cartservice,0.25469284370546263,42.44880728424377,165412864.0,82.16145833333334,3,3
1775535360,6,16,1,4,checkoutservice,0.027902026631611,27.902026631610997,22278144.0,33.197021484375,1,1
1775535420,6,17,1,4,checkoutservice,0.02656246132757926,26.56246132757926,22474752.0,33.489990234375,1,1
1775535360,6,16,1,4,currencyservice,0.3387059651547832,84.67649128869579,238579712.0,88.87786865234375,4,4
1775535420,6,17,1,4,currencyservice,0.31789886790053057,79.47471697513264,240250880.0,89.50042724609375,4,4
1775535360,6,16,1,4,emailservice,0.010189320513376928,10.189320513376927,46964736.0,69.98291015625,1,1
1775535420,6,17,1,4,emailservice,0.009131339034759572,9.131339034759572,46964736.0,69.98291015625,1,1
1775535360,6,16,1,4,paymentservice,0.007110477269245697,3.555238634622848,163282944.0,121.6552734375,2,2
1775535420,6,17,1,4,paymentservice,0.00760772951146911,3.803864755734555,164442112.0,122.5189208984375,2,2
1775535360,6,16,1,4,productcatalogservice,0.30371370019433874,101.23790006477958,53706752.0,26.676432291666668,3,3
1775535420,6,17,1,4,productcatalogservice,0.2943240943958562,98.10803146528539,53657600.0,26.652018229166668,3,3
1775535360,6,16,1,4,recommendationservice,0.3482296572258905,69.64593144517809,224051200.0,19.42471590909091,5,5
1775535420,6,17,1,4,recommendationservice,0.32897313363079733,65.79462672615946,224325632.0,19.448508522727273,5,5
1775535360,6,16,1,4,shippingservice,0.024151526124703428,24.151526124703427,20049920.0,29.876708984375,1,1
1775535420,6,17,1,4,shippingservice,0.022979766724608174,22.979766724608172,20201472.0,30.1025390625,1,1
1775535420,6,17,1,4,frontend,0.6823934478436584,113.7322413072764,175357952.0,43.55061848958333,6,6
1775535480,6,18,1,4,frontend,0.6981653157172327,116.36088595287211,175251456.0,43.524169921875,6,6
1775535420,6,17,1,4,adservice,0.0356551069656398,17.827553482819898,108822528.0,57.65625,1,1
1775535480,6,18,1,4,adservice,0.03570526283405227,17.852631417026135,108875776.0,57.68446180555556,1,1
1775535420,6,17,1,4,cartservice,0.25469284370546263,42.44880728424377,165412864.0,82.16145833333334,3,3
1775535480,6,18,1,4,cartservice,0.21915253118391134,36.525421863985216,163868672.0,81.39444986979166,3,3
1775535420,6,17,1,4,checkoutservice,0.02656246132757926,26.56246132757926,22474752.0,33.489990234375,1,1
1775535480,6,18,1,4,checkoutservice,0.02877860575575085,28.778605755750846,22347776.0,33.30078125,1,1
1775535420,6,17,1,4,currencyservice,0.31789886790053057,79.47471697513264,240250880.0,89.50042724609375,4,4
1775535480,6,18,1,4,currencyservice,0.32197764258658723,80.49441064664681,243118080.0,90.56854248046875,4,4
1775535420,6,17,1,4,emailservice,0.009131339034759572,9.131339034759572,46964736.0,69.98291015625,1,1
1775535480,6,18,1,4,emailservice,0.010770941301875257,10.770941301875256,46968832.0,69.989013671875,1,1
1775535420,6,17,1,4,paymentservice,0.00760772951146911,3.803864755734555,164442112.0,122.5189208984375,2,2
1775535480,6,18,1,4,paymentservice,0.00784966714483756,3.9248335724187795,165433344.0,123.2574462890625,2,2
1775535420,6,17,1,4,productcatalogservice,0.2943240943958562,98.10803146528539,53657600.0,26.652018229166668,3,3
1775535480,6,18,1,4,productcatalogservice,0.2919202396531552,97.30674655105173,53587968.0,26.617431640625,3,3
1775535420,6,17,1,4,recommendationservice,0.32897313363079733,65.79462672615946,224325632.0,19.448508522727273,5,5
1775535480,6,18,1,4,recommendationservice,0.33055669894566336,66.11133978913267,223834112.0,19.405894886363637,5,5
1775535420,6,17,1,4,shippingservice,0.022979766724608174,22.979766724608172,20201472.0,30.1025390625,1,1
1775535480,6,18,1,4,shippingservice,0.02400416022003782,24.00416022003782,20262912.0,30.194091796875,1,1
1775535480,6,18,1,4,frontend,0.6981653157172327,116.36088595287211,175251456.0,43.524169921875,6,6
1775535540,6,19,1,4,frontend,0.7106366151819239,118.43943586365397,175296512.0,43.53535970052083,6,6
1775535480,6,18,1,4,adservice,0.03570526283405227,17.852631417026135,108875776.0,57.68446180555556,1,1
1775535540,6,19,1,4,adservice,0.03682876370182068,18.41438185091034,108826624.0,57.658420138888886,1,1
1775535480,6,18,1,4,cartservice,0.21915253118391134,36.525421863985216,163868672.0,81.39444986979166,3,3
1775535540,6,19,1,4,cartservice,0.20749937424660844,34.583229041101404,165445632.0,82.177734375,3,3
1775535480,6,18,1,4,checkoutservice,0.02877860575575085,28.778605755750846,22347776.0,33.30078125,1,1
1775535540,6,19,1,4,checkoutservice,0.027285150914724245,27.285150914724245,22458368.0,33.465576171875,1,1
1775535480,6,18,1,4,currencyservice,0.32197764258658723,80.49441064664681,243118080.0,90.56854248046875,4,4
1775535540,6,19,1,4,currencyservice,0.3246236376021538,81.15590940053843,244432896.0,91.058349609375,4,4
1775535480,6,18,1,4,emailservice,0.010770941301875257,10.770941301875256,46968832.0,69.989013671875,1,1
1775535540,6,19,1,4,emailservice,0.010570747705236012,10.57074770523601,46964736.0,69.98291015625,1,1
1775535480,6,18,1,4,paymentservice,0.00784966714483756,3.9248335724187795,165433344.0,123.2574462890625,2,2
1775535540,6,19,1,4,paymentservice,0.006785085402154756,3.392542701077378,166195200.0,123.8250732421875,2,2
1775535480,6,18,1,4,productcatalogservice,0.2919202396531552,97.30674655105173,53587968.0,26.617431640625,3,3
1775535540,6,19,1,4,productcatalogservice,0.2969400208151065,98.98000693836883,53309440.0,26.479085286458332,3,3
1775535480,6,18,1,4,recommendationservice,0.33055669894566336,66.11133978913267,223834112.0,19.405894886363637,5,5
1775535540,6,19,1,4,recommendationservice,0.33823223252448287,67.64644650489657,223793152.0,19.40234375,5,5
1775535480,6,18,1,4,shippingservice,0.02400416022003782,24.00416022003782,20262912.0,30.194091796875,1,1
1775535540,6,19,1,4,shippingservice,0.022132413606792807,22.132413606792806,19992576.0,29.791259765625,1,1
1775535540,6,19,1,4,frontend,0.7106366151819239,118.43943586365397,175296512.0,43.53535970052083,6,6
1775535600,6,20,1,4,frontend,0.6769991765921657,112.83319609869426,175255552.0,43.52518717447917,6,6
1775535540,6,19,1,4,adservice,0.03682876370182068,18.41438185091034,108826624.0,57.658420138888886,1,1
1775535600,6,20,1,4,adservice,0.03564577913472135,17.822889567360672,108777472.0,57.63237847222222,1,1
1775535540,6,19,1,4,cartservice,0.20749937424660844,51.874843561652106,165445632.0,123.2666015625,2,2
1775535600,6,20,1,4,cartservice,0.19757342717643317,49.39335679410829,166993920.0,124.420166015625,2,2
1775535540,6,19,1,4,checkoutservice,0.027285150914724245,27.285150914724245,22458368.0,33.465576171875,1,1
1775535600,6,20,1,4,checkoutservice,0.02759031148541632,27.59031148541632,22298624.0,33.2275390625,1,1
1775535540,6,19,1,4,currencyservice,0.3246236376021538,81.15590940053843,244432896.0,91.058349609375,4,4
1775535600,6,20,1,4,currencyservice,0.3107581563601957,77.68953909004892,245903360.0,91.60614013671875,4,4
1775535540,6,19,1,4,emailservice,0.010570747705236012,10.57074770523601,46964736.0,69.98291015625,1,1
1775535600,6,20,1,4,emailservice,0.010377749143735881,10.37774914373588,46964736.0,69.98291015625,1,1
1775535540,6,19,1,4,paymentservice,0.006785085402154756,3.392542701077378,166195200.0,123.8250732421875,2,2
1775535600,6,20,1,4,paymentservice,0.007162371994534732,3.5811859972673656,167043072.0,124.456787109375,2,2
1775535540,6,19,1,4,productcatalogservice,0.2969400208151065,98.98000693836883,53309440.0,26.479085286458332,3,3
1775535600,6,20,1,4,productcatalogservice,0.2917522406793142,97.25074689310472,53833728.0,26.739501953125,3,3
1775535540,6,19,1,4,recommendationservice,0.33823223252448287,67.64644650489657,223793152.0,19.40234375,5,5
1775535600,6,20,1,4,recommendationservice,0.33559632852539295,67.11926570507859,223911936.0,19.412642045454547,5,5
1775535540,6,19,1,4,shippingservice,0.022132413606792807,22.132413606792806,19992576.0,29.791259765625,1,1
1775535600,6,20,1,4,shippingservice,0.020595009575164403,20.595009575164404,20099072.0,29.949951171875,1,1
1775535600,6,20,1,4,frontend,0.6769991765921657,112.83319609869426,175255552.0,43.52518717447917,6,6
1775535660,6,21,1,4,frontend,0.6741465169426903,112.35775282378171,174845952.0,43.4234619140625,6,6
1775535600,6,20,1,4,adservice,0.03564577913472135,17.822889567360672,108777472.0,57.63237847222222,1,1
1775535660,6,21,1,4,adservice,0.03450735030477199,17.253675152385995,108826624.0,57.658420138888886,1,1
1775535600,6,20,1,4,cartservice,0.19757342717643317,49.39335679410829,166993920.0,124.420166015625,2,2
1775535660,6,21,1,4,cartservice,0.18423613103603903,46.05903275900975,134369280.0,100.1129150390625,2,2
1775535600,6,20,1,4,checkoutservice,0.02759031148541632,27.59031148541632,22298624.0,33.2275390625,1,1
1775535660,6,21,1,4,checkoutservice,0.02802515234256028,28.02515234256028,22515712.0,33.551025390625,1,1
1775535600,6,20,1,4,currencyservice,0.3107581563601957,77.68953909004892,245903360.0,91.60614013671875,4,4
1775535660,6,21,1,4,currencyservice,0.2995223659831464,74.8805914957866,246362112.0,91.77703857421875,4,4
1775535600,6,20,1,4,emailservice,0.010377749143735881,10.37774914373588,46964736.0,69.98291015625,1,1
1775535660,6,21,1,4,emailservice,0.009555613371947312,9.555613371947311,46960640.0,69.976806640625,1,1
1775535600,6,20,1,4,paymentservice,0.007162371994534732,3.5811859972673656,167043072.0,124.456787109375,2,2
1775535660,6,21,1,4,paymentservice,0.006826394293166667,3.4131971465833333,167247872.0,124.609375,2,2
1775535600,6,20,1,4,productcatalogservice,0.2917522406793142,97.25074689310472,53833728.0,26.739501953125,3,3
1775535660,6,21,1,4,productcatalogservice,0.2909111803485827,96.97039344952756,53784576.0,26.715087890625,3,3
1775535600,6,20,1,4,recommendationservice,0.33559632852539295,67.11926570507859,223911936.0,19.412642045454547,5,5
1775535660,6,21,1,4,recommendationservice,0.3248173239903045,64.9634647980609,223834112.0,19.405894886363637,5,5
1775535600,6,20,1,4,shippingservice,0.020595009575164403,20.595009575164404,20099072.0,29.949951171875,1,1
1775535660,6,21,1,4,shippingservice,0.022690777319872082,22.690777319872083,20176896.0,30.06591796875,1,1
1775535660,6,21,1,4,frontend,0.6741465169426903,112.35775282378171,174845952.0,43.4234619140625,6,6
1775535720,6,22,1,4,frontend,0.67952152234507,113.25358705751165,175194112.0,43.50992838541667,6,6
1775535660,6,21,1,4,adservice,0.03450735030477199,17.253675152385995,108826624.0,57.658420138888886,1,1
1775535720,6,22,1,4,adservice,0.035096546877749206,17.548273438874602,108728320.0,57.60633680555556,1,1
1775535660,6,21,1,4,cartservice,0.18423613103603903,46.05903275900975,134369280.0,100.1129150390625,2,2
1775535720,6,22,1,4,cartservice,0.18779449273215926,46.948623183039814,134381568.0,100.1220703125,2,2
1775535660,6,21,1,4,checkoutservice,0.02802515234256028,28.02515234256028,22515712.0,33.551025390625,1,1
1775535720,6,22,1,4,checkoutservice,0.025403576211256995,25.403576211256997,22609920.0,33.69140625,1,1
1775535660,6,21,1,4,currencyservice,0.2995223659831464,74.8805914957866,246362112.0,91.77703857421875,4,4
1775535720,6,22,1,4,currencyservice,0.31285764407326166,78.21441101831542,247459840.0,92.18597412109375,4,4
1775535660,6,21,1,4,emailservice,0.009555613371947312,9.555613371947311,46960640.0,69.976806640625,1,1
1775535720,6,22,1,4,emailservice,0.009971211515392793,9.971211515392794,46964736.0,69.98291015625,1,1
1775535660,6,21,1,4,paymentservice,0.006826394293166667,3.4131971465833333,167247872.0,124.609375,2,2
1775535720,6,22,1,4,paymentservice,0.005990049859290262,2.995024929645131,168017920.0,125.18310546875,2,2
1775535660,6,21,1,4,productcatalogservice,0.2909111803485827,96.97039344952756,53784576.0,26.715087890625,3,3
1775535720,6,22,1,4,productcatalogservice,0.29348218389322356,97.8273946310745,53469184.0,26.558430989583332,3,3
1775535660,6,21,1,4,recommendationservice,0.3248173239903045,64.9634647980609,223834112.0,19.405894886363637,5,5
1775535720,6,22,1,4,recommendationservice,0.3228762784919141,64.57525569838282,223805440.0,19.40340909090909,5,5
1775535660,6,21,1,4,shippingservice,0.022690777319872082,22.690777319872083,20176896.0,30.06591796875,1,1
1775535720,6,22,1,4,shippingservice,0.02280684402211554,22.806844022115538,20013056.0,29.82177734375,1,1
1775535720,6,22,1,4,frontend,0.67952152234507,113.25358705751165,175194112.0,43.50992838541667,6,6
1775535780,6,23,1,4,frontend,0.6847395563926156,114.12325939876926,176795648.0,43.90767415364583,6,6
1775535720,6,22,1,4,adservice,0.035096546877749206,17.548273438874602,108728320.0,57.60633680555556,1,1
1775535780,6,23,1,4,adservice,0.03638498870222318,18.19249435111159,108777472.0,57.63237847222222,1,1
1775535720,6,22,1,4,cartservice,0.18779449273215926,46.948623183039814,134381568.0,100.1220703125,2,2
1775535780,6,23,1,4,cartservice,0.21791461233952542,54.478653084881344,134422528.0,100.152587890625,2,2
1775535720,6,22,1,4,checkoutservice,0.025403576211256995,25.403576211256997,22609920.0,33.69140625,1,1
1775535780,6,23,1,4,checkoutservice,0.02609158428261826,26.091584282618257,22454272.0,33.45947265625,1,1
1775535720,6,22,1,4,currencyservice,0.31285764407326166,78.21441101831542,247459840.0,92.18597412109375,4,4
1775535780,6,23,1,4,currencyservice,0.31450164085414056,78.62541021353515,248836096.0,92.69866943359375,4,4
1775535720,6,22,1,4,emailservice,0.009971211515392793,9.971211515392794,46964736.0,69.98291015625,1,1
1775535780,6,23,1,4,emailservice,0.010021973177631897,10.021973177631896,46964736.0,69.98291015625,1,1
1775535720,6,22,1,4,paymentservice,0.005990049859290262,2.995024929645131,168017920.0,125.18310546875,2,2
1775535780,6,23,1,4,paymentservice,0.005999919086355443,2.9999595431777215,168239104.0,125.347900390625,2,2
1775535720,6,22,1,4,productcatalogservice,0.29348218389322356,97.8273946310745,53469184.0,26.558430989583332,3,3
1775535780,6,23,1,4,productcatalogservice,0.2929788501712059,97.65961672373528,53833728.0,26.739501953125,3,3
1775535720,6,22,1,4,recommendationservice,0.3228762784919141,64.57525569838282,223805440.0,19.40340909090909,5,5
1775535780,6,23,1,4,recommendationservice,0.335999038056244,67.1998076112488,223780864.0,19.401278409090907,5,5
1775535720,6,22,1,4,shippingservice,0.02280684402211554,22.806844022115538,20013056.0,29.82177734375,1,1
1775535780,6,23,1,4,shippingservice,0.022293244413652796,22.293244413652797,19804160.0,29.510498046875,1,1
1775535780,6,23,1,4,frontend,0.6847395563926156,114.12325939876926,176795648.0,43.90767415364583,6,6
1775535840,6,24,1,4,frontend,0.6520672422574287,108.67787370957144,175357952.0,43.55061848958333,6,6
1775535780,6,23,1,4,adservice,0.03638498870222318,18.19249435111159,108777472.0,57.63237847222222,1,1
1775535840,6,24,1,4,adservice,0.0350201234767872,17.5100617383936,108773376.0,57.630208333333336,1,1
1775535780,6,23,1,4,cartservice,0.21791461233952542,54.478653084881344,134422528.0,100.152587890625,2,2
1775535840,6,24,1,4,cartservice,0.18997547125056455,47.493867812641135,134356992.0,100.103759765625,2,2
1775535780,6,23,1,4,checkoutservice,0.02609158428261826,26.091584282618257,22454272.0,33.45947265625,1,1
1775535840,6,24,1,4,checkoutservice,0.027120040215122362,27.12004021512236,22667264.0,33.77685546875,1,1
1775535780,6,23,1,4,currencyservice,0.31450164085414056,78.62541021353515,248836096.0,92.69866943359375,4,4
1775535840,6,24,1,4,currencyservice,0.3105435349794207,77.63588374485518,251637760.0,93.74237060546875,4,4
1775535780,6,23,1,4,emailservice,0.010021973177631897,10.021973177631896,46964736.0,69.98291015625,1,1
1775535840,6,24,1,4,emailservice,0.010556419970807931,10.556419970807932,46964736.0,69.98291015625,1,1
1775535780,6,23,1,4,paymentservice,0.005999919086355443,2.9999595431777215,168239104.0,125.347900390625,2,2
1775535840,6,24,1,4,paymentservice,0.006505147443247767,3.2525737216238833,169803776.0,126.513671875,2,2
1775535780,6,23,1,4,productcatalogservice,0.2929788501712059,97.65961672373528,53833728.0,26.739501953125,3,3
1775535840,6,24,1,4,productcatalogservice,0.2920586188892961,97.35287296309868,53137408.0,26.393636067708332,3,3
1775535780,6,23,1,4,recommendationservice,0.335999038056244,67.1998076112488,223780864.0,19.401278409090907,5,5
1775535840,6,24,1,4,recommendationservice,0.31246770753414094,62.49354150682819,224075776.0,19.42684659090909,5,5
1775535780,6,23,1,4,shippingservice,0.022293244413652796,22.293244413652797,19804160.0,29.510498046875,1,1
1775535840,6,24,1,4,shippingservice,0.022497747281890457,22.497747281890458,20373504.0,30.35888671875,1,1
1775535840,6,24,1,4,frontend,0.6520672422574287,108.67787370957144,175357952.0,43.55061848958333,6,6
1775535900,6,25,1,4,frontend,0.673088525580032,112.18142093000532,176418816.0,43.8140869140625,6,6
1775535840,6,24,1,4,adservice,0.0350201234767872,17.5100617383936,108773376.0,57.630208333333336,1,1
1775535900,6,25,1,4,adservice,0.03350582049986412,16.75291024993206,108724224.0,57.604166666666664,1,1
1775535840,6,24,1,4,cartservice,0.18997547125056455,47.493867812641135,134356992.0,100.103759765625,2,2
1775535900,6,25,1,4,cartservice,0.15885517462176563,39.71379365544141,134344704.0,100.0946044921875,2,2
1775535840,6,24,1,4,checkoutservice,0.027120040215122362,27.12004021512236,22667264.0,33.77685546875,1,1
1775535900,6,25,1,4,checkoutservice,0.025766429506732226,25.766429506732223,22466560.0,33.477783203125,1,1
1775535840,6,24,1,4,currencyservice,0.3105435349794207,77.63588374485518,251637760.0,93.74237060546875,4,4
1775535900,6,25,1,4,currencyservice,0.29791126677889057,74.47781669472265,252174336.0,93.9422607421875,4,4
1775535840,6,24,1,4,emailservice,0.010556419970807931,10.556419970807932,46964736.0,69.98291015625,1,1
1775535900,6,25,1,4,emailservice,0.009917437227489135,9.917437227489135,46964736.0,69.98291015625,1,1
1775535840,6,24,1,4,paymentservice,0.006505147443247767,3.2525737216238833,169803776.0,126.513671875,2,2
1775535900,6,25,1,4,paymentservice,0.006367973804577555,3.183986902288777,171089920.0,127.471923828125,2,2
1775535840,6,24,1,4,productcatalogservice,0.2920586188892961,97.35287296309868,53137408.0,26.393636067708332,3,3
1775535900,6,25,1,4,productcatalogservice,0.2896804965987079,96.56016553290263,53702656.0,26.674397786458332,3,3
1775535840,6,24,1,4,recommendationservice,0.31246770753414094,62.49354150682819,224075776.0,19.42684659090909,5,5
1775535900,6,25,1,4,recommendationservice,0.31077571933459786,62.15514386691957,224083968.0,19.427556818181817,5,5
1775535840,6,24,1,4,shippingservice,0.022497747281890457,22.497747281890458,20373504.0,30.35888671875,1,1
1775535900,6,25,1,4,shippingservice,0.02262011379303342,22.62011379303342,20025344.0,29.840087890625,1,1
1775535900,6,25,1,4,frontend,0.673088525580032,112.18142093000532,176418816.0,43.8140869140625,6,6
1775535960,6,26,1,4,frontend,0.6550997731199998,109.18329551999994,176504832.0,43.83544921875,6,6
1775535900,6,25,1,4,adservice,0.03350582049986412,16.75291024993206,108724224.0,57.604166666666664,1,1
1775535960,6,26,1,4,adservice,0.03148988886125354,15.74494443062677,108777472.0,57.63237847222222,1,1
1775535900,6,25,1,4,cartservice,0.15885517462176563,39.71379365544141,134344704.0,100.0946044921875,2,2
1775535960,6,26,1,4,cartservice,0.16631366531347758,41.57841632836939,134643712.0,100.3173828125,2,2
1775535900,6,25,1,4,checkoutservice,0.025766429506732226,25.766429506732223,22466560.0,33.477783203125,1,1
1775535960,6,26,1,4,checkoutservice,0.027039816301055192,27.039816301055193,22306816.0,33.23974609375,1,1
1775535900,6,25,1,4,currencyservice,0.29791126677889057,74.47781669472265,252174336.0,93.9422607421875,4,4
1775535960,6,26,1,4,currencyservice,0.30683503144024854,76.70875786006212,254554112.0,94.82879638671875,4,4
1775535900,6,25,1,4,emailservice,0.009917437227489135,9.917437227489135,46964736.0,69.98291015625,1,1
1775535960,6,26,1,4,emailservice,0.00999975073739451,9.99975073739451,46952448.0,69.964599609375,1,1
1775535900,6,25,1,4,paymentservice,0.006367973804577555,3.183986902288777,171089920.0,127.471923828125,2,2
1775535960,6,26,1,4,paymentservice,0.006193318159195927,3.0966590795979636,170868736.0,127.30712890625,2,2
1775535900,6,25,1,4,productcatalogservice,0.2896804965987079,96.56016553290263,53702656.0,26.674397786458332,3,3
1775535960,6,26,1,4,productcatalogservice,0.29092059134528875,96.97353044842957,54054912.0,26.849365234375,3,3
1775535900,6,25,1,4,recommendationservice,0.31077571933459786,62.15514386691957,224083968.0,19.427556818181817,5,5
1775535960,6,26,1,4,recommendationservice,0.31964053148741856,63.92810629748371,224325632.0,19.448508522727273,5,5
1775535900,6,25,1,4,shippingservice,0.02262011379303342,22.62011379303342,20025344.0,29.840087890625,1,1
1775535960,6,26,1,4,shippingservice,0.021750234430966593,21.750234430966593,20119552.0,29.98046875,1,1
1775535960,6,26,1,4,frontend,0.6550997731199998,109.18329551999994,176504832.0,43.83544921875,6,6
1775536020,6,27,1,4,frontend,0.6748759518909287,112.47932531515477,176734208.0,43.89241536458333,6,6
1775535960,6,26,1,4,adservice,0.03148988886125354,15.74494443062677,108777472.0,57.63237847222222,1,1
1775536020,6,27,1,4,adservice,0.03378576086647633,16.892880433238165,108785664.0,57.63671875000001,1,1
1775535960,6,26,1,4,cartservice,0.16631366531347758,41.57841632836939,134643712.0,100.3173828125,2,2
1775536020,6,27,1,4,cartservice,0.1837069113323548,45.9267278330887,134471680.0,100.189208984375,2,2
1775535960,6,26,1,4,checkoutservice,0.027039816301055192,27.039816301055193,22306816.0,33.23974609375,1,1
1775536020,6,27,1,4,checkoutservice,0.02706497830093506,27.06497830093506,22200320.0,33.0810546875,1,1
1775535960,6,26,1,4,currencyservice,0.30683503144024854,76.70875786006212,254554112.0,94.82879638671875,4,4
1775536020,6,27,1,4,currencyservice,0.30647524383654895,76.61881095913724,255193088.0,95.06683349609375,4,4
1775535960,6,26,1,4,emailservice,0.00999975073739451,9.99975073739451,46952448.0,69.964599609375,1,1
1775536020,6,27,1,4,emailservice,0.010181787595650043,10.181787595650043,46964736.0,69.98291015625,1,1
1775535960,6,26,1,4,paymentservice,0.006193318159195927,3.0966590795979636,170868736.0,127.30712890625,2,2
1775536020,6,27,1,4,paymentservice,0.006039358692331804,3.0196793461659017,171737088.0,127.9541015625,2,2
1775535960,6,26,1,4,productcatalogservice,0.29092059134528875,96.97353044842957,54054912.0,26.849365234375,3,3
1775536020,6,27,1,4,productcatalogservice,0.2790593639449895,93.01978798166314,54075392.0,26.859537760416668,3,3
1775535960,6,26,1,4,recommendationservice,0.31964053148741856,63.92810629748371,224325632.0,19.448508522727273,5,5
1775536020,6,27,1,4,recommendationservice,0.31913613945136704,63.827227890273406,223780864.0,19.401278409090907,5,5
1775535960,6,26,1,4,shippingservice,0.021750234430966593,21.750234430966593,20119552.0,29.98046875,1,1
1775536020,6,27,1,4,shippingservice,0.0235638945998557,23.5638945998557,20025344.0,29.840087890625,1,1
1775536020,6,27,1,4,frontend,0.6748759518909287,112.47932531515477,176734208.0,43.89241536458333,6,6
1775536080,6,28,1,4,frontend,0.6650657314327526,110.84428857212542,177324032.0,44.03889973958333,6,6
1775536020,6,27,1,4,adservice,0.03378576086647633,16.892880433238165,108785664.0,57.63671875000001,1,1
1775536080,6,28,1,4,adservice,0.032979030813234764,16.48951540661738,108785664.0,57.63671875000001,1,1
1775536020,6,27,1,4,cartservice,0.1837069113323548,45.9267278330887,134471680.0,100.189208984375,2,2
1775536080,6,28,1,4,cartservice,0.1850898272765392,46.272456819134796,134336512.0,100.0885009765625,2,2
1775536020,6,27,1,4,checkoutservice,0.02706497830093506,27.06497830093506,22200320.0,33.0810546875,1,1
1775536080,6,28,1,4,checkoutservice,0.02349712090369971,23.49712090369971,22265856.0,33.1787109375,1,1
1775536020,6,27,1,4,currencyservice,0.30647524383654895,76.61881095913724,255193088.0,95.06683349609375,4,4
1775536080,6,28,1,4,currencyservice,0.3047041535481552,76.1760383870388,257925120.0,96.0845947265625,4,4
1775536020,6,27,1,4,emailservice,0.010181787595650043,10.181787595650043,46964736.0,69.98291015625,1,1
1775536080,6,28,1,4,emailservice,0.009639769005884351,9.63976900588435,46964736.0,69.98291015625,1,1
1775536020,6,27,1,4,paymentservice,0.006039358692331804,3.0196793461659017,171737088.0,127.9541015625,2,2
1775536080,6,28,1,4,paymentservice,0.005364115837895196,2.682057918947598,171999232.0,128.1494140625,2,2
1775536020,6,27,1,4,productcatalogservice,0.2790593639449895,93.01978798166314,54075392.0,26.859537760416668,3,3
1775536080,6,28,1,4,productcatalogservice,0.2890181351394741,96.3393783798247,54022144.0,26.833089192708332,3,3
1775536020,6,27,1,4,recommendationservice,0.31913613945136704,63.827227890273406,223780864.0,19.401278409090907,5,5
1775536080,6,28,1,4,recommendationservice,0.31085753276955136,62.17150655391027,224059392.0,19.425426136363637,5,5
1775536020,6,27,1,4,shippingservice,0.0235638945998557,23.5638945998557,20025344.0,29.840087890625,1,1
1775536080,6,28,1,4,shippingservice,0.02036436981877996,20.36436981877996,20140032.0,30.010986328125,1,1
1775536080,6,28,1,4,frontend,0.6650657314327526,110.84428857212542,177324032.0,44.03889973958333,6,6
1775536140,6,29,1,4,frontend,0.6597288578826614,109.95480964711022,176521216.0,43.83951822916667,6,6
1775536080,6,28,1,4,adservice,0.032979030813234764,16.48951540661738,108785664.0,57.63671875000001,1,1
1775536140,6,29,1,4,adservice,0.03217803967116466,16.089019835582327,108781568.0,57.634548611111114,1,1
1775536080,6,28,1,4,cartservice,0.1850898272765392,46.272456819134796,134336512.0,100.0885009765625,2,2
1775536140,6,29,1,4,cartservice,0.16473988168911327,41.18497042227832,134590464.0,100.2777099609375,2,2
1775536080,6,28,1,4,checkoutservice,0.02349712090369971,23.49712090369971,22265856.0,33.1787109375,1,1
1775536140,6,29,1,4,checkoutservice,0.027160007389419677,27.160007389419675,22073344.0,32.891845703125,1,1
1775536080,6,28,1,4,currencyservice,0.3047041535481552,76.1760383870388,257925120.0,96.0845947265625,4,4
1775536140,6,29,1,4,currencyservice,0.27644767822087685,69.1119195552192,257781760.0,96.03118896484375,4,4
1775536080,6,28,1,4,emailservice,0.009639769005884351,9.63976900588435,46964736.0,69.98291015625,1,1
1775536140,6,29,1,4,emailservice,0.009970590970821194,9.970590970821194,46960640.0,69.976806640625,1,1
1775536080,6,28,1,4,paymentservice,0.005364115837895196,2.682057918947598,171999232.0,128.1494140625,2,2
1775536140,6,29,1,4,paymentservice,0.006137671795620014,3.0688358978100068,173715456.0,129.4281005859375,2,2
1775536080,6,28,1,4,productcatalogservice,0.2890181351394741,96.3393783798247,54022144.0,26.833089192708332,3,3
1775536140,6,29,1,4,productcatalogservice,0.2740233807475135,91.3411269158378,53223424.0,26.436360677083332,3,3
1775536080,6,28,1,4,recommendationservice,0.31085753276955136,62.17150655391027,224059392.0,19.425426136363637,5,5
1775536140,6,29,1,4,recommendationservice,0.30613161512273407,61.226323024546815,223809536.0,19.403764204545453,5,5
1775536080,6,28,1,4,shippingservice,0.02036436981877996,20.36436981877996,20140032.0,30.010986328125,1,1
1775536140,6,29,1,4,shippingservice,0.022379353481357066,22.379353481357064,20254720.0,30.181884765625,1,1
1775536140,6,29,1,4,frontend,0.6597288578826614,109.95480964711022,176521216.0,43.83951822916667,6,6
1775536200,6,30,1,4,frontend,0.6383037905615676,106.38396509359458,176185344.0,43.756103515625,6,6
1775536140,6,29,1,4,adservice,0.03217803967116466,16.089019835582327,108781568.0,57.634548611111114,1,1
1775536200,6,30,1,4,adservice,0.031063680310625806,15.531840155312901,108781568.0,57.634548611111114,1,1
1775536140,6,29,1,4,cartservice,0.16473988168911327,41.18497042227832,134590464.0,100.2777099609375,2,2
1775536200,6,30,1,4,cartservice,0.1615043321901742,40.376083047543545,134414336.0,100.146484375,2,2
1775536140,6,29,1,4,checkoutservice,0.027160007389419677,27.160007389419675,22073344.0,32.891845703125,1,1
1775536200,6,30,1,4,checkoutservice,0.02803207955200141,28.03207955200141,22433792.0,33.428955078125,1,1
1775536140,6,29,1,4,currencyservice,0.27644767822087685,69.1119195552192,257781760.0,96.03118896484375,4,4
1775536200,6,30,1,4,currencyservice,0.2874274362192485,71.85685905481212,259039232.0,96.4996337890625,4,4
1775536140,6,29,1,4,emailservice,0.009970590970821194,9.970590970821194,46960640.0,69.976806640625,1,1
1775536200,6,30,1,4,emailservice,0.010450787085563469,10.45078708556347,46964736.0,69.98291015625,1,1
1775536140,6,29,1,4,paymentservice,0.006137671795620014,3.0688358978100068,173715456.0,129.4281005859375,2,2
1775536200,6,30,1,4,paymentservice,0.006024290856275166,3.0121454281375826,173817856.0,129.50439453125,2,2
1775536140,6,29,1,4,productcatalogservice,0.2740233807475135,91.3411269158378,53223424.0,26.436360677083332,3,3
1775536200,6,30,1,4,productcatalogservice,0.2776634909669051,92.55449698896837,53624832.0,26.6357421875,3,3
1775536140,6,29,1,4,recommendationservice,0.30613161512273407,61.226323024546815,223809536.0,19.403764204545453,5,5
1775536200,6,30,1,4,recommendationservice,0.29214991041443655,58.429982082887314,223805440.0,19.40340909090909,5,5
1775536140,6,29,1,4,shippingservice,0.022379353481357066,22.379353481357064,20254720.0,30.181884765625,1,1
1775536200,6,30,1,4,shippingservice,0.021761043258865798,21.761043258865797,20160512.0,30.04150390625,1,1
1775536200,6,30,1,4,frontend,0.6383037905615676,106.38396509359458,176185344.0,43.756103515625,6,6
1775536260,6,31,1,4,frontend,0.6288511356453402,104.80852260755668,175468544.0,43.57808430989583,6,6
1775536200,6,30,1,4,adservice,0.031063680310625806,15.531840155312901,108781568.0,57.634548611111114,1,1
1775536260,6,31,1,4,adservice,0.032839946565378954,16.419973282689476,108781568.0,57.634548611111114,1,1
1775536200,6,30,1,4,cartservice,0.1615043321901742,40.376083047543545,134414336.0,100.146484375,2,2
1775536260,6,31,1,4,cartservice,0.16802054711327763,42.00513677831941,134385664.0,100.1251220703125,2,2
1775536200,6,30,1,4,checkoutservice,0.02803207955200141,28.03207955200141,22433792.0,33.428955078125,1,1
1775536260,6,31,1,4,checkoutservice,0.02145340185152138,21.45340185152138,21356544.0,31.82373046875,1,1
1775536200,6,30,1,4,currencyservice,0.2874274362192485,71.85685905481212,259039232.0,96.4996337890625,4,4
1775536260,6,31,1,4,currencyservice,0.2952818083885479,73.82045209713696,262197248.0,97.67608642578125,4,4
1775536200,6,30,1,4,emailservice,0.010450787085563469,10.45078708556347,46964736.0,69.98291015625,1,1
1775536260,6,31,1,4,emailservice,0.009324533893297526,9.324533893297525,46960640.0,69.976806640625,1,1
1775536200,6,30,1,4,paymentservice,0.006024290856275166,3.0121454281375826,173817856.0,129.50439453125,2,2
1775536260,6,31,1,4,paymentservice,0.005131936840498307,2.5659684202491535,175140864.0,130.4901123046875,2,2
1775536200,6,30,1,4,productcatalogservice,0.2776634909669051,92.55449698896837,53624832.0,26.6357421875,3,3
1775536260,6,31,1,4,productcatalogservice,0.2750576521527394,91.68588405091313,52670464.0,26.161702473958332,3,3
1775536200,6,30,1,4,recommendationservice,0.29214991041443655,58.429982082887314,223805440.0,19.40340909090909,5,5
1775536260,6,31,1,4,recommendationservice,0.29580254326327826,59.16050865265565,223793152.0,19.40234375,5,5
1775536200,6,30,1,4,shippingservice,0.021761043258865798,21.761043258865797,20160512.0,30.04150390625,1,1
1775536260,6,31,1,4,shippingservice,0.02052287942577377,20.52287942577377,19931136.0,29.69970703125,1,1
1775536260,6,31,1,4,frontend,0.6288511356453402,104.80852260755668,175468544.0,43.57808430989583,6,6
1775536320,6,32,1,4,frontend,0.6493831765364878,108.23052942274796,175673344.0,43.62894694010417,6,6
1775536260,6,31,1,4,adservice,0.032839946565378954,16.419973282689476,108781568.0,57.634548611111114,1,1
1775536320,6,32,1,4,adservice,0.033128407979689384,16.564203989844692,108773376.0,57.630208333333336,1,1
1775536260,6,31,1,4,cartservice,0.16802054711327763,42.00513677831941,134385664.0,100.1251220703125,2,2
1775536320,6,32,1,4,cartservice,0.1756643160020716,43.9160790005179,134422528.0,100.152587890625,2,2
1775536260,6,31,1,4,checkoutservice,0.02145340185152138,21.45340185152138,21356544.0,31.82373046875,1,1
1775536320,6,32,1,4,checkoutservice,0.02661382296594697,26.61382296594697,21475328.0,32.000732421875,1,1
1775536260,6,31,1,4,currencyservice,0.2952818083885479,73.82045209713696,262197248.0,97.67608642578125,4,4
1775536320,6,32,1,4,currencyservice,0.30065036719173027,75.16259179793256,261562368.0,97.4395751953125,4,4
1775536260,6,31,1,4,emailservice,0.009324533893297526,9.324533893297525,46960640.0,69.976806640625,1,1
1775536320,6,32,1,4,emailservice,0.010104537717801359,10.104537717801358,46960640.0,69.976806640625,1,1
1775536260,6,31,1,4,paymentservice,0.005131936840498307,2.5659684202491535,175140864.0,130.4901123046875,2,2
1775536320,6,32,1,4,paymentservice,0.0058680735501818035,2.9340367750909015,174858240.0,130.279541015625,2,2
1775536260,6,31,1,4,productcatalogservice,0.2750576521527394,91.68588405091313,52670464.0,26.161702473958332,3,3
1775536320,6,32,1,4,productcatalogservice,0.2743352269936327,91.44507566454423,53174272.0,26.411946614583332,3,3
1775536260,6,31,1,4,recommendationservice,0.29580254326327826,59.16050865265565,223793152.0,19.40234375,5,5
1775536320,6,32,1,4,recommendationservice,0.30594194984145767,61.18838996829153,224079872.0,19.427201704545453,5,5
1775536260,6,31,1,4,shippingservice,0.02052287942577377,20.52287942577377,19931136.0,29.69970703125,1,1
1775536320,6,32,1,4,shippingservice,0.022688036611838713,22.68803661183871,19533824.0,29.107666015625,1,1
1775536320,6,32,1,4,frontend,0.6493831765364878,108.23052942274796,175673344.0,43.62894694010417,6,6
1775536380,6,33,1,4,frontend,0.6283643218325916,104.72738697209859,173985792.0,43.2098388671875,6,6
1775536320,6,32,1,4,adservice,0.033128407979689384,16.564203989844692,108773376.0,57.630208333333336,1,1
1775536380,6,33,1,4,adservice,0.03103917421024033,15.519587105120165,108781568.0,57.634548611111114,1,1
1775536320,6,32,1,4,cartservice,0.1756643160020716,43.9160790005179,134422528.0,100.152587890625,2,2
1775536380,6,33,1,4,cartservice,0.15567543285128937,38.91885821282234,134381568.0,100.1220703125,2,2
1775536320,6,32,1,4,checkoutservice,0.02661382296594697,26.61382296594697,21475328.0,32.000732421875,1,1
1775536380,6,33,1,4,checkoutservice,0.02484143317069918,24.84143317069918,21479424.0,32.0068359375,1,1
1775536320,6,32,1,4,currencyservice,0.30065036719173027,75.16259179793256,261562368.0,97.4395751953125,4,4
1775536380,6,33,1,4,currencyservice,0.28292111941179454,70.73027985294863,264269824.0,98.44818115234375,4,4
1775536320,6,32,1,4,emailservice,0.010104537717801359,10.104537717801358,46960640.0,69.976806640625,1,1
1775536380,6,33,1,4,emailservice,0.009733825707785465,9.733825707785465,46964736.0,69.98291015625,1,1
1775536320,6,32,1,4,paymentservice,0.0058680735501818035,2.9340367750909015,174858240.0,130.279541015625,2,2
1775536380,6,33,1,4,paymentservice,0.0055122517439635645,2.7561258719817823,176455680.0,131.4697265625,2,2
1775536320,6,32,1,4,productcatalogservice,0.2743352269936327,91.44507566454423,53174272.0,26.411946614583332,3,3
1775536380,6,33,1,4,productcatalogservice,0.26277971871943717,87.59323957314571,52891648.0,26.271565755208332,3,3
1775536320,6,32,1,4,recommendationservice,0.30594194984145767,61.18838996829153,224079872.0,19.427201704545453,5,5
1775536380,6,33,1,4,recommendationservice,0.2902655763168766,58.05311526337532,223772672.0,19.40056818181818,5,5
1775536320,6,32,1,4,shippingservice,0.022688036611838713,22.68803661183871,19533824.0,29.107666015625,1,1
1775536380,6,33,1,4,shippingservice,0.021164477218355775,21.164477218355774,19894272.0,29.644775390625,1,1
1775536380,6,33,1,4,frontend,0.6283643218325916,104.72738697209859,173985792.0,43.2098388671875,6,6
1775536440,6,34,1,4,frontend,0.61124791062995,101.8746517716583,174821376.0,43.4173583984375,6,6
1775536380,6,33,1,4,adservice,0.03103917421024033,15.519587105120165,108781568.0,57.634548611111114,1,1
1775536440,6,34,1,4,adservice,0.030442069438766508,15.221034719383253,108740608.0,57.61284722222222,1,1
1775536380,6,33,1,4,cartservice,0.15567543285128937,38.91885821282234,134381568.0,100.1220703125,2,2
1775536440,6,34,1,4,cartservice,0.164914274993493,41.22856874837325,134422528.0,100.152587890625,2,2
1775536380,6,33,1,4,checkoutservice,0.02484143317069918,24.84143317069918,21479424.0,32.0068359375,1,1
1775536440,6,34,1,4,checkoutservice,0.02469227366035447,24.69227366035447,21504000.0,32.04345703125,1,1
1775536380,6,33,1,4,currencyservice,0.28292111941179454,70.73027985294863,264269824.0,98.44818115234375,4,4
1775536440,6,34,1,4,currencyservice,0.28036935391184403,70.09233847796101,266260480.0,99.18975830078125,4,4
1775536380,6,33,1,4,emailservice,0.009733825707785465,9.733825707785465,46964736.0,69.98291015625,1,1
1775536440,6,34,1,4,emailservice,0.00981795941241031,9.81795941241031,46964736.0,69.98291015625,1,1
1775536380,6,33,1,4,paymentservice,0.0055122517439635645,2.7561258719817823,176455680.0,131.4697265625,2,2
1775536440,6,34,1,4,paymentservice,0.005664489974249655,2.8322449871248274,176324608.0,131.3720703125,2,2
1775536380,6,33,1,4,productcatalogservice,0.26277971871943717,87.59323957314571,52891648.0,26.271565755208332,3,3
1775536440,6,34,1,4,productcatalogservice,0.26824183721597333,89.41394573865776,53133312.0,26.3916015625,3,3
1775536380,6,33,1,4,recommendationservice,0.2902655763168766,58.05311526337532,223772672.0,19.40056818181818,5,5
1775536440,6,34,1,4,recommendationservice,0.2815679315202198,56.31358630404396,224034816.0,19.423295454545457,5,5
1775536380,6,33,1,4,shippingservice,0.021164477218355775,21.164477218355774,19894272.0,29.644775390625,1,1
1775536440,6,34,1,4,shippingservice,0.021042175259619756,21.042175259619754,20041728.0,29.864501953125,1,1
1775536440,6,34,1,4,frontend,0.61124791062995,101.8746517716583,174821376.0,43.4173583984375,6,6
1775536500,6,35,1,4,frontend,0.6303919538772558,105.06532564620927,175738880.0,43.64522298177083,6,6
1775536440,6,34,1,4,adservice,0.030442069438766508,15.221034719383253,108740608.0,57.61284722222222,1,1
1775536500,6,35,1,4,adservice,0.030952594949682246,15.476297474841122,108728320.0,57.60633680555556,1,1
1775536440,6,34,1,4,cartservice,0.164914274993493,41.22856874837325,134422528.0,100.152587890625,2,2
1775536500,6,35,1,4,cartservice,0.2101848883811408,52.5462220952852,134520832.0,100.225830078125,2,2
1775536440,6,34,1,4,checkoutservice,0.02469227366035447,24.69227366035447,21504000.0,32.04345703125,1,1
1775536500,6,35,1,4,checkoutservice,0.02472552568331642,24.72552568331642,22073344.0,32.891845703125,1,1
1775536440,6,34,1,4,currencyservice,0.28036935391184403,70.09233847796101,266260480.0,99.18975830078125,4,4
1775536500,6,35,1,4,currencyservice,0.2854935042061262,71.37337605153155,266571776.0,99.30572509765625,4,4
1775536440,6,34,1,4,emailservice,0.00981795941241031,9.81795941241031,46964736.0,69.98291015625,1,1
1775536500,6,35,1,4,emailservice,0.009676078210561607,9.676078210561608,46960640.0,69.976806640625,1,1
1775536440,6,34,1,4,paymentservice,0.005664489974249655,2.8322449871248274,176324608.0,131.3720703125,2,2
1775536500,6,35,1,4,paymentservice,0.0053649151465999575,2.6824575732999785,177709056.0,132.403564453125,2,2
1775536440,6,34,1,4,productcatalogservice,0.26824183721597333,89.41394573865776,53133312.0,26.3916015625,3,3
1775536500,6,35,1,4,productcatalogservice,0.2602557942206906,86.75193140689686,53248000.0,26.448567708333332,3,3
1775536440,6,34,1,4,recommendationservice,0.2815679315202198,56.31358630404396,224034816.0,19.423295454545457,5,5
1775536500,6,35,1,4,recommendationservice,0.2716730049858617,54.334600997172345,223801344.0,19.403053977272727,5,5
1775536440,6,34,1,4,shippingservice,0.021042175259619756,21.042175259619754,20041728.0,29.864501953125,1,1
1775536500,6,35,1,4,shippingservice,0.020776770212117664,20.77677021211766,19984384.0,29.779052734375,1,1
1775536500,6,35,1,4,frontend,0.6303919538772558,105.06532564620927,175738880.0,43.64522298177083,6,6
1775536560,6,36,1,4,frontend,0.623598286220195,103.93304770336582,175087616.0,43.48347981770833,6,6
1775536500,6,35,1,4,adservice,0.030952594949682246,15.476297474841122,108728320.0,57.60633680555556,1,1
1775536560,6,36,1,4,adservice,0.031030025863838545,15.515012931919273,108728320.0,57.60633680555556,1,1
1775536500,6,35,1,4,cartservice,0.2101848883811408,52.5462220952852,134520832.0,100.225830078125,2,2
1775536560,6,36,1,4,cartservice,0.21367306422964882,53.4182660574122,134463488.0,100.18310546875,2,2
1775536500,6,35,1,4,checkoutservice,0.02472552568331642,24.72552568331642,22073344.0,32.891845703125,1,1
1775536560,6,36,1,4,checkoutservice,0.022881794005469584,22.881794005469583,22007808.0,32.794189453125,1,1
1775536500,6,35,1,4,currencyservice,0.2854935042061262,71.37337605153155,266571776.0,99.30572509765625,4,4
1775536560,6,36,1,4,currencyservice,0.28313735213198693,70.78433803299673,266420224.0,99.249267578125,4,4
1775536500,6,35,1,4,emailservice,0.009676078210561607,9.676078210561608,46960640.0,69.976806640625,1,1
1775536560,6,36,1,4,emailservice,0.00921404377396348,9.214043773963478,46964736.0,69.98291015625,1,1
1775536500,6,35,1,4,paymentservice,0.0053649151465999575,2.6824575732999785,177709056.0,132.403564453125,2,2
1775536560,6,36,1,4,paymentservice,0.007338245671190404,3.6691228355952017,178401280.0,132.9193115234375,2,2
1775536500,6,35,1,4,productcatalogservice,0.2602557942206906,86.75193140689686,53248000.0,26.448567708333332,3,3
1775536560,6,36,1,4,productcatalogservice,0.27151996815260426,90.50665605086807,53178368.0,26.413981119791668,3,3
1775536500,6,35,1,4,recommendationservice,0.2716730049858617,54.334600997172345,223801344.0,19.403053977272727,5,5
1775536560,6,36,1,4,recommendationservice,0.2796409751110653,55.92819502221305,223789056.0,19.401988636363637,5,5
1775536500,6,35,1,4,shippingservice,0.020776770212117664,20.77677021211766,19984384.0,29.779052734375,1,1
1775536560,6,36,1,4,shippingservice,0.019208603059423082,19.208603059423083,19902464.0,29.656982421875,1,1
1775536560,6,36,1,4,frontend,0.623598286220195,103.93304770336582,175087616.0,43.48347981770833,6,6
1775536620,6,37,1,4,frontend,0.6027075659645171,100.45126099408617,175566848.0,43.60249837239583,6,6
1775536560,6,36,1,4,adservice,0.031030025863838545,15.515012931919273,108728320.0,57.60633680555556,1,1
1775536620,6,37,1,4,adservice,0.0298150576615138,14.907528830756899,108785664.0,57.63671875000001,1,1
1775536560,6,36,1,4,cartservice,0.21367306422964882,53.4182660574122,134463488.0,100.18310546875,2,2
1775536620,6,37,1,4,cartservice,0.1867889178282991,46.697229457074776,134385664.0,100.1251220703125,2,2
1775536560,6,36,1,4,checkoutservice,0.022881794005469584,22.881794005469583,22007808.0,32.794189453125,1,1
1775536620,6,37,1,4,checkoutservice,0.02134759089719295,21.34759089719295,22233088.0,33.1298828125,1,1
1775536560,6,36,1,4,currencyservice,0.28313735213198693,70.78433803299673,266420224.0,99.249267578125,4,4
1775536620,6,37,1,4,currencyservice,0.2702806808356759,67.57017020891898,269266944.0,100.30975341796875,4,4
1775536560,6,36,1,4,emailservice,0.00921404377396348,9.214043773963478,46964736.0,69.98291015625,1,1
1775536620,6,37,1,4,emailservice,0.008983936254394965,8.983936254394964,46964736.0,69.98291015625,1,1
1775536560,6,36,1,4,paymentservice,0.007338245671190404,3.6691228355952017,178401280.0,132.9193115234375,2,2
1775536620,6,37,1,4,paymentservice,0.007057915015518862,3.528957507759431,179548160.0,133.7738037109375,2,2
1775536560,6,36,1,4,productcatalogservice,0.27151996815260426,90.50665605086807,53178368.0,26.413981119791668,3,3
1775536620,6,37,1,4,productcatalogservice,0.265626173606223,88.54205786874097,53096448.0,26.373291015625,3,3
1775536560,6,36,1,4,recommendationservice,0.2796409751110653,55.92819502221305,223789056.0,19.401988636363637,5,5
1775536620,6,37,1,4,recommendationservice,0.273875349524264,54.7750699048528,223760384.0,19.39950284090909,5,5
1775536560,6,36,1,4,shippingservice,0.019208603059423082,19.208603059423083,19902464.0,29.656982421875,1,1
1775536620,6,37,1,4,shippingservice,0.019839251474258836,19.839251474258834,20074496.0,29.913330078125,1,1
1775536620,6,37,1,4,frontend,0.6027075659645171,100.45126099408617,175566848.0,43.60249837239583,6,6
1775536680,6,38,1,4,frontend,0.5806922995549646,96.78204992582742,175403008.0,43.56180826822917,6,6
1775536620,6,37,1,4,adservice,0.0298150576615138,14.907528830756899,108785664.0,57.63671875000001,1,1
1775536680,6,38,1,4,adservice,0.028507729174821285,14.253864587410641,108785664.0,57.63671875000001,1,1
1775536620,6,37,1,4,cartservice,0.1867889178282991,46.697229457074776,134385664.0,100.1251220703125,2,2
1775536680,6,38,1,4,cartservice,0.16378490687205363,40.946226718013406,134418432.0,100.1495361328125,2,2
1775536620,6,37,1,4,checkoutservice,0.02134759089719295,21.34759089719295,22233088.0,33.1298828125,1,1
1775536680,6,38,1,4,checkoutservice,0.02254108442083977,22.54108442083977,21917696.0,32.659912109375,1,1
1775536620,6,37,1,4,currencyservice,0.2702806808356759,67.57017020891898,269266944.0,100.30975341796875,4,4
1775536680,6,38,1,4,currencyservice,0.2684764504454477,67.11911261136191,270397440.0,100.73089599609375,4,4
1775536620,6,37,1,4,emailservice,0.008983936254394965,8.983936254394964,46964736.0,69.98291015625,1,1
1775536680,6,38,1,4,emailservice,0.00902898240215413,9.02898240215413,46960640.0,69.976806640625,1,1
1775536620,6,37,1,4,paymentservice,0.007057915015518862,3.528957507759431,179548160.0,133.7738037109375,2,2
1775536680,6,38,1,4,paymentservice,0.005562077860018875,2.7810389300094376,179630080.0,133.8348388671875,2,2
1775536620,6,37,1,4,productcatalogservice,0.265626173606223,88.54205786874097,53096448.0,26.373291015625,3,3
1775536680,6,38,1,4,productcatalogservice,0.25811065569792413,86.03688523264137,52690944.0,26.171875,3,3
1775536620,6,37,1,4,recommendationservice,0.273875349524264,54.7750699048528,223760384.0,19.39950284090909,5,5
1775536680,6,38,1,4,recommendationservice,0.26497970447850255,52.995940895700514,223772672.0,19.40056818181818,5,5
1775536620,6,37,1,4,shippingservice,0.019839251474258836,19.839251474258834,20074496.0,29.913330078125,1,1
1775536680,6,38,1,4,shippingservice,0.019621194476791486,19.621194476791484,20066304.0,29.901123046875,1,1
1775536680,6,38,1,4,frontend,0.5806922995549646,96.78204992582742,175403008.0,43.56180826822917,6,6
1775536740,6,39,1,4,frontend,0.5864472288239699,97.74120480399498,175677440.0,43.62996419270833,6,6
1775536680,6,38,1,4,adservice,0.028507729174821285,14.253864587410641,108785664.0,57.63671875000001,1,1
1775536740,6,39,1,4,adservice,0.02919663911845245,14.598319559226224,108781568.0,57.634548611111114,1,1
1775536680,6,38,1,4,cartservice,0.16378490687205363,40.946226718013406,134418432.0,100.1495361328125,2,2
1775536740,6,39,1,4,cartservice,0.16989826368493166,42.474565921232916,134381568.0,100.1220703125,2,2
1775536680,6,38,1,4,checkoutservice,0.02254108442083977,22.54108442083977,21917696.0,32.659912109375,1,1
1775536740,6,39,1,4,checkoutservice,0.02161401499184854,21.614014991848542,22114304.0,32.952880859375,1,1
1775536680,6,38,1,4,currencyservice,0.2684764504454477,67.11911261136191,270397440.0,100.73089599609375,4,4
1775536740,6,39,1,4,currencyservice,0.27000250108296847,67.5006252707421,273043456.0,101.71661376953125,4,4
1775536680,6,38,1,4,emailservice,0.00902898240215413,9.02898240215413,46960640.0,69.976806640625,1,1
1775536740,6,39,1,4,emailservice,0.008752478038245382,8.752478038245382,46960640.0,69.976806640625,1,1
1775536680,6,38,1,4,paymentservice,0.005562077860018875,2.7810389300094376,179630080.0,133.8348388671875,2,2
1775536740,6,39,1,4,paymentservice,0.005622759155395782,2.811379577697891,180690944.0,134.625244140625,2,2
1775536680,6,38,1,4,productcatalogservice,0.25811065569792413,86.03688523264137,52690944.0,26.171875,3,3
1775536740,6,39,1,4,productcatalogservice,0.25570109337642954,85.23369779214318,53202944.0,26.426188151041668,3,3
1775536680,6,38,1,4,recommendationservice,0.26497970447850255,52.995940895700514,223772672.0,19.40056818181818,5,5
1775536740,6,39,1,4,recommendationservice,0.2613300047615072,52.26600095230144,223805440.0,19.40340909090909,5,5
1775536680,6,38,1,4,shippingservice,0.019621194476791486,19.621194476791484,20066304.0,29.901123046875,1,1
1775536740,6,39,1,4,shippingservice,0.019368459958152003,19.368459958152002,20000768.0,29.803466796875,1,1
1775536740,6,39,1,4,frontend,0.5864472288239699,97.74120480399498,175677440.0,43.62996419270833,6,6
1775536800,6,40,1,4,frontend,0.5899962866198523,98.33271443664204,176238592.0,43.76932779947917,6,6
1775536740,6,39,1,4,adservice,0.02919663911845245,14.598319559226224,108781568.0,57.634548611111114,1,1
1775536800,6,40,1,4,adservice,0.030274211451735106,15.137105725867553,108785664.0,57.63671875000001,1,1
1775536740,6,39,1,4,cartservice,0.16989826368493166,42.474565921232916,134381568.0,100.1220703125,2,2
1775536800,6,40,1,4,cartservice,0.17197703100826814,42.994257752067035,134389760.0,100.128173828125,2,2
1775536740,6,39,1,4,checkoutservice,0.02161401499184854,21.614014991848542,22114304.0,32.952880859375,1,1
1775536800,6,40,1,4,checkoutservice,0.0233849371035322,23.3849371035322,22061056.0,32.87353515625,1,1
1775536740,6,39,1,4,currencyservice,0.27000250108296847,67.5006252707421,273043456.0,101.71661376953125,4,4
1775536800,6,40,1,4,currencyservice,0.2732492372197365,68.31230930493412,272875520.0,101.654052734375,4,4
1775536740,6,39,1,4,emailservice,0.008752478038245382,8.752478038245382,46960640.0,69.976806640625,1,1
1775536800,6,40,1,4,emailservice,0.009290034552057624,9.290034552057625,46960640.0,69.976806640625,1,1
1775536740,6,39,1,4,paymentservice,0.005622759155395782,2.811379577697891,180690944.0,134.625244140625,2,2
1775536800,6,40,1,4,paymentservice,0.0055197793603390674,2.759889680169534,181415936.0,135.1654052734375,2,2
1775536740,6,39,1,4,productcatalogservice,0.25570109337642954,85.23369779214318,53202944.0,26.426188151041668,3,3
1775536800,6,40,1,4,productcatalogservice,0.2683862119766496,89.46207065888318,53465088.0,26.556396484375,3,3
1775536740,6,39,1,4,recommendationservice,0.2613300047615072,52.26600095230144,223805440.0,19.40340909090909,5,5
1775536800,6,40,1,4,recommendationservice,0.27314308634475254,54.62861726895051,223801344.0,19.403053977272727,5,5
1775536740,6,39,1,4,shippingservice,0.019368459958152003,19.368459958152002,20000768.0,29.803466796875,1,1
1775536800,6,40,1,4,shippingservice,0.0203471715637407,20.347171563740698,20066304.0,29.901123046875,1,1
1775536800,6,40,1,4,frontend,0.5899962866198523,98.33271443664204,176238592.0,43.76932779947917,6,6
1775536860,6,41,1,4,frontend,0.5919950534336174,98.66584223893621,175796224.0,43.65946451822917,6,6
1775536800,6,40,1,4,adservice,0.030274211451735106,15.137105725867553,108785664.0,57.63671875000001,1,1
1775536860,6,41,1,4,adservice,0.029205455006439233,14.602727503219615,108740608.0,57.61284722222222,1,1
1775536800,6,40,1,4,cartservice,0.17197703100826814,42.994257752067035,134389760.0,100.128173828125,2,2
1775536860,6,41,1,4,cartservice,0.15736004917226437,39.34001229306609,134967296.0,100.5584716796875,2,2
1775536800,6,40,1,4,checkoutservice,0.0233849371035322,23.3849371035322,22061056.0,32.87353515625,1,1
1775536860,6,41,1,4,checkoutservice,0.022797326932191934,22.797326932191933,21909504.0,32.647705078125,1,1
1775536800,6,40,1,4,currencyservice,0.2732492372197365,68.31230930493412,272875520.0,101.654052734375,4,4
1775536860,6,41,1,4,currencyservice,0.25330712006262623,63.32678001565656,273907712.0,102.03857421875,4,4
1775536800,6,40,1,4,emailservice,0.009290034552057624,9.290034552057625,46960640.0,69.976806640625,1,1
1775536860,6,41,1,4,emailservice,0.009144305640019224,9.144305640019223,46964736.0,69.98291015625,1,1
1775536800,6,40,1,4,paymentservice,0.0055197793603390674,2.759889680169534,181415936.0,135.1654052734375,2,2
1775536860,6,41,1,4,paymentservice,0.005015609147842209,2.507804573921104,182427648.0,135.919189453125,2,2
1775536800,6,40,1,4,productcatalogservice,0.2683862119766496,89.46207065888318,53465088.0,26.556396484375,3,3
1775536860,6,41,1,4,productcatalogservice,0.24905381517004999,83.01793839001665,53112832.0,26.381429036458332,3,3
1775536800,6,40,1,4,recommendationservice,0.27314308634475254,54.62861726895051,223801344.0,19.403053977272727,5,5
1775536860,6,41,1,4,recommendationservice,0.2699602028461285,53.99204056922569,223801344.0,19.403053977272727,5,5
1775536800,6,40,1,4,shippingservice,0.0203471715637407,20.347171563740698,20066304.0,29.901123046875,1,1
1775536860,6,41,1,4,shippingservice,0.019813708966934254,19.813708966934254,20156416.0,30.035400390625,1,1
1775536860,6,41,1,4,frontend,0.5919950534336174,98.66584223893621,175796224.0,43.65946451822917,6,6
1775536920,6,42,1,4,frontend,0.5691993643034232,94.86656071723719,176046080.0,43.72151692708333,6,6
1775536860,6,41,1,4,adservice,0.029205455006439233,14.602727503219615,108740608.0,57.61284722222222,1,1
1775536920,6,42,1,4,adservice,0.028100147593858336,14.050073796929166,108679168.0,57.58029513888889,1,1
1775536860,6,41,1,4,cartservice,0.15736004917226437,39.34001229306609,134967296.0,100.5584716796875,2,2
1775536920,6,42,1,4,cartservice,0.16592053314490246,41.48013328622561,134426624.0,100.1556396484375,2,2
1775536860,6,41,1,4,checkoutservice,0.022797326932191934,22.797326932191933,21909504.0,32.647705078125,1,1
1775536920,6,42,1,4,checkoutservice,0.023175942168675547,23.175942168675544,22024192.0,32.818603515625,1,1
1775536860,6,41,1,4,currencyservice,0.25330712006262623,63.32678001565656,273907712.0,102.03857421875,4,4
1775536920,6,42,1,4,currencyservice,0.2518294083609658,62.95735209024145,276156416.0,102.87628173828125,4,4
1775536860,6,41,1,4,emailservice,0.009144305640019224,9.144305640019223,46964736.0,69.98291015625,1,1
1775536920,6,42,1,4,emailservice,0.009498264347249069,9.49826434724907,46964736.0,69.98291015625,1,1
1775536860,6,41,1,4,paymentservice,0.005015609147842209,2.507804573921104,182427648.0,135.919189453125,2,2
1775536920,6,42,1,4,paymentservice,0.005335678214748639,2.6678391073743195,182820864.0,136.212158203125,2,2
1775536860,6,41,1,4,productcatalogservice,0.24905381517004999,83.01793839001665,53112832.0,26.381429036458332,3,3
1775536920,6,42,1,4,productcatalogservice,0.25277244732461435,84.2574824415381,53334016.0,26.491292317708332,3,3
1775536860,6,41,1,4,recommendationservice,0.2699602028461285,53.99204056922569,223801344.0,19.403053977272727,5,5
1775536920,6,42,1,4,recommendationservice,0.25962977186830793,51.92595437366159,223772672.0,19.40056818181818,5,5
1775536860,6,41,1,4,shippingservice,0.019813708966934254,19.813708966934254,20156416.0,30.035400390625,1,1
1775536920,6,42,1,4,shippingservice,0.019066351356258542,19.06635135625854,20000768.0,29.803466796875,1,1
1775536920,6,42,1,4,frontend,0.5691993643034232,94.86656071723719,176046080.0,43.72151692708333,6,6
1775536980,6,43,1,4,frontend,0.5745645288477659,95.76075480796096,176775168.0,43.902587890625,6,6
1775536920,6,42,1,4,adservice,0.028100147593858336,14.050073796929166,108679168.0,57.58029513888889,1,1
1775536980,6,43,1,4,adservice,0.02868741736654774,14.34370868327387,108781568.0,57.634548611111114,1,1
1775536920,6,42,1,4,cartservice,0.16592053314490246,41.48013328622561,134426624.0,100.1556396484375,2,2
1775536980,6,43,1,4,cartservice,0.17664225599152228,44.16056399788057,134463488.0,100.18310546875,2,2
1775536920,6,42,1,4,checkoutservice,0.023175942168675547,23.175942168675544,22024192.0,32.818603515625,1,1
1775536980,6,43,1,4,checkoutservice,0.024388396653405198,24.3883966534052,21700608.0,32.33642578125,1,1
1775536920,6,42,1,4,currencyservice,0.2518294083609658,62.95735209024145,276156416.0,102.87628173828125,4,4
1775536980,6,43,1,4,currencyservice,0.26699540086456913,66.74885021614227,277692416.0,103.448486328125,4,4
1775536920,6,42,1,4,emailservice,0.009498264347249069,9.49826434724907,46964736.0,69.98291015625,1,1
1775536980,6,43,1,4,emailservice,0.009385414201715578,9.385414201715578,46960640.0,69.976806640625,1,1
1775536920,6,42,1,4,paymentservice,0.005335678214748639,2.6678391073743195,182820864.0,136.212158203125,2,2
1775536980,6,43,1,4,paymentservice,0.005382555227645486,2.6912776138227423,183455744.0,136.6851806640625,2,2
1775536920,6,42,1,4,productcatalogservice,0.25277244732461435,84.2574824415381,53334016.0,26.491292317708332,3,3
1775536980,6,43,1,4,productcatalogservice,0.2538685996081879,84.62286653606263,53379072.0,26.513671875,3,3
1775536920,6,42,1,4,recommendationservice,0.25962977186830793,51.92595437366159,223772672.0,19.40056818181818,5,5
1775536980,6,43,1,4,recommendationservice,0.26103421912459507,52.20684382491901,223768576.0,19.400213068181817,5,5
1775536920,6,42,1,4,shippingservice,0.019066351356258542,19.06635135625854,20000768.0,29.803466796875,1,1
1775536980,6,43,1,4,shippingservice,0.019035169050457882,19.03516905045788,19947520.0,29.72412109375,1,1
1775536980,6,43,1,4,frontend,0.5745645288477659,95.76075480796096,176775168.0,43.902587890625,6,6
1775537040,6,44,1,4,frontend,0.5915077008895409,98.58461681492346,175849472.0,43.67268880208333,6,6
1775536980,6,43,1,4,adservice,0.02868741736654774,14.34370868327387,108781568.0,57.634548611111114,1,1
1775537040,6,44,1,4,adservice,0.02630798890246292,13.15399445123146,108777472.0,57.63237847222222,1,1
1775536980,6,43,1,4,cartservice,0.17664225599152228,44.16056399788057,134463488.0,100.18310546875,2,2
1775537040,6,44,1,4,cartservice,0.16810979082651167,42.02744770662792,134406144.0,100.140380859375,2,2
1775536980,6,43,1,4,checkoutservice,0.024388396653405198,24.3883966534052,21700608.0,32.33642578125,1,1
1775537040,6,44,1,4,checkoutservice,0.02411546568888187,24.11546568888187,22024192.0,32.818603515625,1,1
1775536980,6,43,1,4,currencyservice,0.26699540086456913,66.74885021614227,277692416.0,103.448486328125,4,4
1775537040,6,44,1,4,currencyservice,0.2659891480227709,66.49728700569271,280195072.0,104.38079833984375,4,4
1775536980,6,43,1,4,emailservice,0.009385414201715578,9.385414201715578,46960640.0,69.976806640625,1,1
1775537040,6,44,1,4,emailservice,0.009389143511887903,9.389143511887903,46964736.0,69.98291015625,1,1
1775536980,6,43,1,4,paymentservice,0.005382555227645486,2.6912776138227423,183455744.0,136.6851806640625,2,2
1775537040,6,44,1,4,paymentservice,0.005425283363886832,2.7126416819434156,184152064.0,137.2039794921875,2,2
1775536980,6,43,1,4,productcatalogservice,0.2538685996081879,84.62286653606263,53379072.0,26.513671875,3,3
1775537040,6,44,1,4,productcatalogservice,0.26078028322526187,86.92676107508728,53776384.0,26.711018880208332,3,3
1775536980,6,43,1,4,recommendationservice,0.26103421912459507,52.20684382491901,223768576.0,19.400213068181817,5,5
1775537040,6,44,1,4,recommendationservice,0.271720816752698,54.344163350539596,223776768.0,19.400923295454543,5,5
1775536980,6,43,1,4,shippingservice,0.019035169050457882,19.03516905045788,19947520.0,29.72412109375,1,1
1775537040,6,44,1,4,shippingservice,0.019773413310721445,19.773413310721445,19992576.0,29.791259765625,1,1
1775537040,6,44,1,4,frontend,0.5915077008895409,98.58461681492346,175849472.0,43.67268880208333,6,6
1775537100,6,45,1,4,frontend,0.5683775017013751,94.72958361689584,176373760.0,43.80289713541667,6,6
1775537040,6,44,1,4,adservice,0.02630798890246292,13.15399445123146,108777472.0,57.63237847222222,1,1
1775537100,6,45,1,4,adservice,0.027948822893478945,13.97441144673947,108716032.0,57.599826388888886,1,1
1775537040,6,44,1,4,cartservice,0.16810979082651167,42.02744770662792,134406144.0,100.140380859375,2,2
1775537100,6,45,1,4,cartservice,0.14332152966352135,35.83038241588034,134623232.0,100.3021240234375,2,2
1775537040,6,44,1,4,checkoutservice,0.02411546568888187,24.11546568888187,22024192.0,32.818603515625,1,1
1775537100,6,45,1,4,checkoutservice,0.022165394889370985,22.165394889370983,21950464.0,32.708740234375,1,1
1775537040,6,44,1,4,currencyservice,0.2659891480227709,66.49728700569271,280195072.0,104.38079833984375,4,4
1775537100,6,45,1,4,currencyservice,0.2558267051165587,63.95667627913967,279117824.0,103.9794921875,4,4
1775537040,6,44,1,4,emailservice,0.009389143511887903,9.389143511887903,46964736.0,69.98291015625,1,1
1775537100,6,45,1,4,emailservice,0.00901035574344073,9.01035574344073,46960640.0,69.976806640625,1,1
1775537040,6,44,1,4,paymentservice,0.005425283363886832,2.7126416819434156,184152064.0,137.2039794921875,2,2
1775537100,6,45,1,4,paymentservice,0.005971767640471217,2.9858838202356086,183922688.0,137.0330810546875,2,2
1775537040,6,44,1,4,productcatalogservice,0.26078028322526187,86.92676107508728,53776384.0,26.711018880208332,3,3
1775537100,6,45,1,4,productcatalogservice,0.2410858653376307,80.36195511254355,52781056.0,26.216634114583332,3,3
1775537040,6,44,1,4,recommendationservice,0.271720816752698,54.344163350539596,223776768.0,19.400923295454543,5,5
1775537100,6,45,1,4,recommendationservice,0.2562652398245204,51.25304796490408,223809536.0,19.403764204545453,5,5
1775537040,6,44,1,4,shippingservice,0.019773413310721445,19.773413310721445,19992576.0,29.791259765625,1,1
1775537100,6,45,1,4,shippingservice,0.01864436746569607,18.644367465696067,20090880.0,29.937744140625,1,1
1775537100,6,45,1,4,frontend,0.5683775017013751,94.72958361689584,176373760.0,43.80289713541667,6,6
1775537160,6,46,1,4,frontend,0.5500859622073035,91.68099370121723,175587328.0,43.60758463541667,6,6
1775537100,6,45,1,4,adservice,0.027948822893478945,13.97441144673947,108716032.0,57.599826388888886,1,1
1775537160,6,46,1,4,adservice,0.026611627589057954,13.305813794528977,108761088.0,57.62369791666667,1,1
1775537100,6,45,1,4,cartservice,0.14332152966352135,35.83038241588034,134623232.0,100.3021240234375,2,2
1775537160,6,46,1,4,cartservice,0.14068913256531856,35.17228314132964,134430720.0,100.15869140625,2,2
1775537100,6,45,1,4,checkoutservice,0.022165394889370985,22.165394889370983,21950464.0,32.708740234375,1,1
1775537160,6,46,1,4,checkoutservice,0.021607626956359833,21.607626956359834,21950464.0,32.708740234375,1,1
1775537100,6,45,1,4,currencyservice,0.2558267051165587,63.95667627913967,279117824.0,103.9794921875,4,4
1775537160,6,46,1,4,currencyservice,0.246592995912832,61.648248978207995,281423872.0,104.83856201171875,4,4
1775537100,6,45,1,4,emailservice,0.00901035574344073,9.01035574344073,46960640.0,69.976806640625,1,1
1775537160,6,46,1,4,emailservice,0.008676467960406475,8.676467960406473,46968832.0,69.989013671875,1,1
1775537100,6,45,1,4,paymentservice,0.005971767640471217,2.9858838202356086,183922688.0,137.0330810546875,2,2
1775537160,6,46,1,4,paymentservice,0.005471958518275395,2.7359792591376975,185323520.0,138.0767822265625,2,2
1775537100,6,45,1,4,productcatalogservice,0.2410858653376307,80.36195511254355,52781056.0,26.216634114583332,3,3
1775537160,6,46,1,4,productcatalogservice,0.2431739071019145,81.05796903397149,53362688.0,26.505533854166668,3,3
1775537100,6,45,1,4,recommendationservice,0.2562652398245204,51.25304796490408,223809536.0,19.403764204545453,5,5
1775537160,6,46,1,4,recommendationservice,0.2371767708007624,47.435354160152485,223789056.0,19.401988636363637,5,5
1775537100,6,45,1,4,shippingservice,0.01864436746569607,18.644367465696067,20090880.0,29.937744140625,1,1
1775537160,6,46,1,4,shippingservice,0.018244665160648706,18.244665160648704,19959808.0,29.742431640625,1,1
1775537160,6,46,1,4,frontend,0.5500859622073035,91.68099370121723,175587328.0,43.60758463541667,6,6
1775537220,6,47,1,4,frontend,0.5480565729348691,91.3427621558115,175362048.0,43.5516357421875,6,6
1775537160,6,46,1,4,adservice,0.026611627589057954,13.305813794528977,108761088.0,57.62369791666667,1,1
1775537220,6,47,1,4,adservice,0.02702572821134986,13.512864105674929,108756992.0,57.62152777777778,1,1
1775537160,6,46,1,4,cartservice,0.14068913256531856,35.17228314132964,134430720.0,100.15869140625,2,2
1775537220,6,47,1,4,cartservice,0.1527040165449365,38.17600413623413,134373376.0,100.115966796875,2,2
1775537160,6,46,1,4,checkoutservice,0.021607626956359833,21.607626956359834,21950464.0,32.708740234375,1,1
1775537220,6,47,1,4,checkoutservice,0.023434281534770608,23.434281534770605,22077440.0,32.89794921875,1,1
1775537160,6,46,1,4,currencyservice,0.246592995912832,61.648248978207995,281423872.0,104.83856201171875,4,4
1775537220,6,47,1,4,currencyservice,0.2516131171537065,62.90327928842662,283336704.0,105.5511474609375,4,4
1775537160,6,46,1,4,emailservice,0.008676467960406475,8.676467960406473,46968832.0,69.989013671875,1,1
1775537220,6,47,1,4,emailservice,0.009179297445903976,9.179297445903977,46964736.0,69.98291015625,1,1
1775537160,6,46,1,4,paymentservice,0.005471958518275395,2.7359792591376975,185323520.0,138.0767822265625,2,2
1775537220,6,47,1,4,paymentservice,0.005140129319544237,2.570064659772118,186068992.0,138.6322021484375,2,2
1775537160,6,46,1,4,productcatalogservice,0.2431739071019145,81.05796903397149,53362688.0,26.505533854166668,3,3
1775537220,6,47,1,4,productcatalogservice,0.24951792435683856,83.1726414522795,53583872.0,26.615397135416668,3,3
1775537160,6,46,1,4,recommendationservice,0.2371767708007624,47.435354160152485,223789056.0,19.401988636363637,5,5
1775537220,6,47,1,4,recommendationservice,0.2443538758601395,48.870775172027905,223780864.0,19.401278409090907,5,5
1775537160,6,46,1,4,shippingservice,0.018244665160648706,18.244665160648704,19959808.0,29.742431640625,1,1
1775537220,6,47,1,4,shippingservice,0.017295848275356775,17.295848275356775,20054016.0,29.8828125,1,1
1775537220,6,47,1,4,frontend,0.5480565729348691,91.3427621558115,175362048.0,43.5516357421875,6,6
1775537280,6,48,1,4,frontend,0.5508176096642439,91.80293494404063,172556288.0,42.85481770833333,6,6
1775537220,6,47,1,4,adservice,0.02702572821134986,13.512864105674929,108756992.0,57.62152777777778,1,1
1775537280,6,48,1,4,adservice,0.02680161863773191,13.400809318865955,108765184.0,57.62586805555555,1,1
1775537220,6,47,1,4,cartservice,0.1527040165449365,38.17600413623413,134373376.0,100.115966796875,2,2
1775537280,6,48,1,4,cartservice,0.1459836143484759,36.495903587118974,134361088.0,100.1068115234375,2,2
1775537220,6,47,1,4,checkoutservice,0.023434281534770608,23.434281534770605,22077440.0,32.89794921875,1,1
1775537280,6,48,1,4,checkoutservice,0.023654501019065098,23.654501019065098,22249472.0,33.154296875,1,1
1775537220,6,47,1,4,currencyservice,0.2516131171537065,62.90327928842662,283336704.0,105.5511474609375,4,4
1775537280,6,48,1,4,currencyservice,0.2393372737673568,59.834318441839194,285749248.0,106.44989013671875,4,4
1775537220,6,47,1,4,emailservice,0.009179297445903976,9.179297445903977,46964736.0,69.98291015625,1,1
1775537280,6,48,1,4,emailservice,0.009291687909231539,9.291687909231538,46960640.0,69.976806640625,1,1
1775537220,6,47,1,4,paymentservice,0.005140129319544237,2.570064659772118,186068992.0,138.6322021484375,2,2
1775537280,6,48,1,4,paymentservice,0.0051574802203599324,2.578740110179966,187027456.0,139.3463134765625,2,2
1775537220,6,47,1,4,productcatalogservice,0.24951792435683856,83.1726414522795,53583872.0,26.615397135416668,3,3
1775537280,6,48,1,4,productcatalogservice,0.24959632326634493,83.19877442211497,53366784.0,26.507568359375,3,3
1775537220,6,47,1,4,recommendationservice,0.2443538758601395,48.870775172027905,223780864.0,19.401278409090907,5,5
1775537280,6,48,1,4,recommendationservice,0.24456604790725767,48.91320958145153,223776768.0,19.400923295454543,5,5
1775537220,6,47,1,4,shippingservice,0.017295848275356775,17.295848275356775,20054016.0,29.8828125,1,1
1775537280,6,48,1,4,shippingservice,0.019618533827744596,19.618533827744596,19836928.0,29.559326171875,1,1
1775537280,6,48,1,4,frontend,0.5508176096642439,91.80293494404063,172556288.0,42.85481770833333,6,6
1775537340,6,49,1,4,frontend,0.5376272937860989,89.60454896434979,173752320.0,43.15185546875,6,6
1775537280,6,48,1,4,adservice,0.02680161863773191,13.400809318865955,108765184.0,57.62586805555555,1,1
1775537340,6,49,1,4,adservice,0.025817311930107743,12.90865596505387,108761088.0,57.62369791666667,1,1
1775537280,6,48,1,4,cartservice,0.1459836143484759,36.495903587118974,134361088.0,100.1068115234375,2,2
1775537340,6,49,1,4,cartservice,0.13473474972052668,33.68368743013167,134320128.0,100.0762939453125,2,2
1775537280,6,48,1,4,checkoutservice,0.023654501019065098,23.654501019065098,22249472.0,33.154296875,1,1
1775537340,6,49,1,4,checkoutservice,0.019768723388762635,19.768723388762634,21954560.0,32.71484375,1,1
1775537280,6,48,1,4,currencyservice,0.2393372737673568,59.834318441839194,285749248.0,106.44989013671875,4,4
1775537340,6,49,1,4,currencyservice,0.2443928246032748,61.098206150818704,285999104.0,106.54296875,4,4
1775537280,6,48,1,4,emailservice,0.009291687909231539,9.291687909231538,46960640.0,69.976806640625,1,1
1775537340,6,49,1,4,emailservice,0.00829940576640362,8.29940576640362,46964736.0,69.98291015625,1,1
1775537280,6,48,1,4,paymentservice,0.0051574802203599324,2.578740110179966,187027456.0,139.3463134765625,2,2
1775537340,6,49,1,4,paymentservice,0.004067167479307453,2.0335837396537264,186863616.0,139.2242431640625,2,2
1775537280,6,48,1,4,productcatalogservice,0.24959632326634493,83.19877442211497,53366784.0,26.507568359375,3,3
1775537340,6,49,1,4,productcatalogservice,0.23013566676662678,76.71188892220891,52645888.0,26.149495442708332,3,3
1775537280,6,48,1,4,recommendationservice,0.24456604790725767,48.91320958145153,223776768.0,19.400923295454543,5,5
1775537340,6,49,1,4,recommendationservice,0.23978739818030473,47.957479636060945,223780864.0,19.401278409090907,5,5
1775537280,6,48,1,4,shippingservice,0.019618533827744596,19.618533827744596,19836928.0,29.559326171875,1,1
1775537340,6,49,1,4,shippingservice,0.018059758342133508,18.059758342133506,19996672.0,29.79736328125,1,1
1775537340,6,49,1,4,frontend,0.5376272937860989,89.60454896434979,173752320.0,43.15185546875,6,6
1775537400,6,50,1,4,frontend,0.5177561038760423,86.29268397934038,172761088.0,42.90568033854167,6,6
1775537340,6,49,1,4,adservice,0.025817311930107743,12.90865596505387,108761088.0,57.62369791666667,1,1
1775537400,6,50,1,4,adservice,0.022527042988267094,11.263521494133547,108707840.0,57.595486111111114,1,1
1775537340,6,49,1,4,cartservice,0.13473474972052668,33.68368743013167,134320128.0,100.0762939453125,2,2
1775537400,6,50,1,4,cartservice,0.12945018404339498,32.36254601084874,134266880.0,100.03662109375,2,2
1775537340,6,49,1,4,checkoutservice,0.019768723388762635,19.768723388762634,21954560.0,32.71484375,1,1
1775537400,6,50,1,4,checkoutservice,0.021359405815199232,21.35940581519923,22155264.0,33.013916015625,1,1
1775537340,6,49,1,4,currencyservice,0.2443928246032748,61.098206150818704,285999104.0,106.54296875,4,4
1775537400,6,50,1,4,currencyservice,0.2359700887361978,58.99252218404945,286773248.0,106.83135986328125,4,4
1775537340,6,49,1,4,emailservice,0.00829940576640362,8.29940576640362,46964736.0,69.98291015625,1,1
1775537400,6,50,1,4,emailservice,0.008470402677757708,8.470402677757708,46960640.0,69.976806640625,1,1
1775537340,6,49,1,4,paymentservice,0.004067167479307453,2.0335837396537264,186863616.0,139.2242431640625,2,2
1775537400,6,50,1,4,paymentservice,0.005026426458782625,2.5132132293913125,191680512.0,142.8131103515625,2,2
1775537340,6,49,1,4,productcatalogservice,0.23013566676662678,76.71188892220891,52645888.0,26.149495442708332,3,3
1775537400,6,50,1,4,productcatalogservice,0.2231099493873223,74.36998312910742,53063680.0,26.357014973958332,3,3
1775537340,6,49,1,4,recommendationservice,0.23978739818030473,47.957479636060945,223780864.0,19.401278409090907,5,5
1775537400,6,50,1,4,recommendationservice,0.23376586373821906,46.75317274764381,223780864.0,19.401278409090907,5,5
1775537340,6,49,1,4,shippingservice,0.018059758342133508,18.059758342133506,19996672.0,29.79736328125,1,1
1775537400,6,50,1,4,shippingservice,0.017697548939856218,17.697548939856215,20152320.0,30.029296875,1,1
1775537400,6,50,1,4,frontend,0.5177561038760423,86.29268397934038,172761088.0,42.90568033854167,6,6
1775537460,6,51,1,4,frontend,0.5032114732506914,83.86857887511522,173268992.0,43.03181966145833,6,6
1775537400,6,50,1,4,adservice,0.022527042988267094,11.263521494133547,108707840.0,57.595486111111114,1,1
1775537460,6,51,1,4,adservice,0.024233266975912274,12.116633487956136,108814336.0,57.65190972222223,1,1
1775537400,6,50,1,4,cartservice,0.12945018404339498,32.36254601084874,134266880.0,100.03662109375,2,2
1775537460,6,51,1,4,cartservice,0.12400803731112134,31.002009327780332,134307840.0,100.067138671875,2,2
1775537400,6,50,1,4,checkoutservice,0.021359405815199232,21.35940581519923,22155264.0,33.013916015625,1,1
1775537460,6,51,1,4,checkoutservice,0.020611732749534938,20.611732749534937,21651456.0,32.26318359375,1,1
1775537400,6,50,1,4,currencyservice,0.2359700887361978,58.99252218404945,286773248.0,106.83135986328125,4,4
1775537460,6,51,1,4,currencyservice,0.2250310890378977,56.25777225947443,292241408.0,108.868408203125,4,4
1775537400,6,50,1,4,emailservice,0.008470402677757708,8.470402677757708,46960640.0,69.976806640625,1,1
1775537460,6,51,1,4,emailservice,0.008649698023268038,8.649698023268037,46960640.0,69.976806640625,1,1
1775537400,6,50,1,4,paymentservice,0.005026426458782625,2.5132132293913125,191680512.0,142.8131103515625,2,2
1775537460,6,51,1,4,paymentservice,0.005193580151259217,2.5967900756296083,192172032.0,143.1793212890625,2,2
1775537400,6,50,1,4,productcatalogservice,0.2231099493873223,74.36998312910742,53063680.0,26.357014973958332,3,3
1775537460,6,51,1,4,productcatalogservice,0.2261497155888207,75.38323852960688,53288960.0,26.468912760416668,3,3
1775537400,6,50,1,4,recommendationservice,0.23376586373821906,46.75317274764381,223780864.0,19.401278409090907,5,5
1775537460,6,51,1,4,recommendationservice,0.22051386851098037,44.102773702196075,223793152.0,19.40234375,5,5
1775537400,6,50,1,4,shippingservice,0.017697548939856218,17.697548939856215,20152320.0,30.029296875,1,1
1775537460,6,51,1,4,shippingservice,0.01644107520386624,16.441075203866237,20103168.0,29.9560546875,1,1
1775537460,6,51,1,4,frontend,0.5032114732506914,83.86857887511522,173268992.0,43.03181966145833,6,6
1775537520,6,52,1,4,frontend,0.49738345028639097,82.89724171439849,173473792.0,43.08268229166667,6,6
1775537460,6,51,1,4,adservice,0.024233266975912274,12.116633487956136,108814336.0,57.65190972222223,1,1
1775537520,6,52,1,4,adservice,0.02420773543925691,12.103867719628454,108756992.0,57.62152777777778,1,1
1775537460,6,51,1,4,cartservice,0.12400803731112134,31.002009327780332,134307840.0,100.067138671875,2,2
1775537520,6,52,1,4,cartservice,0.11788052529502763,29.470131323756902,134332416.0,100.08544921875,2,2
1775537460,6,51,1,4,checkoutservice,0.020611732749534938,20.611732749534937,21651456.0,32.26318359375,1,1
1775537520,6,52,1,4,checkoutservice,0.01831677576173495,18.31677576173495,21950464.0,32.708740234375,1,1
1775537460,6,51,1,4,currencyservice,0.2250310890378977,56.25777225947443,292241408.0,108.868408203125,4,4
1775537520,6,52,1,4,currencyservice,0.22797956433417432,56.99489108354358,298119168.0,111.05804443359375,4,4
1775537460,6,51,1,4,emailservice,0.008649698023268038,8.649698023268037,46960640.0,69.976806640625,1,1
1775537520,6,52,1,4,emailservice,0.006968544520031225,6.968544520031224,46960640.0,69.976806640625,1,1
1775537460,6,51,1,4,paymentservice,0.005193580151259217,2.5967900756296083,192172032.0,143.1793212890625,2,2
1775537520,6,52,1,4,paymentservice,0.004394502821729851,2.1972514108649253,193781760.0,144.378662109375,2,2
1775537460,6,51,1,4,productcatalogservice,0.2261497155888207,75.38323852960688,53288960.0,26.468912760416668,3,3
1775537520,6,52,1,4,productcatalogservice,0.22287497067578685,74.29165689192894,52793344.0,26.222737630208332,3,3
1775537460,6,51,1,4,recommendationservice,0.22051386851098037,44.102773702196075,223793152.0,19.40234375,5,5
1775537520,6,52,1,4,recommendationservice,0.21814628928130214,43.62925785626043,224047104.0,19.424360795454547,5,5
1775537460,6,51,1,4,shippingservice,0.01644107520386624,16.441075203866237,20103168.0,29.9560546875,1,1
1775537520,6,52,1,4,shippingservice,0.016192357076207118,16.192357076207117,20086784.0,29.931640625,1,1
1775537520,6,52,1,4,frontend,0.49738345028639097,82.89724171439849,173473792.0,43.08268229166667,6,6
1775537580,6,53,1,4,frontend,0.5109753252292588,85.16255420487646,172814336.0,42.91890462239583,6,6
1775537520,6,52,1,4,adservice,0.02420773543925691,12.103867719628454,108756992.0,57.62152777777778,1,1
1775537580,6,53,1,4,adservice,0.02415560694089308,12.077803470446538,108761088.0,57.62369791666667,1,1
1775537520,6,52,1,4,cartservice,0.11788052529502763,29.470131323756902,134332416.0,100.08544921875,2,2
1775537580,6,53,1,4,cartservice,0.12030702046777794,30.076755116944483,134402048.0,100.1373291015625,2,2
1775537520,6,52,1,4,checkoutservice,0.01831677576173495,18.31677576173495,21950464.0,32.708740234375,1,1
1775537580,6,53,1,4,checkoutservice,0.021162891670881905,21.162891670881905,22163456.0,33.026123046875,1,1
1775537520,6,52,1,4,currencyservice,0.22797956433417432,56.99489108354358,298119168.0,111.05804443359375,4,4
1775537580,6,53,1,4,currencyservice,0.2316667090594536,57.9166772648634,301502464.0,112.31842041015625,4,4
1775537520,6,52,1,4,emailservice,0.006968544520031225,6.968544520031224,46960640.0,69.976806640625,1,1
1775537580,6,53,1,4,emailservice,0.008307468782707522,8.307468782707522,46952448.0,69.964599609375,1,1
1775537520,6,52,1,4,paymentservice,0.004394502821729851,2.1972514108649253,193781760.0,144.378662109375,2,2
1775537580,6,53,1,4,paymentservice,0.0046538193974031685,2.326909698701584,194080768.0,144.6014404296875,2,2
1775537520,6,52,1,4,productcatalogservice,0.22287497067578685,74.29165689192894,52793344.0,26.222737630208332,3,3
1775537580,6,53,1,4,productcatalogservice,0.2279861679802587,75.99538932675289,53149696.0,26.399739583333332,3,3
1775537520,6,52,1,4,recommendationservice,0.21814628928130214,43.62925785626043,224047104.0,19.424360795454547,5,5
1775537580,6,53,1,4,recommendationservice,0.22456244570721373,44.91248914144275,223776768.0,19.400923295454543,5,5
1775537520,6,52,1,4,shippingservice,0.016192357076207118,16.192357076207117,20086784.0,29.931640625,1,1
1775537580,6,53,1,4,shippingservice,0.017438605511127657,17.438605511127655,19824640.0,29.541015625,1,1
1775537580,6,53,1,4,frontend,0.5109753252292588,85.16255420487646,172814336.0,42.91890462239583,6,6
1775537640,6,54,1,4,frontend,0.49319407403101795,82.19901233850297,173150208.0,43.0023193359375,6,6
1775537580,6,53,1,4,adservice,0.02415560694089308,12.077803470446538,108761088.0,57.62369791666667,1,1
1775537640,6,54,1,4,adservice,0.023444819140894163,11.722409570447082,108761088.0,57.62369791666667,1,1
1775537580,6,53,1,4,cartservice,0.12030702046777794,30.076755116944483,134402048.0,100.1373291015625,2,2
1775537640,6,54,1,4,cartservice,0.13381045466428407,33.45261366607101,134656000.0,100.3265380859375,2,2
1775537580,6,53,1,4,checkoutservice,0.021162891670881905,21.162891670881905,22163456.0,33.026123046875,1,1
1775537640,6,54,1,4,checkoutservice,0.022271066582710112,22.271066582710112,22040576.0,32.843017578125,1,1
1775537580,6,53,1,4,currencyservice,0.2316667090594536,57.9166772648634,301502464.0,112.31842041015625,4,4
1775537640,6,54,1,4,currencyservice,0.21753943018022437,54.384857545056086,307544064.0,114.569091796875,4,4
1775537580,6,53,1,4,emailservice,0.008307468782707522,8.307468782707522,46952448.0,69.964599609375,1,1
1775537640,6,54,1,4,emailservice,0.008792972918036846,8.792972918036845,46968832.0,69.989013671875,1,1
1775537580,6,53,1,4,paymentservice,0.0046538193974031685,2.326909698701584,194080768.0,144.6014404296875,2,2
1775537640,6,54,1,4,paymentservice,0.004662476670477875,2.3312383352389374,194928640.0,145.233154296875,2,2
1775537580,6,53,1,4,productcatalogservice,0.2279861679802587,75.99538932675289,53149696.0,26.399739583333332,3,3
1775537640,6,54,1,4,productcatalogservice,0.22328127746503124,74.42709248834373,53231616.0,26.4404296875,3,3
1775537580,6,53,1,4,recommendationservice,0.22456244570721373,44.91248914144275,223776768.0,19.400923295454543,5,5
1775537640,6,54,1,4,recommendationservice,0.21474949884666888,42.949899769333776,223784960.0,19.401633522727273,5,5
1775537580,6,53,1,4,shippingservice,0.017438605511127657,17.438605511127655,19824640.0,29.541015625,1,1
1775537640,6,54,1,4,shippingservice,0.017427314336054416,17.427314336054415,19841024.0,29.5654296875,1,1
1775537640,6,54,1,4,frontend,0.49319407403101795,82.19901233850297,173150208.0,43.0023193359375,6,6
1775537700,6,55,1,4,frontend,0.4668415920624885,77.80693201041473,173412352.0,43.06742350260417,6,6
1775537640,6,54,1,4,adservice,0.023444819140894163,11.722409570447082,108761088.0,57.62369791666667,1,1
1775537700,6,55,1,4,adservice,0.022786961144052684,11.393480572026341,108707840.0,57.595486111111114,1,1
1775537640,6,54,1,4,cartservice,0.13381045466428407,33.45261366607101,134656000.0,100.3265380859375,2,2
1775537700,6,55,1,4,cartservice,0.1393658960432943,34.841474010823575,134352896.0,100.1007080078125,2,2
1775537640,6,54,1,4,checkoutservice,0.022271066582710112,22.271066582710112,22040576.0,32.843017578125,1,1
1775537700,6,55,1,4,checkoutservice,0.018555918724483658,18.555918724483657,21942272.0,32.696533203125,1,1
1775537640,6,54,1,4,currencyservice,0.21753943018022437,54.384857545056086,307544064.0,114.569091796875,4,4
1775537700,6,55,1,4,currencyservice,0.2076041261820112,51.901031545502796,306868224.0,114.31732177734375,4,4
1775537640,6,54,1,4,emailservice,0.008792972918036846,8.792972918036845,46968832.0,69.989013671875,1,1
1775537700,6,55,1,4,emailservice,0.008120398074670897,8.120398074670897,46952448.0,69.964599609375,1,1
1775537640,6,54,1,4,paymentservice,0.004662476670477875,2.3312383352389374,194928640.0,145.233154296875,2,2
1775537700,6,55,1,4,paymentservice,0.006333900728204946,3.166950364102473,195887104.0,145.947265625,2,2
1775537640,6,54,1,4,productcatalogservice,0.22328127746503124,74.42709248834373,53231616.0,26.4404296875,3,3
1775537700,6,55,1,4,productcatalogservice,0.21221333779198542,70.73777926399512,53252096.0,26.450602213541668,3,3
1775537640,6,54,1,4,recommendationservice,0.21474949884666888,42.949899769333776,223784960.0,19.401633522727273,5,5
1775537700,6,55,1,4,recommendationservice,0.20917509966889308,41.83501993377862,223768576.0,19.400213068181817,5,5
1775537640,6,54,1,4,shippingservice,0.017427314336054416,17.427314336054415,19841024.0,29.5654296875,1,1
1775537700,6,55,1,4,shippingservice,0.015601314458123466,15.601314458123467,20119552.0,29.98046875,1,1
1775537700,6,55,1,4,frontend,0.4668415920624885,77.80693201041473,173412352.0,43.06742350260417,6,6
1775537760,6,56,1,4,frontend,0.4810345494809909,80.17242491349847,174411776.0,43.31563313802083,6,6
1775537700,6,55,1,4,adservice,0.022786961144052684,11.393480572026341,108707840.0,57.595486111111114,1,1
1775537760,6,56,1,4,adservice,0.02164995212532133,10.824976062660664,108789760.0,57.638888888888886,1,1
1775537700,6,55,1,4,cartservice,0.1393658960432943,34.841474010823575,134352896.0,100.1007080078125,2,2
1775537760,6,56,1,4,cartservice,0.1266846371701032,31.671159292525797,134369280.0,100.1129150390625,2,2
1775537700,6,55,1,4,checkoutservice,0.018555918724483658,18.555918724483657,21942272.0,32.696533203125,1,1
1775537760,6,56,1,4,checkoutservice,0.017633738975734163,17.63373897573416,21794816.0,32.476806640625,1,1
1775537700,6,55,1,4,currencyservice,0.2076041261820112,51.901031545502796,306868224.0,114.31732177734375,4,4
1775537760,6,56,1,4,currencyservice,0.21207592346724,53.01898086681,310525952.0,115.679931640625,4,4
1775537700,6,55,1,4,emailservice,0.008120398074670897,8.120398074670897,46952448.0,69.964599609375,1,1
1775537760,6,56,1,4,emailservice,0.007460873329369373,7.460873329369372,46960640.0,69.976806640625,1,1
1775537700,6,55,1,4,paymentservice,0.006333900728204946,3.166950364102473,195887104.0,145.947265625,2,2
1775537760,6,56,1,4,paymentservice,0.00643144677614909,3.215723388074545,195768320.0,145.8587646484375,2,2
1775537700,6,55,1,4,productcatalogservice,0.21221333779198542,70.73777926399512,53252096.0,26.450602213541668,3,3
1775537760,6,56,1,4,productcatalogservice,0.2134443111719399,71.14810372397996,53469184.0,26.558430989583332,3,3
1775537700,6,55,1,4,recommendationservice,0.20917509966889308,41.83501993377862,223768576.0,19.400213068181817,5,5
1775537760,6,56,1,4,recommendationservice,0.2116404136967666,42.32808273935332,224038912.0,19.42365056818182,5,5
1775537700,6,55,1,4,shippingservice,0.015601314458123466,15.601314458123467,20119552.0,29.98046875,1,1
1775537760,6,56,1,4,shippingservice,0.01552452729642981,15.524527296429808,20189184.0,30.084228515625,1,1
1775537760,6,56,1,4,frontend,0.4810345494809909,80.17242491349847,174411776.0,43.31563313802083,6,6
1775537820,6,57,1,4,frontend,0.49462391057986427,82.43731842997737,174055424.0,43.22713216145833,6,6
1775537760,6,56,1,4,adservice,0.02164995212532133,10.824976062660664,108789760.0,57.638888888888886,1,1
1775537820,6,57,1,4,adservice,0.02372630845543195,11.863154227715974,108707840.0,57.595486111111114,1,1
1775537760,6,56,1,4,cartservice,0.1266846371701032,31.671159292525797,134369280.0,100.1129150390625,2,2
1775537820,6,57,1,4,cartservice,0.12432123737108763,31.080309342771905,134336512.0,100.0885009765625,2,2
1775537760,6,56,1,4,checkoutservice,0.017633738975734163,17.63373897573416,21794816.0,32.476806640625,1,1
1775537820,6,57,1,4,checkoutservice,0.01872432107071069,18.72432107071069,21819392.0,32.513427734375,1,1
1775537760,6,56,1,4,currencyservice,0.21207592346724,53.01898086681,310525952.0,115.679931640625,4,4
1775537820,6,57,1,4,currencyservice,0.22415259844014157,56.03814961003539,312315904.0,116.34674072265625,4,4
1775537760,6,56,1,4,emailservice,0.007460873329369373,7.460873329369372,46960640.0,69.976806640625,1,1
1775537820,6,57,1,4,emailservice,0.008051896148494933,8.051896148494931,46964736.0,69.98291015625,1,1
1775537760,6,56,1,4,paymentservice,0.00643144677614909,3.215723388074545,195768320.0,145.8587646484375,2,2
1775537820,6,57,1,4,paymentservice,0.004749630923607029,2.3748154618035144,196927488.0,146.722412109375,2,2
1775537760,6,56,1,4,productcatalogservice,0.2134443111719399,71.14810372397996,53469184.0,26.558430989583332,3,3
1775537820,6,57,1,4,productcatalogservice,0.2232653238857555,74.42177462858515,53161984.0,26.405843098958332,3,3
1775537760,6,56,1,4,recommendationservice,0.2116404136967666,42.32808273935332,224038912.0,19.42365056818182,5,5
1775537820,6,57,1,4,recommendationservice,0.2212047955917701,44.24095911835402,223772672.0,19.40056818181818,5,5
1775537760,6,56,1,4,shippingservice,0.01552452729642981,15.524527296429808,20189184.0,30.084228515625,1,1
1775537820,6,57,1,4,shippingservice,0.016430603027915533,16.430603027915534,20160512.0,30.04150390625,1,1
1775537820,6,57,1,4,frontend,0.49462391057986427,82.43731842997737,174055424.0,43.22713216145833,6,6
1775537880,6,58,1,4,frontend,0.4560402724771267,76.0067120795211,174366720.0,43.304443359375,6,6
1775537820,6,57,1,4,adservice,0.02372630845543195,11.863154227715974,108707840.0,57.595486111111114,1,1
1775537880,6,58,1,4,adservice,0.022454512945220145,11.22725647261007,108761088.0,57.62369791666667,1,1
1775537820,6,57,1,4,cartservice,0.12432123737108763,31.080309342771905,134336512.0,100.0885009765625,2,2
1775537880,6,58,1,4,cartservice,0.12045416275762094,30.113540689405234,134352896.0,100.1007080078125,2,2
1775537820,6,57,1,4,checkoutservice,0.01872432107071069,18.72432107071069,21819392.0,32.513427734375,1,1
1775537880,6,58,1,4,checkoutservice,0.01700643680005004,17.00643680005004,22056960.0,32.867431640625,1,1
1775537820,6,57,1,4,currencyservice,0.22415259844014157,56.03814961003539,312315904.0,116.34674072265625,4,4
1775537880,6,58,1,4,currencyservice,0.2108486689683066,52.712167242076646,312193024.0,116.30096435546875,4,4
1775537820,6,57,1,4,emailservice,0.008051896148494933,8.051896148494931,46964736.0,69.98291015625,1,1
1775537880,6,58,1,4,emailservice,0.007625365684009938,7.625365684009938,46968832.0,69.989013671875,1,1
1775537820,6,57,1,4,paymentservice,0.004749630923607029,2.3748154618035144,196927488.0,146.722412109375,2,2
1775537880,6,58,1,4,paymentservice,0.004310506753263419,2.1552533766317095,198164480.0,147.64404296875,2,2
1775537820,6,57,1,4,productcatalogservice,0.2232653238857555,74.42177462858515,53161984.0,26.405843098958332,3,3
1775537880,6,58,1,4,productcatalogservice,0.2090691569247441,69.68971897491468,52719616.0,26.186116536458332,3,3
1775537820,6,57,1,4,recommendationservice,0.2212047955917701,44.24095911835402,223772672.0,19.40056818181818,5,5
1775537880,6,58,1,4,recommendationservice,0.200350307286075,40.070061457215,223789056.0,19.401988636363637,5,5
1775537820,6,57,1,4,shippingservice,0.016430603027915533,16.430603027915534,20160512.0,30.04150390625,1,1
1775537880,6,58,1,4,shippingservice,0.014808191230195158,14.808191230195158,19939328.0,29.7119140625,1,1
1775537880,6,58,1,4,frontend,0.4560402724771267,76.0067120795211,174366720.0,43.304443359375,6,6
1775537940,6,59,1,4,frontend,0.4426306372756454,73.77177287927422,174469120.0,43.32987467447917,6,6
1775537880,6,58,1,4,adservice,0.022454512945220145,11.22725647261007,108761088.0,57.62369791666667,1,1
1775537940,6,59,1,4,adservice,0.019694956007549808,9.847478003774905,108752896.0,57.61935763888889,1,1
1775537880,6,58,1,4,cartservice,0.12045416275762094,30.113540689405234,134352896.0,100.1007080078125,2,2
1775537940,6,59,1,4,cartservice,0.1270009786994689,31.75024467486723,134426624.0,100.1556396484375,2,2
1775537880,6,58,1,4,checkoutservice,0.01700643680005004,17.00643680005004,22056960.0,32.867431640625,1,1
1775537940,6,59,1,4,checkoutservice,0.01684753032637601,16.84753032637601,22167552.0,33.0322265625,1,1
1775537880,6,58,1,4,currencyservice,0.2108486689683066,52.712167242076646,312193024.0,116.30096435546875,4,4
1775537940,6,59,1,4,currencyservice,0.1991048502001623,49.77621255004057,314159104.0,117.03338623046875,4,4
1775537880,6,58,1,4,emailservice,0.007625365684009938,7.625365684009938,46968832.0,69.989013671875,1,1
1775537940,6,59,1,4,emailservice,0.007565293117225483,7.565293117225483,46964736.0,69.98291015625,1,1
1775537880,6,58,1,4,paymentservice,0.004310506753263419,2.1552533766317095,198164480.0,147.64404296875,2,2
1775537940,6,59,1,4,paymentservice,0.003729592611783069,1.8647963058915344,198443008.0,147.8515625,2,2
1775537880,6,58,1,4,productcatalogservice,0.2090691569247441,69.68971897491468,52719616.0,26.186116536458332,3,3
1775537940,6,59,1,4,productcatalogservice,0.1978240160913704,65.94133869712346,53760000.0,26.702880859375,3,3
1775537880,6,58,1,4,recommendationservice,0.200350307286075,50.087576821518745,223789056.0,24.252485795454547,4,4
1775537940,6,59,1,4,recommendationservice,0.17886027931295256,44.71506982823814,224030720.0,24.278675426136363,4,4
1775537880,6,58,1,4,shippingservice,0.014808191230195158,14.808191230195158,19939328.0,29.7119140625,1,1
1775537940,6,59,1,4,shippingservice,0.014265768465923844,14.265768465923845,19939328.0,29.7119140625,1,1
1775537940,6,59,1,4,frontend,0.4426306372756454,73.77177287927422,174469120.0,43.32987467447917,6,6
1775538000,7,0,1,4,frontend,0.4548466342902764,75.80777238171272,174592000.0,43.36039225260417,6,6
1775537940,6,59,1,4,adservice,0.019694956007549808,9.847478003774905,108752896.0,57.61935763888889,1,1
1775538000,7,0,1,4,adservice,0.020735224288093518,10.36761214404676,108752896.0,57.61935763888889,1,1
1775537940,6,59,1,4,cartservice,0.1270009786994689,31.75024467486723,134426624.0,100.1556396484375,2,2
1775538000,7,0,1,4,cartservice,0.1421298384381009,35.532459609525226,134397952.0,100.13427734375,2,2
1775537940,6,59,1,4,checkoutservice,0.01684753032637601,16.84753032637601,22167552.0,33.0322265625,1,1
1775538000,7,0,1,4,checkoutservice,0.017406885499559533,17.406885499559532,21843968.0,32.550048828125,1,1
1775537940,6,59,1,4,currencyservice,0.1991048502001623,49.77621255004057,314159104.0,117.03338623046875,4,4
1775538000,7,0,1,4,currencyservice,0.20845573514269117,52.113933785672785,316760064.0,118.0023193359375,4,4
1775537940,6,59,1,4,emailservice,0.007565293117225483,7.565293117225483,46964736.0,69.98291015625,1,1
1775538000,7,0,1,4,emailservice,0.007970329960246166,7.970329960246166,46964736.0,69.98291015625,1,1
1775537940,6,59,1,4,paymentservice,0.003729592611783069,1.8647963058915344,198443008.0,147.8515625,2,2
1775538000,7,0,1,4,paymentservice,0.0065232531886289516,3.2616265943144755,199598080.0,148.712158203125,2,2
1775537940,6,59,1,4,productcatalogservice,0.1978240160913704,65.94133869712346,53760000.0,26.702880859375,3,3
1775538000,7,0,1,4,productcatalogservice,0.21088132737373166,70.29377579124387,53313536.0,26.481119791666668,3,3
1775537940,6,59,1,4,recommendationservice,0.17886027931295256,44.71506982823814,224030720.0,24.278675426136363,4,4
1775538000,7,0,1,4,recommendationservice,0.21041860869526277,52.604652173815694,178995200.0,19.398082386363637,4,4
1775537940,6,59,1,4,shippingservice,0.014265768465923844,14.265768465923845,19939328.0,29.7119140625,1,1
1775538000,7,0,1,4,shippingservice,0.015499066970771478,15.499066970771477,20082688.0,29.925537109375,1,1
1775538000,7,0,1,4,frontend,0.4548466342902764,75.80777238171272,174592000.0,43.36039225260417,6,6
1775538060,7,1,1,4,frontend,0.46263030469595956,77.10505078265992,174456832.0,43.32682291666667,6,6
1775538000,7,0,1,4,adservice,0.020735224288093518,10.36761214404676,108752896.0,57.61935763888889,1,1
1775538060,7,1,1,4,adservice,0.022521421963518834,11.260710981759416,108756992.0,57.62152777777778,1,1
1775538000,7,0,1,4,cartservice,0.1421298384381009,35.532459609525226,134397952.0,100.13427734375,2,2
1775538060,7,1,1,4,cartservice,0.12550591810067452,31.376479525168627,134332416.0,100.08544921875,2,2
1775538000,7,0,1,4,checkoutservice,0.017406885499559533,17.406885499559532,21843968.0,32.550048828125,1,1
1775538060,7,1,1,4,checkoutservice,0.018027709182195227,18.027709182195224,21999616.0,32.781982421875,1,1
1775538000,7,0,1,4,currencyservice,0.20845573514269117,52.113933785672785,316760064.0,118.0023193359375,4,4
1775538060,7,1,1,4,currencyservice,0.20980757469768926,52.45189367442231,317583360.0,118.30902099609375,4,4
1775538000,7,0,1,4,emailservice,0.007970329960246166,7.970329960246166,46964736.0,69.98291015625,1,1
1775538060,7,1,1,4,emailservice,0.007899839574077715,7.899839574077714,46964736.0,69.98291015625,1,1
1775538000,7,0,1,4,paymentservice,0.0065232531886289516,3.2616265943144755,199598080.0,148.712158203125,2,2
1775538060,7,1,1,4,paymentservice,0.007156642707587412,3.5783213537937058,200171520.0,149.139404296875,2,2
1775538000,7,0,1,4,productcatalogservice,0.21088132737373166,70.29377579124387,53313536.0,26.481119791666668,3,3
1775538060,7,1,1,4,productcatalogservice,0.20969491212740687,69.89830404246895,53309440.0,26.479085286458332,3,3
1775538000,7,0,1,4,recommendationservice,0.21041860869526277,52.604652173815694,178995200.0,19.398082386363637,4,4
1775538060,7,1,1,4,recommendationservice,0.20775846156875527,51.93961539218881,179032064.0,19.402077414772727,4,4
1775538000,7,0,1,4,shippingservice,0.015499066970771478,15.499066970771477,20082688.0,29.925537109375,1,1
1775538060,7,1,1,4,shippingservice,0.014984805741657968,14.984805741657967,19955712.0,29.736328125,1,1
1775538060,7,1,1,4,frontend,0.46263030469595956,77.10505078265992,174456832.0,43.32682291666667,6,6
1775538120,7,2,1,4,frontend,0.4395336933553087,73.2556155592181,175779840.0,43.6553955078125,6,6
1775538060,7,1,1,4,adservice,0.022521421963518834,11.260710981759416,108756992.0,57.62152777777778,1,1
1775538120,7,2,1,4,adservice,0.02128593247444356,10.642966237221781,108707840.0,57.595486111111114,1,1
1775538060,7,1,1,4,cartservice,0.12550591810067452,31.376479525168627,134332416.0,100.08544921875,2,2
1775538120,7,2,1,4,cartservice,0.10957343825995032,27.39335956498758,134328320.0,100.0823974609375,2,2
1775538060,7,1,1,4,checkoutservice,0.018027709182195227,18.027709182195224,21999616.0,32.781982421875,1,1
1775538120,7,2,1,4,checkoutservice,0.015144787955650982,15.144787955650981,21635072.0,32.23876953125,1,1
1775538060,7,1,1,4,currencyservice,0.20980757469768926,52.45189367442231,317583360.0,118.30902099609375,4,4
1775538120,7,2,1,4,currencyservice,0.19607671873884785,49.01917968471196,316719104.0,117.987060546875,4,4
1775538060,7,1,1,4,emailservice,0.007899839574077715,7.899839574077714,46964736.0,69.98291015625,1,1
1775538120,7,2,1,4,emailservice,0.006991742015457342,6.9917420154573415,46960640.0,69.976806640625,1,1
1775538060,7,1,1,4,paymentservice,0.007156642707587412,3.5783213537937058,200171520.0,149.139404296875,2,2
1775538120,7,2,1,4,paymentservice,0.0039115786005098855,1.9557893002549425,200679424.0,149.517822265625,2,2
1775538060,7,1,1,4,productcatalogservice,0.20969491212740687,69.89830404246895,53309440.0,26.479085286458332,3,3
1775538120,7,2,1,4,productcatalogservice,0.20098231540295927,66.99410513431975,53608448.0,26.627604166666668,3,3
1775538060,7,1,1,4,recommendationservice,0.20775846156875527,51.93961539218881,179032064.0,19.402077414772727,4,4
1775538120,7,2,1,4,recommendationservice,0.18928156338349464,47.32039084587365,179109888.0,19.410511363636363,4,4
1775538060,7,1,1,4,shippingservice,0.014984805741657968,14.984805741657967,19955712.0,29.736328125,1,1
1775538120,7,2,1,4,shippingservice,0.013957977708108882,13.957977708108881,20217856.0,30.126953125,1,1
1775538120,7,2,1,4,frontend,0.4395336933553087,73.2556155592181,175779840.0,43.6553955078125,6,6
1775538180,7,3,1,4,frontend,0.4144876250764277,69.08127084607128,173592576.0,43.1121826171875,6,6
1775538120,7,2,1,4,adservice,0.02128593247444356,10.642966237221781,108707840.0,57.595486111111114,1,1
1775538180,7,3,1,4,adservice,0.020134801000933917,10.067400500466958,109023232.0,57.76258680555556,1,1
1775538120,7,2,1,4,cartservice,0.10957343825995032,27.39335956498758,134328320.0,100.0823974609375,2,2
1775538180,7,3,1,4,cartservice,0.10404190463083866,26.010476157709668,134348800.0,100.09765625,2,2
1775538120,7,2,1,4,checkoutservice,0.015144787955650982,15.144787955650981,21635072.0,32.23876953125,1,1
1775538180,7,3,1,4,checkoutservice,0.01440781011675725,14.40781011675725,22106112.0,32.940673828125,1,1
1775538120,7,2,1,4,currencyservice,0.19607671873884785,49.01917968471196,316719104.0,117.987060546875,4,4
1775538180,7,3,1,4,currencyservice,0.1843939546261455,46.098488656536375,318631936.0,118.69964599609375,4,4
1775538120,7,2,1,4,emailservice,0.006991742015457342,6.9917420154573415,46960640.0,69.976806640625,1,1
1775538180,7,3,1,4,emailservice,0.006693011016916523,6.693011016916523,46960640.0,69.976806640625,1,1
1775538120,7,2,1,4,paymentservice,0.0039115786005098855,1.9557893002549425,200679424.0,149.517822265625,2,2
1775538180,7,3,1,4,paymentservice,0.0035870821094169244,1.793541054708462,202010624.0,150.5096435546875,2,2
1775538120,7,2,1,4,productcatalogservice,0.20098231540295927,66.99410513431975,53608448.0,26.627604166666668,3,3
1775538180,7,3,1,4,productcatalogservice,0.18499163635729216,61.66387878576405,53252096.0,26.450602213541668,3,3
1775538120,7,2,1,4,recommendationservice,0.18928156338349464,47.32039084587365,179109888.0,19.410511363636363,4,4
1775538180,7,3,1,4,recommendationservice,0.17745854510848919,44.364636277122294,179142656.0,19.4140625,4,4
1775538120,7,2,1,4,shippingservice,0.013957977708108882,13.957977708108881,20217856.0,30.126953125,1,1
1775538180,7,3,1,4,shippingservice,0.013128074739833512,13.128074739833512,20004864.0,29.8095703125,1,1
1775538180,7,3,1,4,frontend,0.4144876250764277,69.08127084607128,173592576.0,43.1121826171875,6,6
1775538240,7,4,1,4,frontend,0.4318345126262868,71.97241877104778,175165440.0,43.5028076171875,6,6
1775538180,7,3,1,4,adservice,0.020134801000933917,10.067400500466958,109023232.0,57.76258680555556,1,1
1775538240,7,4,1,4,adservice,0.020821172632118717,10.410586316059359,108752896.0,57.61935763888889,1,1
1775538180,7,3,1,4,cartservice,0.10404190463083866,26.010476157709668,134348800.0,100.09765625,2,2
1775538240,7,4,1,4,cartservice,0.12140514298870028,30.351285747175066,134418432.0,100.1495361328125,2,2
1775538180,7,3,1,4,checkoutservice,0.01440781011675725,14.40781011675725,22106112.0,32.940673828125,1,1
1775538240,7,4,1,4,checkoutservice,0.01801085827148316,18.01085827148316,21798912.0,32.48291015625,1,1
1775538180,7,3,1,4,currencyservice,0.1843939546261455,46.098488656536375,318631936.0,118.69964599609375,4,4
1775538240,7,4,1,4,currencyservice,0.19295491405681056,48.23872851420264,320069632.0,119.2352294921875,4,4
1775538180,7,3,1,4,emailservice,0.006693011016916523,6.693011016916523,46960640.0,69.976806640625,1,1
1775538240,7,4,1,4,emailservice,0.007698505541255644,7.698505541255643,46964736.0,69.98291015625,1,1
1775538180,7,3,1,4,paymentservice,0.0035870821094169244,1.793541054708462,202010624.0,150.5096435546875,2,2
1775538240,7,4,1,4,paymentservice,0.003997550492501976,1.9987752462509878,202014720.0,150.5126953125,2,2
1775538180,7,3,1,4,productcatalogservice,0.18499163635729216,61.66387878576405,53252096.0,26.450602213541668,3,3
1775538240,7,4,1,4,productcatalogservice,0.19854587461669054,66.1819582055635,53088256.0,26.369222005208332,3,3
1775538180,7,3,1,4,recommendationservice,0.17745854510848919,44.364636277122294,179142656.0,19.4140625,4,4
1775538240,7,4,1,4,recommendationservice,0.19020910434676008,47.55227608669002,179265536.0,19.427379261363637,4,4
1775538180,7,3,1,4,shippingservice,0.013128074739833512,13.128074739833512,20004864.0,29.8095703125,1,1
1775538240,7,4,1,4,shippingservice,0.014762721565559103,14.7627215655591,19800064.0,29.50439453125,1,1
1775538240,7,4,1,4,frontend,0.4318345126262868,71.97241877104778,175165440.0,43.5028076171875,6,6
1775538300,7,5,1,4,frontend,0.4462882715096965,74.3813785849494,175161344.0,43.50179036458333,6,6
1775538240,7,4,1,4,adservice,0.020821172632118717,10.410586316059359,108752896.0,57.61935763888889,1,1
1775538300,7,5,1,4,adservice,0.021555483715254377,10.777741857627188,108765184.0,57.62586805555555,1,1
1775538240,7,4,1,4,cartservice,0.12140514298870028,30.351285747175066,134418432.0,100.1495361328125,2,2
1775538300,7,5,1,4,cartservice,0.13730329174938852,34.32582293734713,134365184.0,100.10986328125,2,2
1775538240,7,4,1,4,checkoutservice,0.01801085827148316,18.01085827148316,21798912.0,32.48291015625,1,1
1775538300,7,5,1,4,checkoutservice,0.018858584591637414,18.858584591637413,22016000.0,32.806396484375,1,1
1775538240,7,4,1,4,currencyservice,0.19295491405681056,48.23872851420264,320069632.0,119.2352294921875,4,4
1775538300,7,5,1,4,currencyservice,0.19762458237915126,49.406145594787816,321650688.0,119.82421875,4,4
1775538240,7,4,1,4,emailservice,0.007698505541255644,7.698505541255643,46964736.0,69.98291015625,1,1
1775538300,7,5,1,4,emailservice,0.007948299634318243,7.948299634318243,46960640.0,69.976806640625,1,1
1775538240,7,4,1,4,paymentservice,0.003997550492501976,1.9987752462509878,202014720.0,150.5126953125,2,2
1775538300,7,5,1,4,paymentservice,0.004460661711384269,2.2303308556921344,202702848.0,151.025390625,2,2
1775538240,7,4,1,4,productcatalogservice,0.19854587461669054,66.1819582055635,53088256.0,26.369222005208332,3,3
1775538300,7,5,1,4,productcatalogservice,0.20529126740657433,68.4304224688581,53747712.0,26.69677734375,3,3
1775538240,7,4,1,4,recommendationservice,0.19020910434676008,47.55227608669002,179265536.0,19.427379261363637,4,4
1775538300,7,5,1,4,recommendationservice,0.1964802987277938,49.120074681948445,179322880.0,19.43359375,4,4
1775538240,7,4,1,4,shippingservice,0.014762721565559103,14.7627215655591,19800064.0,29.50439453125,1,1
1775538300,7,5,1,4,shippingservice,0.015791910725592332,15.79191072559233,19865600.0,29.60205078125,1,1
1775538300,7,5,1,4,frontend,0.4462882715096965,74.3813785849494,175161344.0,43.50179036458333,6,6
1775538360,7,6,1,4,frontend,0.40920534511052375,68.20089085175395,176226304.0,43.76627604166667,6,6
1775538300,7,5,1,4,adservice,0.021555483715254377,10.777741857627188,108765184.0,57.62586805555555,1,1
1775538360,7,6,1,4,adservice,0.020377729178393204,10.188864589196601,108765184.0,57.62586805555555,1,1
1775538300,7,5,1,4,cartservice,0.13730329174938852,34.32582293734713,134365184.0,100.10986328125,2,2
1775538360,7,6,1,4,cartservice,0.11881341570536016,29.703353926340036,134320128.0,100.0762939453125,2,2
1775538300,7,5,1,4,checkoutservice,0.018858584591637414,18.858584591637413,22016000.0,32.806396484375,1,1
1775538360,7,6,1,4,checkoutservice,0.015471731357303562,15.471731357303561,22065152.0,32.879638671875,1,1
1775538300,7,5,1,4,currencyservice,0.19762458237915126,49.406145594787816,321650688.0,119.82421875,4,4
1775538360,7,6,1,4,currencyservice,0.19197889557036724,47.99472389259181,322969600.0,120.3155517578125,4,4
1775538300,7,5,1,4,emailservice,0.007948299634318243,7.948299634318243,46960640.0,69.976806640625,1,1
1775538360,7,6,1,4,emailservice,0.007409540412378438,7.409540412378438,46960640.0,69.976806640625,1,1
1775538300,7,5,1,4,paymentservice,0.004460661711384269,2.2303308556921344,202702848.0,151.025390625,2,2
1775538360,7,6,1,4,paymentservice,0.004378322651445896,2.1891613257229476,203087872.0,151.312255859375,2,2
1775538300,7,5,1,4,productcatalogservice,0.20529126740657433,68.4304224688581,53747712.0,26.69677734375,3,3
1775538360,7,6,1,4,productcatalogservice,0.19140798793774283,63.80266264591427,53911552.0,26.778157552083332,3,3
1775538300,7,5,1,4,recommendationservice,0.1964802987277938,49.120074681948445,179322880.0,19.43359375,4,4
1775538360,7,6,1,4,recommendationservice,0.1810037059136921,45.250926478423025,179372032.0,19.438920454545457,4,4
1775538300,7,5,1,4,shippingservice,0.015791910725592332,15.79191072559233,19865600.0,29.60205078125,1,1
1775538360,7,6,1,4,shippingservice,0.014190383911882397,14.190383911882396,20471808.0,30.50537109375,1,1
1775538360,7,6,1,4,frontend,0.40920534511052375,68.20089085175395,176226304.0,43.76627604166667,6,6
1775538420,7,7,1,4,frontend,0.4021264703071489,67.0210783845248,175480832.0,43.58113606770833,6,6
1775538360,7,6,1,4,adservice,0.020377729178393204,10.188864589196601,108765184.0,57.62586805555555,1,1
1775538420,7,7,1,4,adservice,0.01901597013480616,9.50798506740308,108711936.0,57.59765624999999,1,1
1775538360,7,6,1,4,cartservice,0.11881341570536016,29.703353926340036,134320128.0,100.0762939453125,2,2
1775538420,7,7,1,4,cartservice,0.10003610964247314,25.009027410618284,134291456.0,100.054931640625,2,2
1775538360,7,6,1,4,checkoutservice,0.015471731357303562,15.471731357303561,22065152.0,32.879638671875,1,1
1775538420,7,7,1,4,checkoutservice,0.012748258101593555,12.748258101593555,22040576.0,32.843017578125,1,1
1775538360,7,6,1,4,currencyservice,0.19197889557036724,47.99472389259181,322969600.0,120.3155517578125,4,4
1775538420,7,7,1,4,currencyservice,0.17980235286695273,44.95058821673818,324169728.0,120.76263427734375,4,4
1775538360,7,6,1,4,emailservice,0.007409540412378438,7.409540412378438,46960640.0,69.976806640625,1,1
1775538420,7,7,1,4,emailservice,0.006316945933097511,6.316945933097511,46960640.0,69.976806640625,1,1
1775538360,7,6,1,4,paymentservice,0.004378322651445896,2.1891613257229476,203087872.0,151.312255859375,2,2
1775538420,7,7,1,4,paymentservice,0.003709224100093781,1.8546120500468906,204505088.0,152.3681640625,2,2
1775538360,7,6,1,4,productcatalogservice,0.19140798793774283,63.80266264591427,53911552.0,26.778157552083332,3,3
1775538420,7,7,1,4,productcatalogservice,0.18133533406430086,60.445111354766944,53592064.0,26.619466145833332,3,3
1775538360,7,6,1,4,recommendationservice,0.1810037059136921,45.250926478423025,179372032.0,19.438920454545457,4,4
1775538420,7,7,1,4,recommendationservice,0.17149069771801645,42.87267442950411,179367936.0,19.4384765625,4,4
1775538360,7,6,1,4,shippingservice,0.014190383911882397,14.190383911882396,20471808.0,30.50537109375,1,1
1775538420,7,7,1,4,shippingservice,0.01335980581968078,13.359805819680778,20217856.0,30.126953125,1,1
1775538420,7,7,1,4,frontend,0.4021264703071489,67.0210783845248,175480832.0,43.58113606770833,6,6
1775538480,7,8,1,4,frontend,0.40999033743822294,68.33172290637049,176615424.0,43.8629150390625,6,6
1775538420,7,7,1,4,adservice,0.01901597013480616,9.50798506740308,108711936.0,57.59765624999999,1,1
1775538480,7,8,1,4,adservice,0.019529645322835295,9.764822661417647,108752896.0,57.61935763888889,1,1
1775538420,7,7,1,4,cartservice,0.10003610964247314,25.009027410618284,134291456.0,100.054931640625,2,2
1775538480,7,8,1,4,cartservice,0.1052205828967871,26.30514572419677,134365184.0,100.10986328125,2,2
1775538420,7,7,1,4,checkoutservice,0.012748258101593555,12.748258101593555,22040576.0,32.843017578125,1,1
1775538480,7,8,1,4,checkoutservice,0.013709054852875392,13.70905485287539,22163456.0,33.026123046875,1,1
1775538420,7,7,1,4,currencyservice,0.17980235286695273,44.95058821673818,324169728.0,120.76263427734375,4,4
1775538480,7,8,1,4,currencyservice,0.18351012313803478,45.87753078450869,324997120.0,121.07086181640625,4,4
1775538420,7,7,1,4,emailservice,0.006316945933097511,6.316945933097511,46960640.0,69.976806640625,1,1
1775538480,7,8,1,4,emailservice,0.006630624851714621,6.63062485171462,47222784.0,70.367431640625,1,1
1775538420,7,7,1,4,paymentservice,0.003709224100093781,1.8546120500468906,204505088.0,152.3681640625,2,2
1775538480,7,8,1,4,paymentservice,0.0034515462856675497,1.7257731428337748,205086720.0,152.801513671875,2,2
1775538420,7,7,1,4,productcatalogservice,0.18133533406430086,60.445111354766944,53592064.0,26.619466145833332,3,3
1775538480,7,8,1,4,productcatalogservice,0.18372546810794882,61.24182270264959,53669888.0,26.658121744791668,3,3
1775538420,7,7,1,4,recommendationservice,0.17149069771801645,42.87267442950411,179367936.0,19.4384765625,4,4
1775538480,7,8,1,4,recommendationservice,0.16998516909061706,42.496292272654266,179630080.0,19.46688565340909,4,4
1775538420,7,7,1,4,shippingservice,0.01335980581968078,13.359805819680778,20217856.0,30.126953125,1,1
1775538480,7,8,1,4,shippingservice,0.013368693900794124,13.368693900794124,20164608.0,30.047607421875,1,1
1775538480,7,8,1,4,frontend,0.40999033743822294,68.33172290637049,176615424.0,43.8629150390625,6,6
1775538540,7,9,1,4,frontend,0.416002887567421,69.33381459457016,176177152.0,43.75406901041667,6,6
1775538480,7,8,1,4,adservice,0.019529645322835295,9.764822661417647,108752896.0,57.61935763888889,1,1
1775538540,7,9,1,4,adservice,0.019900189970418567,9.950094985209283,108756992.0,57.62152777777778,1,1
1775538480,7,8,1,4,cartservice,0.1052205828967871,26.30514572419677,134365184.0,100.10986328125,2,2
1775538540,7,9,1,4,cartservice,0.11388450870579296,28.471127176448242,134344704.0,100.0946044921875,2,2
1775538480,7,8,1,4,checkoutservice,0.013709054852875392,13.70905485287539,22163456.0,33.026123046875,1,1
1775538540,7,9,1,4,checkoutservice,0.014380123814977502,14.380123814977502,22073344.0,32.891845703125,1,1
1775538480,7,8,1,4,currencyservice,0.18351012313803478,45.87753078450869,324997120.0,121.07086181640625,4,4
1775538540,7,9,1,4,currencyservice,0.18916893661240636,47.29223415310159,327524352.0,122.0123291015625,4,4
1775538480,7,8,1,4,emailservice,0.006630624851714621,6.63062485171462,47222784.0,70.367431640625,1,1
1775538540,7,9,1,4,emailservice,0.0066573038890112264,6.657303889011226,46960640.0,69.976806640625,1,1
1775538480,7,8,1,4,paymentservice,0.0034515462856675497,1.7257731428337748,205086720.0,152.801513671875,2,2
1775538540,7,9,1,4,paymentservice,0.0038091568975560986,1.9045784487780493,205479936.0,153.094482421875,2,2
1775538480,7,8,1,4,productcatalogservice,0.18372546810794882,61.24182270264959,53669888.0,26.658121744791668,3,3
1775538540,7,9,1,4,productcatalogservice,0.18739310554682523,62.464368515608406,53710848.0,26.678466796875,3,3
1775538480,7,8,1,4,recommendationservice,0.16998516909061706,42.496292272654266,179630080.0,19.46688565340909,4,4
1775538540,7,9,1,4,recommendationservice,0.17999459030729076,44.998647576822684,179384320.0,19.440252130681817,4,4
1775538480,7,8,1,4,shippingservice,0.013368693900794124,13.368693900794124,20164608.0,30.047607421875,1,1
1775538540,7,9,1,4,shippingservice,0.013701901028184907,13.701901028184906,20049920.0,29.876708984375,1,1
1775538540,7,9,1,4,frontend,0.416002887567421,69.33381459457016,176177152.0,43.75406901041667,6,6
1775538600,7,10,1,4,frontend,0.3949184492225928,65.81974153709879,175845376.0,43.67167154947917,6,6
1775538540,7,9,1,4,adservice,0.019900189970418567,9.950094985209283,108756992.0,57.62152777777778,1,1
1775538600,7,10,1,4,adservice,0.018839257609485648,9.419628804742823,108707840.0,57.595486111111114,1,1
1775538540,7,9,1,4,cartservice,0.11388450870579296,28.471127176448242,134344704.0,100.0946044921875,2,2
1775538600,7,10,1,4,cartservice,0.10339496297654611,25.848740744136528,134303744.0,100.0640869140625,2,2
1775538540,7,9,1,4,checkoutservice,0.014380123814977502,14.380123814977502,22073344.0,32.891845703125,1,1
1775538600,7,10,1,4,checkoutservice,0.01535178295778626,15.35178295778626,21958656.0,32.720947265625,1,1
1775538540,7,9,1,4,currencyservice,0.18916893661240636,47.29223415310159,327524352.0,122.0123291015625,4,4
1775538600,7,10,1,4,currencyservice,0.18801111055790157,47.00277763947539,327020544.0,121.82464599609375,4,4
1775538540,7,9,1,4,emailservice,0.0066573038890112264,6.657303889011226,46960640.0,69.976806640625,1,1
1775538600,7,10,1,4,emailservice,0.006977311264402802,6.977311264402801,46964736.0,69.98291015625,1,1
1775538540,7,9,1,4,paymentservice,0.0038091568975560986,1.9045784487780493,205479936.0,153.094482421875,2,2
1775538600,7,10,1,4,paymentservice,0.0035308886873441454,1.7654443436720724,206094336.0,153.55224609375,2,2
1775538540,7,9,1,4,productcatalogservice,0.18739310554682523,62.464368515608406,53710848.0,26.678466796875,3,3
1775538600,7,10,1,4,productcatalogservice,0.18129708000714612,60.43236000238203,53493760.0,26.570638020833332,3,3
1775538540,7,9,1,4,recommendationservice,0.17999459030729076,44.998647576822684,179384320.0,19.440252130681817,4,4
1775538600,7,10,1,4,recommendationservice,0.16555118153139087,41.38779538284771,179380224.0,19.439808238636363,4,4
1775538540,7,9,1,4,shippingservice,0.013701901028184907,13.701901028184906,20049920.0,29.876708984375,1,1
1775538600,7,10,1,4,shippingservice,0.01326955699290626,13.269556992906258,20037632.0,29.8583984375,1,1
1775538600,7,10,1,4,frontend,0.3949184492225928,65.81974153709879,175845376.0,43.67167154947917,6,6
1775538660,7,11,1,4,frontend,0.34975855068514594,58.29309178085765,175747072.0,43.64725748697917,6,6
1775538600,7,10,1,4,adservice,0.018839257609485648,9.419628804742823,108707840.0,57.595486111111114,1,1
1775538660,7,11,1,4,adservice,0.017303891175365578,8.651945587682789,108703744.0,57.59331597222223,1,1
1775538600,7,10,1,4,cartservice,0.10339496297654611,25.848740744136528,134303744.0,100.0640869140625,2,2
1775538660,7,11,1,4,cartservice,0.09615407579927385,24.03851894981846,134340608.0,100.091552734375,2,2
1775538600,7,10,1,4,checkoutservice,0.01535178295778626,15.35178295778626,21958656.0,32.720947265625,1,1
1775538660,7,11,1,4,checkoutservice,0.014802169342797197,14.802169342797198,21803008.0,32.489013671875,1,1
1775538600,7,10,1,4,currencyservice,0.18801111055790157,47.00277763947539,327020544.0,121.82464599609375,4,4
1775538660,7,11,1,4,currencyservice,0.17102738710777896,42.756846776944734,328806400.0,122.48992919921875,4,4
1775538600,7,10,1,4,emailservice,0.006977311264402802,6.977311264402801,46964736.0,69.98291015625,1,1
1775538660,7,11,1,4,emailservice,0.007075909855233039,7.075909855233038,46972928.0,69.9951171875,1,1
1775538600,7,10,1,4,paymentservice,0.0035308886873441454,1.7654443436720724,206094336.0,153.55224609375,2,2
1775538660,7,11,1,4,paymentservice,0.003544150647259536,1.7720753236297677,206458880.0,153.8238525390625,2,2
1775538600,7,10,1,4,productcatalogservice,0.18129708000714612,60.43236000238203,53493760.0,26.570638020833332,3,3
1775538660,7,11,1,4,productcatalogservice,0.16782926690472727,55.943088968242414,53268480.0,26.458740234375,3,3
1775538600,7,10,1,4,recommendationservice,0.16555118153139087,55.18372717713028,179380224.0,25.91974431818182,3,3
1775538660,7,11,1,4,recommendationservice,0.1556859839144071,51.89532797146903,179638272.0,25.95703125,3,3
1775538600,7,10,1,4,shippingservice,0.01326955699290626,13.269556992906258,20037632.0,29.8583984375,1,1
1775538660,7,11,1,4,shippingservice,0.012383920967462686,12.383920967462686,20463616.0,30.4931640625,1,1
1775538660,7,11,1,4,frontend,0.34975855068514594,58.29309178085765,175747072.0,43.64725748697917,6,6
1775538720,7,12,1,4,frontend,0.34202715301248243,57.0045255020804,176082944.0,43.73067220052083,6,6
1775538660,7,11,1,4,adservice,0.017303891175365578,8.651945587682789,108703744.0,57.59331597222223,1,1
1775538720,7,12,1,4,adservice,0.01609557211745999,8.047786058729994,108707840.0,57.595486111111114,1,1
1775538660,7,11,1,4,cartservice,0.09615407579927385,24.03851894981846,134340608.0,100.091552734375,2,2
1775538720,7,12,1,4,cartservice,0.09086987576606528,22.71746894151632,134311936.0,100.0701904296875,2,2
1775538660,7,11,1,4,checkoutservice,0.014802169342797197,14.802169342797198,21803008.0,32.489013671875,1,1
1775538720,7,12,1,4,checkoutservice,0.01330088880659024,13.300888806590239,22200320.0,33.0810546875,1,1
1775538660,7,11,1,4,currencyservice,0.17102738710777896,57.00912903592631,328806400.0,163.31990559895831,3,3
1775538720,7,12,1,4,currencyservice,0.15048444428437438,50.16148142812479,329437184.0,163.63321940104169,3,3
1775538660,7,11,1,4,emailservice,0.007075909855233039,7.075909855233038,46972928.0,69.9951171875,1,1
1775538720,7,12,1,4,emailservice,0.006747179501978529,6.747179501978529,46960640.0,69.976806640625,1,1
1775538660,7,11,1,4,paymentservice,0.003544150647259536,1.7720753236297677,206458880.0,153.8238525390625,2,2
1775538720,7,12,1,4,paymentservice,0.0031221385607845065,1.5610692803922532,207347712.0,154.486083984375,2,2
1775538660,7,11,1,4,productcatalogservice,0.16782926690472727,55.943088968242414,53268480.0,26.458740234375,3,3
1775538720,7,12,1,4,productcatalogservice,0.15032615053928944,50.1087168464298,54083584.0,26.863606770833332,3,3
1775538660,7,11,1,4,recommendationservice,0.1556859839144071,51.89532797146903,179638272.0,25.95703125,3,3
1775538720,7,12,1,4,recommendationservice,0.141355295546584,47.11843184886133,134590464.0,19.447798295454547,3,3
1775538660,7,11,1,4,shippingservice,0.012383920967462686,12.383920967462686,20463616.0,30.4931640625,1,1
1775538720,7,12,1,4,shippingservice,0.01004359517660117,10.043595176601169,20017152.0,29.827880859375,1,1
1775538720,7,12,1,4,frontend,0.34202715301248243,57.0045255020804,176082944.0,43.73067220052083,6,6
1775538780,7,13,1,4,frontend,0.36012700434403344,60.02116739067224,174551040.0,43.3502197265625,6,6
1775538720,7,12,1,4,adservice,0.01609557211745999,8.047786058729994,108707840.0,57.595486111111114,1,1
1775538780,7,13,1,4,adservice,0.015251115784604998,7.625557892302498,108756992.0,57.62152777777778,1,1
1775538720,7,12,1,4,cartservice,0.09086987576606528,22.71746894151632,134311936.0,100.0701904296875,2,2
1775538780,7,13,1,4,cartservice,0.09989247766486528,24.97311941621632,134230016.0,100.0091552734375,2,2
1775538720,7,12,1,4,checkoutservice,0.01330088880659024,13.300888806590239,22200320.0,33.0810546875,1,1
1775538780,7,13,1,4,checkoutservice,0.013598055609568345,13.598055609568343,21962752.0,32.72705078125,1,1
1775538720,7,12,1,4,currencyservice,0.15048444428437438,50.16148142812479,329437184.0,163.63321940104169,3,3
1775538780,7,13,1,4,currencyservice,0.1568700661773263,52.29002205910875,253251584.0,125.79142252604167,3,3
1775538720,7,12,1,4,emailservice,0.006747179501978529,6.747179501978529,46960640.0,69.976806640625,1,1
1775538780,7,13,1,4,emailservice,0.006653030843291979,6.653030843291978,46960640.0,69.976806640625,1,1
1775538720,7,12,1,4,paymentservice,0.0031221385607845065,1.5610692803922532,207347712.0,154.486083984375,2,2
1775538780,7,13,1,4,paymentservice,0.00327169175696626,1.6358458784831296,208183296.0,155.108642578125,2,2
1775538720,7,12,1,4,productcatalogservice,0.15032615053928944,50.1087168464298,54083584.0,26.863606770833332,3,3
1775538780,7,13,1,4,productcatalogservice,0.16441252254538058,54.80417418179352,53612544.0,26.629638671875,3,3
1775538720,7,12,1,4,recommendationservice,0.141355295546584,47.11843184886133,134590464.0,19.447798295454547,3,3
1775538780,7,13,1,4,recommendationservice,0.1548510775818305,51.617025860610156,134561792.0,19.4436553030303,3,3
1775538720,7,12,1,4,shippingservice,0.01004359517660117,10.043595176601169,20017152.0,29.827880859375,1,1
1775538780,7,13,1,4,shippingservice,0.011226867541294585,11.226867541294585,20029440.0,29.84619140625,1,1
1775538780,7,13,1,4,frontend,0.36012700434403344,60.02116739067224,174551040.0,43.3502197265625,6,6
1775538840,7,14,1,4,frontend,0.36880652100957545,61.4677535015959,175013888.0,43.46516927083333,6,6
1775538780,7,13,1,4,adservice,0.015251115784604998,7.625557892302498,108756992.0,57.62152777777778,1,1
1775538840,7,14,1,4,adservice,0.017513362754101883,8.756681377050942,108711936.0,57.59765624999999,1,1
1775538780,7,13,1,4,cartservice,0.09989247766486528,24.97311941621632,134230016.0,100.0091552734375,2,2
1775538840,7,14,1,4,cartservice,0.08791119808914144,21.97779952228536,134287360.0,100.0518798828125,2,2
1775538780,7,13,1,4,checkoutservice,0.013598055609568345,13.598055609568343,21962752.0,32.72705078125,1,1
1775538840,7,14,1,4,checkoutservice,0.013727728674981178,13.727728674981176,21843968.0,32.550048828125,1,1
1775538780,7,13,1,4,currencyservice,0.1568700661773263,52.29002205910875,253251584.0,125.79142252604167,3,3
1775538840,7,14,1,4,currencyservice,0.159606574466822,53.202191488940656,253595648.0,125.96232096354167,3,3
1775538780,7,13,1,4,emailservice,0.006653030843291979,6.653030843291978,46960640.0,69.976806640625,1,1
1775538840,7,14,1,4,emailservice,0.0066754837390752535,6.675483739075252,46964736.0,69.98291015625,1,1
1775538780,7,13,1,4,paymentservice,0.00327169175696626,1.6358458784831296,208183296.0,155.108642578125,2,2
1775538840,7,14,1,4,paymentservice,0.003481019347134145,1.7405096735670724,208850944.0,155.6060791015625,2,2
1775538780,7,13,1,4,productcatalogservice,0.16441252254538058,54.80417418179352,53612544.0,26.629638671875,3,3
1775538840,7,14,1,4,productcatalogservice,0.16794264224498676,55.98088074832891,54165504.0,26.904296875,3,3
1775538780,7,13,1,4,recommendationservice,0.1548510775818305,51.617025860610156,134561792.0,19.4436553030303,3,3
1775538840,7,14,1,4,recommendationservice,0.14576987873758007,48.58995957919335,134569984.0,19.444839015151516,3,3
1775538780,7,13,1,4,shippingservice,0.011226867541294585,11.226867541294585,20029440.0,29.84619140625,1,1
1775538840,7,14,1,4,shippingservice,0.0124433953216747,12.4433953216747,20144128.0,30.01708984375,1,1
1775538840,7,14,1,4,frontend,0.36880652100957545,61.4677535015959,175013888.0,43.46516927083333,6,6
1775538900,7,15,1,4,frontend,0.34454812700999926,57.424687834999865,174260224.0,43.27799479166667,6,6
1775538840,7,14,1,4,adservice,0.017513362754101883,8.756681377050942,108711936.0,57.59765624999999,1,1
1775538900,7,15,1,4,adservice,0.016277496413324762,8.13874820666238,109277184.0,57.897135416666664,1,1
1775538840,7,14,1,4,cartservice,0.08791119808914144,21.97779952228536,134287360.0,100.0518798828125,2,2
1775538900,7,15,1,4,cartservice,0.08417876130585818,21.044690326464544,134275072.0,100.042724609375,2,2
1775538840,7,14,1,4,checkoutservice,0.013727728674981178,13.727728674981176,21843968.0,32.550048828125,1,1
1775538900,7,15,1,4,checkoutservice,0.012721609712230837,12.721609712230835,21987328.0,32.763671875,1,1
1775538840,7,14,1,4,currencyservice,0.159606574466822,53.202191488940656,253595648.0,125.96232096354167,3,3
1775538900,7,15,1,4,currencyservice,0.14968691633311101,49.89563877770367,253411328.0,125.87076822916667,3,3
1775538840,7,14,1,4,emailservice,0.0066754837390752535,6.675483739075252,46964736.0,69.98291015625,1,1
1775538900,7,15,1,4,emailservice,0.005169179166663677,5.169179166663676,46960640.0,69.976806640625,1,1
1775538840,7,14,1,4,paymentservice,0.003481019347134145,1.7405096735670724,208850944.0,155.6060791015625,2,2
1775538900,7,15,1,4,paymentservice,0.005234824735594496,2.6174123677972476,209022976.0,155.7342529296875,2,2
1775538840,7,14,1,4,productcatalogservice,0.16794264224498676,55.98088074832891,54165504.0,26.904296875,3,3
1775538900,7,15,1,4,productcatalogservice,0.15000603568724805,50.00201189574934,53530624.0,26.588948567708332,3,3
1775538840,7,14,1,4,recommendationservice,0.14576987873758007,48.58995957919335,134569984.0,19.444839015151516,3,3
1775538900,7,15,1,4,recommendationservice,0.14135490404083131,47.11830134694377,134557696.0,19.443063446969695,3,3
1775538840,7,14,1,4,shippingservice,0.0124433953216747,12.4433953216747,20144128.0,30.01708984375,1,1
1775538900,7,15,1,4,shippingservice,0.011088784255963309,11.088784255963308,20422656.0,30.43212890625,1,1
1775538900,7,15,1,4,frontend,0.34454812700999926,57.424687834999865,174260224.0,43.27799479166667,6,6
1775538960,7,16,1,4,frontend,0.3134180479715396,52.23634132858993,170278912.0,42.28922526041667,6,6
1775538900,7,15,1,4,adservice,0.016277496413324762,8.13874820666238,109277184.0,57.897135416666664,1,1
1775538960,7,16,1,4,adservice,0.014057914420251404,7.028957210125701,108761088.0,57.62369791666667,1,1
1775538900,7,15,1,4,cartservice,0.08417876130585818,21.044690326464544,134275072.0,100.042724609375,2,2
1775538960,7,16,1,4,cartservice,0.08010605353993708,20.02651338498427,134303744.0,100.0640869140625,2,2
1775538900,7,15,1,4,checkoutservice,0.012721609712230837,12.721609712230835,21987328.0,32.763671875,1,1
1775538960,7,16,1,4,checkoutservice,0.012363885932988301,12.3638859329883,22216704.0,33.10546875,1,1
1775538900,7,15,1,4,currencyservice,0.14968691633311101,49.89563877770367,253411328.0,125.87076822916667,3,3
1775538960,7,16,1,4,currencyservice,0.13653133860735978,45.51044620245325,255717376.0,127.01619466145833,3,3
1775538900,7,15,1,4,emailservice,0.005169179166663677,5.169179166663676,46960640.0,69.976806640625,1,1
1775538960,7,16,1,4,emailservice,0.006176852584705576,6.176852584705576,46960640.0,69.976806640625,1,1
1775538900,7,15,1,4,paymentservice,0.005234824735594496,2.6174123677972476,209022976.0,155.7342529296875,2,2
1775538960,7,16,1,4,paymentservice,0.004927420898192485,2.4637104490962423,210214912.0,156.622314453125,2,2
1775538900,7,15,1,4,productcatalogservice,0.15000603568724805,50.00201189574934,53530624.0,26.588948567708332,3,3
1775538960,7,16,1,4,productcatalogservice,0.14619816664851437,48.732722216171446,53018624.0,26.334635416666668,3,3
1775538900,7,15,1,4,recommendationservice,0.14135490404083131,47.11830134694377,134557696.0,19.443063446969695,3,3
1775538960,7,16,1,4,recommendationservice,0.13296887252865733,44.32295750955244,134565888.0,19.444247159090907,3,3
1775538900,7,15,1,4,shippingservice,0.011088784255963309,11.088784255963308,20422656.0,30.43212890625,1,1
1775538960,7,16,1,4,shippingservice,0.010569618456426493,10.569618456426493,20103168.0,29.9560546875,1,1
1775538960,7,16,1,4,frontend,0.3134180479715396,52.23634132858993,170278912.0,42.28922526041667,6,6
1775539020,7,17,1,4,frontend,0.3283206407356485,54.72010678927474,170237952.0,42.279052734375,6,6
1775538960,7,16,1,4,adservice,0.014057914420251404,7.028957210125701,108761088.0,57.62369791666667,1,1
1775539020,7,17,1,4,adservice,0.0160351383796813,8.01756918984065,109068288.0,57.786458333333336,1,1
1775538960,7,16,1,4,cartservice,0.08010605353993708,20.02651338498427,134303744.0,100.0640869140625,2,2
1775539020,7,17,1,4,cartservice,0.0933054637568988,23.3263659392247,134430720.0,100.15869140625,2,2
1775538960,7,16,1,4,checkoutservice,0.012363885932988301,12.3638859329883,22216704.0,33.10546875,1,1
1775539020,7,17,1,4,checkoutservice,0.009678886322581789,9.678886322581787,21303296.0,31.744384765625,1,1
1775538960,7,16,1,4,currencyservice,0.13653133860735978,45.51044620245325,255717376.0,127.01619466145833,3,3
1775539020,7,17,1,4,currencyservice,0.1445035378584713,48.16784595282376,252702720.0,125.518798828125,3,3
1775538960,7,16,1,4,emailservice,0.006176852584705576,6.176852584705576,46960640.0,69.976806640625,1,1
1775539020,7,17,1,4,emailservice,0.005646886733992219,5.646886733992218,46960640.0,69.976806640625,1,1
1775538960,7,16,1,4,paymentservice,0.004927420898192485,2.4637104490962423,210214912.0,156.622314453125,2,2
1775539020,7,17,1,4,paymentservice,0.002852618817061988,1.4263094085309937,211050496.0,157.244873046875,2,2
1775538960,7,16,1,4,productcatalogservice,0.14619816664851437,48.732722216171446,53018624.0,26.334635416666668,3,3
1775539020,7,17,1,4,productcatalogservice,0.15007429031346164,50.02476343782054,52690944.0,26.171875,3,3
1775538960,7,16,1,4,recommendationservice,0.13296887252865733,44.32295750955244,134565888.0,19.444247159090907,3,3
1775539020,7,17,1,4,recommendationservice,0.1320695631482881,44.02318771609603,134545408.0,19.44128787878788,3,3
1775538960,7,16,1,4,shippingservice,0.010569618456426493,10.569618456426493,20103168.0,29.9560546875,1,1
1775539020,7,17,1,4,shippingservice,0.01014979029359214,10.14979029359214,20135936.0,30.0048828125,1,1
1775539020,7,17,1,4,frontend,0.3283206407356485,54.72010678927474,170237952.0,42.279052734375,6,6
1775539080,7,18,1,4,frontend,0.34548188517222034,57.58031419537005,171839488.0,42.67679850260417,6,6
1775539020,7,17,1,4,adservice,0.0160351383796813,8.01756918984065,109068288.0,57.786458333333336,1,1
1775539080,7,18,1,4,adservice,0.016063316847689583,8.03165842384479,108707840.0,57.595486111111114,1,1
1775539020,7,17,1,4,cartservice,0.0933054637568988,23.3263659392247,134430720.0,100.15869140625,2,2
1775539080,7,18,1,4,cartservice,0.10233006818164048,25.582517045410118,134373376.0,100.115966796875,2,2
1775539020,7,17,1,4,checkoutservice,0.009678886322581789,9.678886322581787,21303296.0,31.744384765625,1,1
1775539080,7,18,1,4,checkoutservice,0.010167064569597825,10.167064569597825,21614592.0,32.208251953125,1,1
1775539020,7,17,1,4,currencyservice,0.1445035378584713,48.16784595282376,252702720.0,125.518798828125,3,3
1775539080,7,18,1,4,currencyservice,0.15863365563062629,52.87788521020875,254627840.0,126.47501627604167,3,3
1775539020,7,17,1,4,emailservice,0.005646886733992219,5.646886733992218,46960640.0,69.976806640625,1,1
1775539080,7,18,1,4,emailservice,0.005650442683848871,5.650442683848871,46960640.0,69.976806640625,1,1
1775539020,7,17,1,4,paymentservice,0.002852618817061988,1.4263094085309937,211050496.0,157.244873046875,2,2
1775539080,7,18,1,4,paymentservice,0.0026876386478258624,1.343819323912931,212140032.0,158.056640625,2,2
1775539020,7,17,1,4,productcatalogservice,0.15007429031346164,50.02476343782054,52690944.0,26.171875,3,3
1775539080,7,18,1,4,productcatalogservice,0.15525156637161655,51.75052212387218,53014528.0,26.332600911458332,3,3
1775539020,7,17,1,4,recommendationservice,0.1320695631482881,44.02318771609603,134545408.0,19.44128787878788,3,3
1775539080,7,18,1,4,recommendationservice,0.13844733119392277,46.149110397974255,134561792.0,19.4436553030303,3,3
1775539020,7,17,1,4,shippingservice,0.01014979029359214,10.14979029359214,20135936.0,30.0048828125,1,1
1775539080,7,18,1,4,shippingservice,0.010545494903569468,10.545494903569468,19488768.0,29.04052734375,1,1
1775539080,7,18,1,4,frontend,0.34548188517222034,57.58031419537005,171839488.0,42.67679850260417,6,6
1775539140,7,19,1,4,frontend,0.3142431462391363,52.373857706522706,170831872.0,42.42655436197917,6,6
1775539080,7,18,1,4,adservice,0.016063316847689583,8.03165842384479,108707840.0,57.595486111111114,1,1
1775539140,7,19,1,4,adservice,0.014683984173416011,7.341992086708005,108703744.0,57.59331597222223,1,1
1775539080,7,18,1,4,cartservice,0.10233006818164048,25.582517045410118,134373376.0,100.115966796875,2,2
1775539140,7,19,1,4,cartservice,0.09512730597039806,23.781826492599514,134893568.0,100.5035400390625,2,2
1775539080,7,18,1,4,checkoutservice,0.010167064569597825,10.167064569597825,21614592.0,32.208251953125,1,1
1775539140,7,19,1,4,checkoutservice,0.01155722743191582,11.55722743191582,21422080.0,31.92138671875,1,1
1775539080,7,18,1,4,currencyservice,0.15863365563062629,52.87788521020875,254627840.0,126.47501627604167,3,3
1775539140,7,19,1,4,currencyservice,0.1454562731097525,48.485424369917496,254259200.0,126.29191080729167,3,3
1775539080,7,18,1,4,emailservice,0.005650442683848871,5.650442683848871,46960640.0,69.976806640625,1,1
1775539140,7,19,1,4,emailservice,0.005878869234149338,5.878869234149338,46964736.0,69.98291015625,1,1
1775539080,7,18,1,4,paymentservice,0.0026876386478258624,1.343819323912931,212140032.0,158.056640625,2,2
1775539140,7,19,1,4,paymentservice,0.002857976438028725,1.4289882190143626,211787776.0,157.794189453125,2,2
1775539080,7,18,1,4,productcatalogservice,0.15525156637161655,51.75052212387218,53014528.0,26.332600911458332,3,3
1775539140,7,19,1,4,productcatalogservice,0.13974732460323186,46.58244153441061,52879360.0,26.265462239583332,3,3
1775539080,7,18,1,4,recommendationservice,0.13844733119392277,46.149110397974255,134561792.0,19.4436553030303,3,3
1775539140,7,19,1,4,recommendationservice,0.12054859633230079,40.18286544410026,134582272.0,19.446614583333332,3,3
1775539080,7,18,1,4,shippingservice,0.010545494903569468,10.545494903569468,19488768.0,29.04052734375,1,1
1775539140,7,19,1,4,shippingservice,0.010227194878086281,10.22719487808628,19509248.0,29.071044921875,1,1
1775539140,7,19,1,4,frontend,0.3142431462391363,52.373857706522706,170831872.0,42.42655436197917,6,6
1775539200,7,20,1,4,frontend,0.27246091615962587,45.41015269327097,171712512.0,42.645263671875,6,6
1775539140,7,19,1,4,adservice,0.014683984173416011,7.341992086708005,108703744.0,57.59331597222223,1,1
1775539200,7,20,1,4,adservice,0.013129835505829787,6.564917752914893,108716032.0,57.599826388888886,1,1
1775539140,7,19,1,4,cartservice,0.09512730597039806,23.781826492599514,134893568.0,100.5035400390625,2,2
1775539200,7,20,1,4,cartservice,0.08554319523941194,21.385798809852982,134393856.0,100.1312255859375,2,2
1775539140,7,19,1,4,checkoutservice,0.01155722743191582,11.55722743191582,21422080.0,31.92138671875,1,1
1775539200,7,20,1,4,checkoutservice,0.010396782093528721,10.39678209352872,21852160.0,32.562255859375,1,1
1775539140,7,19,1,4,currencyservice,0.1454562731097525,48.485424369917496,254259200.0,126.29191080729167,3,3
1775539200,7,20,1,4,currencyservice,0.1292022919128386,43.067430637612865,255606784.0,126.96126302083333,3,3
1775539140,7,19,1,4,emailservice,0.005878869234149338,5.878869234149338,46964736.0,69.98291015625,1,1
1775539200,7,20,1,4,emailservice,0.00568674225183299,5.68674225183299,46960640.0,69.976806640625,1,1
1775539140,7,19,1,4,paymentservice,0.002857976438028725,1.4289882190143626,211787776.0,157.794189453125,2,2
1775539200,7,20,1,4,paymentservice,0.0026938512595872234,1.3469256297936116,213561344.0,159.1156005859375,2,2
1775539140,7,19,1,4,productcatalogservice,0.13974732460323186,46.58244153441061,52879360.0,26.265462239583332,3,3
1775539200,7,20,1,4,productcatalogservice,0.12758811364068315,42.52937121356105,53796864.0,26.72119140625,3,3
1775539140,7,19,1,4,recommendationservice,0.12054859633230079,60.274298166150395,134582272.0,29.169921875,2,2
1775539200,7,20,1,4,recommendationservice,0.11454467924157526,57.272339620787626,134561792.0,29.165482954545453,2,2
1775539140,7,19,1,4,shippingservice,0.010227194878086281,10.22719487808628,19509248.0,29.071044921875,1,1
1775539200,7,20,1,4,shippingservice,0.009396659336560262,9.396659336560262,19812352.0,29.522705078125,1,1
1775539200,7,20,1,4,frontend,0.27246091615962587,45.41015269327097,171712512.0,42.645263671875,6,6
1775539260,7,21,1,4,frontend,0.296963401624454,49.49390027074232,171757568.0,42.65645345052083,6,6
1775539200,7,20,1,4,adservice,0.013129835505829787,6.564917752914893,108716032.0,57.599826388888886,1,1
1775539260,7,21,1,4,adservice,0.014101916352712133,7.050958176356066,108752896.0,57.61935763888889,1,1
1775539200,7,20,1,4,cartservice,0.08554319523941194,21.385798809852982,134393856.0,100.1312255859375,2,2
1775539260,7,21,1,4,cartservice,0.08738373395849448,21.84593348962362,134320128.0,100.0762939453125,2,2
1775539200,7,20,1,4,checkoutservice,0.010396782093528721,10.39678209352872,21852160.0,32.562255859375,1,1
1775539260,7,21,1,4,checkoutservice,0.013482148891878133,13.482148891878133,21438464.0,31.94580078125,1,1
1775539200,7,20,1,4,currencyservice,0.1292022919128386,64.6011459564193,255606784.0,190.44189453125,2,2
1775539260,7,21,1,4,currencyservice,0.12680023412829555,63.40011706414778,259178496.0,193.10302734375,2,2
1775539200,7,20,1,4,emailservice,0.00568674225183299,5.68674225183299,46960640.0,69.976806640625,1,1
1775539260,7,21,1,4,emailservice,0.006151552359236306,6.151552359236305,46964736.0,69.98291015625,1,1
1775539200,7,20,1,4,paymentservice,0.0026938512595872234,1.3469256297936116,213561344.0,159.1156005859375,2,2
1775539260,7,21,1,4,paymentservice,0.0032487443161504435,1.6243721580752217,213929984.0,159.3902587890625,2,2
1775539200,7,20,1,4,productcatalogservice,0.12758811364068315,42.52937121356105,53796864.0,26.72119140625,3,3
1775539260,7,21,1,4,productcatalogservice,0.13201744667861065,44.00581555953688,52871168.0,26.261393229166668,3,3
1775539200,7,20,1,4,recommendationservice,0.11454467924157526,57.272339620787626,134561792.0,29.165482954545453,2,2
1775539260,7,21,1,4,recommendationservice,0.11904327843356845,59.521639216784216,90062848.0,19.520596590909093,2,2
1775539200,7,20,1,4,shippingservice,0.009396659336560262,9.396659336560262,19812352.0,29.522705078125,1,1
1775539260,7,21,1,4,shippingservice,0.010303738911348063,10.303738911348063,19529728.0,29.1015625,1,1
1775539260,7,21,1,4,frontend,0.296963401624454,49.49390027074232,171757568.0,42.65645345052083,6,6
1775539320,7,22,1,4,frontend,0.3255782545139536,54.263042418992256,172081152.0,42.73681640625,6,6
1775539260,7,21,1,4,adservice,0.014101916352712133,7.050958176356066,108752896.0,57.61935763888889,1,1
1775539320,7,22,1,4,adservice,0.015107784371527155,7.553892185763578,108707840.0,57.595486111111114,1,1
1775539260,7,21,1,4,cartservice,0.08738373395849448,21.84593348962362,134320128.0,100.0762939453125,2,2
1775539320,7,22,1,4,cartservice,0.09117926440647703,22.794816101619254,134311936.0,100.0701904296875,2,2
1775539260,7,21,1,4,checkoutservice,0.013482148891878133,13.482148891878133,21438464.0,31.94580078125,1,1
1775539320,7,22,1,4,checkoutservice,0.013543704469613657,13.543704469613656,21774336.0,32.4462890625,1,1
1775539260,7,21,1,4,currencyservice,0.12680023412829555,42.26674470943185,259178496.0,128.7353515625,3,3
1775539320,7,22,1,4,currencyservice,0.15672367734105921,52.24122578035306,175423488.0,87.1337890625,3,3
1775539260,7,21,1,4,emailservice,0.006151552359236306,6.151552359236305,46964736.0,69.98291015625,1,1
1775539320,7,22,1,4,emailservice,0.006665400932278375,6.6654009322783745,46964736.0,69.98291015625,1,1
1775539260,7,21,1,4,paymentservice,0.0032487443161504435,1.6243721580752217,213929984.0,159.3902587890625,2,2
1775539320,7,22,1,4,paymentservice,0.0033993186936743178,1.6996593468371588,214081536.0,159.503173828125,2,2
1775539260,7,21,1,4,productcatalogservice,0.13201744667861065,44.00581555953688,52871168.0,26.261393229166668,3,3
1775539320,7,22,1,4,productcatalogservice,0.14549444295082498,48.49814765027499,53288960.0,26.468912760416668,3,3
1775539260,7,21,1,4,recommendationservice,0.11904327843356845,39.68109281118948,90062848.0,13.013731060606059,3,3
1775539320,7,22,1,4,recommendationservice,0.13112241382813705,43.70747127604568,90099712.0,13.019057765151516,3,3
1775539260,7,21,1,4,shippingservice,0.010303738911348063,10.303738911348063,19529728.0,29.1015625,1,1
1775539320,7,22,1,4,shippingservice,0.011365425735549585,11.365425735549586,19656704.0,29.290771484375,1,1
1775539320,7,22,1,4,frontend,0.3255782545139536,54.263042418992256,172081152.0,42.73681640625,6,6
1775539380,7,23,1,4,frontend,0.2902874793574528,48.38124655957546,172765184.0,42.90669759114583,6,6
1775539320,7,22,1,4,adservice,0.015107784371527155,7.553892185763578,108707840.0,57.595486111111114,1,1
1775539380,7,23,1,4,adservice,0.013711611842444502,6.855805921222251,108703744.0,57.59331597222223,1,1
1775539320,7,22,1,4,cartservice,0.09117926440647703,22.794816101619254,134311936.0,100.0701904296875,2,2
1775539380,7,23,1,4,cartservice,0.08062505789821825,20.15626447455456,134348800.0,100.09765625,2,2
1775539320,7,22,1,4,checkoutservice,0.013543704469613657,13.543704469613656,21774336.0,32.4462890625,1,1
1775539380,7,23,1,4,checkoutservice,0.011621079444503378,11.621079444503378,21336064.0,31.793212890625,1,1
1775539320,7,22,1,4,currencyservice,0.15672367734105921,52.24122578035306,175423488.0,87.1337890625,3,3
1775539380,7,23,1,4,currencyservice,0.15844142496459176,52.81380832153057,197259264.0,97.979736328125,3,3
1775539320,7,22,1,4,emailservice,0.006665400932278375,6.6654009322783745,46964736.0,69.98291015625,1,1
1775539380,7,23,1,4,emailservice,0.005830232141263907,5.830232141263907,46960640.0,69.976806640625,1,1
1775539320,7,22,1,4,paymentservice,0.0033993186936743178,1.6996593468371588,214081536.0,159.503173828125,2,2
1775539380,7,23,1,4,paymentservice,0.003010308331867091,1.5051541659335455,215195648.0,160.333251953125,2,2
1775539320,7,22,1,4,productcatalogservice,0.14549444295082498,48.49814765027499,53288960.0,26.468912760416668,3,3
1775539380,7,23,1,4,productcatalogservice,0.12775920989108058,42.586403297026855,52338688.0,25.996907552083332,3,3
1775539320,7,22,1,4,recommendationservice,0.13112241382813705,43.70747127604568,90099712.0,13.019057765151516,3,3
1775539380,7,23,1,4,recommendationservice,0.12141749828333469,40.472499427778224,134606848.0,19.45016571969697,3,3
1775539320,7,22,1,4,shippingservice,0.011365425735549585,11.365425735549586,19656704.0,29.290771484375,1,1
1775539380,7,23,1,4,shippingservice,0.009527035956172282,9.52703595617228,19656704.0,29.290771484375,1,1
1775539380,7,23,1,4,frontend,0.2902874793574528,48.38124655957546,172765184.0,42.90669759114583,6,6
1775539440,7,24,1,4,frontend,0.2519917975028432,41.99863291714052,173137920.0,42.999267578125,6,6
1775539380,7,23,1,4,adservice,0.013711611842444502,6.855805921222251,108703744.0,57.59331597222223,1,1
1775539440,7,24,1,4,adservice,0.012425557756262291,6.212778878131145,108658688.0,57.56944444444444,1,1
1775539380,7,23,1,4,cartservice,0.08062505789821825,20.15626447455456,134348800.0,100.09765625,2,2
1775539440,7,24,1,4,cartservice,0.07142986223110587,17.857465557776468,134397952.0,100.13427734375,2,2
1775539380,7,23,1,4,checkoutservice,0.011621079444503378,11.621079444503378,21336064.0,31.793212890625,1,1
1775539440,7,24,1,4,checkoutservice,0.008585361333540655,8.585361333540655,21368832.0,31.842041015625,1,1
1775539380,7,23,1,4,currencyservice,0.15844142496459176,52.81380832153057,197259264.0,97.979736328125,3,3
1775539440,7,24,1,4,currencyservice,0.1298135636050815,43.27118786836049,196481024.0,97.59318033854166,3,3
1775539380,7,23,1,4,emailservice,0.005830232141263907,5.830232141263907,46960640.0,69.976806640625,1,1
1775539440,7,24,1,4,emailservice,0.0051466096388375765,5.146609638837576,46952448.0,69.964599609375,1,1
1775539380,7,23,1,4,paymentservice,0.003010308331867091,1.5051541659335455,215195648.0,160.333251953125,2,2
1775539440,7,24,1,4,paymentservice,0.003264853419219831,1.6324267096099152,215822336.0,160.8001708984375,2,2
1775539380,7,23,1,4,productcatalogservice,0.12775920989108058,63.879604945540294,52338688.0,38.995361328125,2,2
1775539440,7,24,1,4,productcatalogservice,0.11327947164552074,56.639735822760365,53432320.0,39.8101806640625,2,2
1775539380,7,23,1,4,recommendationservice,0.12141749828333469,40.472499427778224,134606848.0,19.45016571969697,3,3
1775539440,7,24,1,4,recommendationservice,0.11001936245584942,36.67312081861647,134328320.0,19.409919507575758,3,3
1775539380,7,23,1,4,shippingservice,0.009527035956172282,9.52703595617228,19656704.0,29.290771484375,1,1
1775539440,7,24,1,4,shippingservice,0.007319745308443223,7.319745308443222,19591168.0,29.193115234375,1,1
1775539440,7,24,1,4,frontend,0.2519917975028432,41.99863291714052,173137920.0,42.999267578125,6,6
1775539500,7,25,1,4,frontend,0.28494956358581597,47.49159393096932,173281280.0,43.03487141927083,6,6
1775539440,7,24,1,4,adservice,0.012425557756262291,6.212778878131145,108658688.0,57.56944444444444,1,1
1775539500,7,25,1,4,adservice,0.01356014635715176,6.780073178575879,108806144.0,57.64756944444444,1,1
1775539440,7,24,1,4,cartservice,0.07142986223110587,17.857465557776468,134397952.0,100.13427734375,2,2
1775539500,7,25,1,4,cartservice,0.0804352660675949,20.108816516898724,134320128.0,100.0762939453125,2,2
1775539440,7,24,1,4,checkoutservice,0.008585361333540655,8.585361333540655,21368832.0,31.842041015625,1,1
1775539500,7,25,1,4,checkoutservice,0.01110208090941682,11.10208090941682,21913600.0,32.65380859375,1,1
1775539440,7,24,1,4,currencyservice,0.1298135636050815,43.27118786836049,196481024.0,97.59318033854166,3,3
1775539500,7,25,1,4,currencyservice,0.13316949951785326,44.38983317261774,198328320.0,98.5107421875,3,3
1775539440,7,24,1,4,emailservice,0.0051466096388375765,5.146609638837576,46952448.0,69.964599609375,1,1
1775539500,7,25,1,4,emailservice,0.005557239326785749,5.557239326785749,46964736.0,69.98291015625,1,1
1775539440,7,24,1,4,paymentservice,0.003264853419219831,1.6324267096099152,215822336.0,160.8001708984375,2,2
1775539500,7,25,1,4,paymentservice,0.008853047711952142,4.426523855976071,215662592.0,160.68115234375,2,2
1775539440,7,24,1,4,productcatalogservice,0.11327947164552074,56.639735822760365,53432320.0,39.8101806640625,2,2
1775539500,7,25,1,4,productcatalogservice,0.12811386737049105,64.05693368524553,38846464.0,28.94287109375,2,2
1775539440,7,24,1,4,recommendationservice,0.11001936245584942,36.67312081861647,134328320.0,19.409919507575758,3,3
1775539500,7,25,1,4,recommendationservice,0.11161157275121156,37.20385758373718,134332416.0,19.410511363636363,3,3
1775539440,7,24,1,4,shippingservice,0.007319745308443223,7.319745308443222,19591168.0,29.193115234375,1,1
1775539500,7,25,1,4,shippingservice,0.009332977617248134,9.332977617248133,19628032.0,29.248046875,1,1
1775539500,7,25,1,4,frontend,0.28494956358581597,47.49159393096932,173281280.0,43.03487141927083,6,6
1775539560,7,26,1,4,frontend,0.29260800865674663,48.768001442791096,172965888.0,42.95654296875,6,6
1775539500,7,25,1,4,adservice,0.01356014635715176,6.780073178575879,108806144.0,57.64756944444444,1,1
1775539560,7,26,1,4,adservice,0.013714404404304508,6.857202202152253,108756992.0,57.62152777777778,1,1
1775539500,7,25,1,4,cartservice,0.0804352660675949,20.108816516898724,134320128.0,100.0762939453125,2,2
1775539560,7,26,1,4,cartservice,0.08395117837766897,20.98779459441724,134393856.0,100.1312255859375,2,2
1775539500,7,25,1,4,checkoutservice,0.01110208090941682,11.10208090941682,21913600.0,32.65380859375,1,1
1775539560,7,26,1,4,checkoutservice,0.012457629896731883,12.457629896731882,21819392.0,32.513427734375,1,1
1775539500,7,25,1,4,currencyservice,0.13316949951785326,44.38983317261774,198328320.0,98.5107421875,3,3
1775539560,7,26,1,4,currencyservice,0.13307593101469048,44.358643671563485,201658368.0,100.164794921875,3,3
1775539500,7,25,1,4,emailservice,0.005557239326785749,5.557239326785749,46964736.0,69.98291015625,1,1
1775539560,7,26,1,4,emailservice,0.006307979079077595,6.307979079077594,46964736.0,69.98291015625,1,1
1775539500,7,25,1,4,paymentservice,0.008853047711952142,4.426523855976071,215662592.0,160.68115234375,2,2
1775539560,7,26,1,4,paymentservice,0.006156402260391518,3.078201130195759,217440256.0,162.005615234375,2,2
1775539500,7,25,1,4,productcatalogservice,0.12811386737049105,42.70462245683034,38846464.0,19.295247395833336,3,3
1775539560,7,26,1,4,productcatalogservice,0.1307952310304828,43.59841034349426,39079936.0,19.411214192708336,3,3
1775539500,7,25,1,4,recommendationservice,0.11161157275121156,37.20385758373718,134332416.0,19.410511363636363,3,3
1775539560,7,26,1,4,recommendationservice,0.11692017240137656,38.973390800458844,134344704.0,19.412286931818183,3,3
1775539500,7,25,1,4,shippingservice,0.009332977617248134,9.332977617248133,19628032.0,29.248046875,1,1
1775539560,7,26,1,4,shippingservice,0.010410097616254802,10.410097616254802,19611648.0,29.2236328125,1,1
1775539560,7,26,1,4,frontend,0.29260800865674663,58.52160173134933,172965888.0,51.5478515625,5,5
1775539620,7,27,1,4,frontend,0.2636812324694512,52.736246493890235,173727744.0,51.77490234374999,5,5
1775539560,7,26,1,4,adservice,0.013714404404304508,6.857202202152253,108756992.0,57.62152777777778,1,1
1775539620,7,27,1,4,adservice,0.012419494945195047,6.209747472597523,108703744.0,57.59331597222223,1,1
1775539560,7,26,1,4,cartservice,0.08395117837766897,20.98779459441724,134393856.0,100.1312255859375,2,2
1775539620,7,27,1,4,cartservice,0.07636004235568195,19.090010588920485,134340608.0,100.091552734375,2,2
1775539560,7,26,1,4,checkoutservice,0.012457629896731883,12.457629896731882,21819392.0,32.513427734375,1,1
1775539620,7,27,1,4,checkoutservice,0.011557267253636224,11.557267253636223,21913600.0,32.65380859375,1,1
1775539560,7,26,1,4,currencyservice,0.13307593101469048,44.358643671563485,201658368.0,100.164794921875,3,3
1775539620,7,27,1,4,currencyservice,0.11755948869512574,39.186496231708574,204746752.0,101.69881184895833,3,3
1775539560,7,26,1,4,emailservice,0.006307979079077595,6.307979079077594,46964736.0,69.98291015625,1,1
1775539620,7,27,1,4,emailservice,0.006072378720916201,6.0723787209162,46960640.0,69.976806640625,1,1
1775539560,7,26,1,4,paymentservice,0.006156402260391518,3.078201130195759,217440256.0,162.005615234375,2,2
1775539620,7,27,1,4,paymentservice,0.003812821456443362,1.906410728221681,217645056.0,162.158203125,2,2
1775539560,7,26,1,4,productcatalogservice,0.1307952310304828,43.59841034349426,39079936.0,19.411214192708336,3,3
1775539620,7,27,1,4,productcatalogservice,0.11946222482218535,39.820741607395114,48439296.0,24.06005859375,3,3
1775539560,7,26,1,4,recommendationservice,0.11692017240137656,38.973390800458844,134344704.0,19.412286931818183,3,3
1775539620,7,27,1,4,recommendationservice,0.10709175040831707,35.69725013610569,134365184.0,19.41524621212121,3,3
1775539560,7,26,1,4,shippingservice,0.010410097616254802,10.410097616254802,19611648.0,29.2236328125,1,1
1775539620,7,27,1,4,shippingservice,0.009153986159238472,9.153986159238473,19558400.0,29.144287109375,1,1
1775539620,7,27,1,4,frontend,0.2636812324694512,52.736246493890235,173727744.0,51.77490234374999,5,5
1775539680,7,28,1,4,frontend,0.22210646185432797,44.421292370865594,148287488.0,44.193115234375,5,5
1775539740,7,29,1,4,frontend,0.23773760516897435,47.54752103379487,148463616.0,44.24560546875,5,5
1775539620,7,27,1,4,adservice,0.012419494945195047,6.209747472597523,108703744.0,57.59331597222223,1,1
1775539680,7,28,1,4,adservice,0.011343029525509418,5.671514762754709,108716032.0,57.599826388888886,1,1
1775539740,7,29,1,4,adservice,0.01094621287582744,5.47310643791372,108752896.0,57.61935763888889,1,1
1775539620,7,27,1,4,cartservice,0.07636004235568195,19.090010588920485,134340608.0,100.091552734375,2,2
1775539680,7,28,1,4,cartservice,0.06420317915303936,16.05079478825984,134320128.0,100.0762939453125,2,2
1775539740,7,29,1,4,cartservice,0.06012550698984202,15.031376747460504,134410240.0,100.1434326171875,2,2
1775539620,7,27,1,4,checkoutservice,0.011557267253636224,11.557267253636223,21913600.0,32.65380859375,1,1
1775539680,7,28,1,4,checkoutservice,0.008481713244798482,8.481713244798481,21729280.0,32.379150390625,1,1
1775539740,7,29,1,4,checkoutservice,0.00831726646890268,8.31726646890268,21475328.0,32.000732421875,1,1
1775539620,7,27,1,4,currencyservice,0.11755948869512574,58.77974434756287,204746752.0,152.5482177734375,2,2
1775539680,7,28,1,4,currencyservice,0.10912447799095619,54.5622389954781,206352384.0,153.7445068359375,2,2
1775539740,7,29,1,4,currencyservice,0.1133930051992473,56.69650259962364,188452864.0,140.4083251953125,2,2
1775539620,7,27,1,4,emailservice,0.006072378720916201,6.0723787209162,46960640.0,69.976806640625,1,1
1775539680,7,28,1,4,emailservice,0.005181497394820138,5.181497394820137,46960640.0,69.976806640625,1,1
1775539740,7,29,1,4,emailservice,0.0046455665509828594,4.645566550982859,46964736.0,69.98291015625,1,1
1775539620,7,27,1,4,paymentservice,0.003812821456443362,1.906410728221681,217645056.0,162.158203125,2,2
1775539680,7,28,1,4,paymentservice,0.002975832047581327,1.4879160237906637,218402816.0,162.7227783203125,2,2
1775539740,7,29,1,4,paymentservice,0.0028603873281071264,1.430193664053563,218968064.0,163.1439208984375,2,2
1775539620,7,27,1,4,productcatalogservice,0.11946222482218535,39.820741607395114,48439296.0,24.06005859375,3,3
1775539680,7,28,1,4,productcatalogservice,0.10642645994750004,35.475486649166676,48623616.0,24.151611328125,3,3
1775539740,7,29,1,4,productcatalogservice,0.1168923183910678,38.96410613035592,49074176.0,24.375406901041664,3,3
1775539620,7,27,1,4,recommendationservice,0.10709175040831707,53.545875204158534,134365184.0,29.122869318181817,2,2
1775539680,7,28,1,4,recommendationservice,0.09451731276339015,47.258656381695076,134332416.0,29.115767045454543,2,2
1775539740,7,29,1,4,recommendationservice,0.09879450764047996,49.397253820239975,90066944.0,19.521484375,2,2
1775539620,7,27,1,4,shippingservice,0.009153986159238472,9.153986159238473,19558400.0,29.144287109375,1,1
1775539680,7,28,1,4,shippingservice,0.006980379120181277,6.980379120181277,19558400.0,29.144287109375,1,1
1775539740,7,29,1,4,shippingservice,0.008432963816877055,8.432963816877056,19709952.0,29.3701171875,1,1
1775539740,7,29,1,4,frontend,0.24550757886970076,49.10151577394015,148344832.0,44.210205078125,5,5
1775539800,7,30,1,4,frontend,0.2706253148228379,54.12506296456758,149098496.0,44.434814453125,5,5
1775539740,7,29,1,4,adservice,0.012409015040018416,6.204507520009208,108761088.0,57.62369791666667,1,1
1775539800,7,30,1,4,adservice,0.012627310596171412,6.313655298085706,108707840.0,57.595486111111114,1,1
1775539740,7,29,1,4,cartservice,0.07204412019971584,18.011030049928962,134377472.0,100.1190185546875,2,2
1775539800,7,30,1,4,cartservice,0.07866971958250751,19.667429895626878,134270976.0,100.0396728515625,2,2
1775539740,7,29,1,4,checkoutservice,0.009658947722375081,9.65894772237508,21581824.0,32.159423828125,1,1
1775539800,7,30,1,4,checkoutservice,0.010909742690977652,10.909742690977652,21483520.0,32.012939453125,1,1
1775539740,7,29,1,4,currencyservice,0.11712627287367523,58.56313643683762,189132800.0,140.9149169921875,2,2
1775539800,7,30,1,4,currencyservice,0.12499752566263406,62.49876283131702,184406016.0,137.3931884765625,2,2
1775539740,7,29,1,4,emailservice,0.005525933439334613,5.5259334393346125,46952448.0,69.964599609375,1,1
1775539800,7,30,1,4,emailservice,0.006027825572141484,6.027825572141484,46964736.0,69.98291015625,1,1
1775539740,7,29,1,4,paymentservice,0.002902026483614285,1.4510132418071424,219156480.0,163.2843017578125,2,2
1775539800,7,30,1,4,paymentservice,0.0032104555697505116,1.6052277848752559,219529216.0,163.56201171875,2,2
1775539740,7,29,1,4,productcatalogservice,0.11823140826450781,39.4104694215026,49545216.0,24.609375,3,3
1775539800,7,30,1,4,productcatalogservice,0.1223152851740816,40.77176172469386,49045504.0,24.361165364583336,3,3
1775539740,7,29,1,4,recommendationservice,0.10221819056115372,51.10909528057685,90066944.0,19.521484375,2,2
1775539800,7,30,1,4,recommendationservice,0.10458020865846926,52.29010432923462,90062848.0,19.520596590909093,2,2
1775539740,7,29,1,4,shippingservice,0.008432963816877055,8.432963816877056,19709952.0,29.3701171875,1,1
1775539800,7,30,1,4,shippingservice,0.009235918618764426,9.235918618764426,19685376.0,29.33349609375,1,1
1775539800,7,30,1,4,frontend,0.2706253148228379,54.12506296456758,149098496.0,44.434814453125,5,5
1775539860,7,31,1,4,frontend,0.24298211723851207,48.59642344770241,149098496.0,44.434814453125,5,5
1775539800,7,30,1,4,adservice,0.012627310596171412,6.313655298085706,108707840.0,57.595486111111114,1,1
1775539860,7,31,1,4,adservice,0.01145139513951626,5.725697569758129,108707840.0,57.595486111111114,1,1
1775539800,7,30,1,4,cartservice,0.07866971958250751,19.667429895626878,134270976.0,100.0396728515625,2,2
1775539860,7,31,1,4,cartservice,0.06679925423550216,16.69981355887554,134270976.0,100.0396728515625,2,2
1775539800,7,30,1,4,checkoutservice,0.010909742690977652,10.909742690977652,21483520.0,32.012939453125,1,1
1775539860,7,31,1,4,checkoutservice,0.00864418219253355,8.644182192533549,21921792.0,32.666015625,1,1
1775539800,7,30,1,4,currencyservice,0.12499752566263406,62.49876283131702,184406016.0,137.3931884765625,2,2
1775539860,7,31,1,4,currencyservice,0.11658598119271063,58.29299059635531,185245696.0,138.018798828125,2,2
1775539800,7,30,1,4,emailservice,0.006027825572141484,6.027825572141484,46964736.0,69.98291015625,1,1
1775539860,7,31,1,4,emailservice,0.005391398834463488,5.391398834463488,46960640.0,69.976806640625,1,1
1775539800,7,30,1,4,paymentservice,0.0032104555697505116,1.6052277848752559,219529216.0,163.56201171875,2,2
1775539860,7,31,1,4,paymentservice,0.0029719954119498105,1.4859977059749052,220409856.0,164.2181396484375,2,2
1775539800,7,30,1,4,productcatalogservice,0.1223152851740816,40.77176172469386,49045504.0,24.361165364583336,3,3
1775539860,7,31,1,4,productcatalogservice,0.10917295953529252,36.39098651176417,49180672.0,24.428304036458336,3,3
1775539800,7,30,1,4,recommendationservice,0.10458020865846926,52.29010432923462,90062848.0,19.520596590909093,2,2
1775539860,7,31,1,4,recommendationservice,0.0942766520308124,47.13832601540619,90054656.0,19.518821022727273,2,2
1775539800,7,30,1,4,shippingservice,0.009235918618764426,9.235918618764426,19685376.0,29.33349609375,1,1
1775539860,7,31,1,4,shippingservice,0.008323052296849555,8.323052296849553,19812352.0,29.522705078125,1,1
1775539860,7,31,1,4,frontend,0.24298211723851207,48.59642344770241,149098496.0,44.434814453125,5,5
1775539920,7,32,1,4,frontend,0.21394587553001754,42.789175106003505,148819968.0,44.351806640625,5,5
1775539860,7,31,1,4,adservice,0.01145139513951626,5.725697569758129,108707840.0,57.595486111111114,1,1
1775539920,7,32,1,4,adservice,0.010393479328274124,5.196739664137062,108707840.0,57.595486111111114,1,1
1775539860,7,31,1,4,cartservice,0.06679925423550216,16.69981355887554,134270976.0,100.0396728515625,2,2
1775539920,7,32,1,4,cartservice,0.05674590282681963,14.186475706704908,134246400.0,100.0213623046875,2,2
1775539860,7,31,1,4,checkoutservice,0.00864418219253355,8.644182192533549,21921792.0,32.666015625,1,1
1775539920,7,32,1,4,checkoutservice,0.009052102640531147,9.052102640531146,21643264.0,32.2509765625,1,1
1775539860,7,31,1,4,currencyservice,0.11658598119271063,58.29299059635531,185245696.0,138.018798828125,2,2
1775539920,7,32,1,4,currencyservice,0.10290935423865047,51.45467711932523,185442304.0,138.165283203125,2,2
1775539860,7,31,1,4,emailservice,0.005391398834463488,5.391398834463488,46960640.0,69.976806640625,1,1
1775539920,7,32,1,4,emailservice,0.0051577806219877086,5.157780621987708,46960640.0,69.976806640625,1,1
1775539860,7,31,1,4,paymentservice,0.0029719954119498105,1.4859977059749052,220409856.0,164.2181396484375,2,2
1775539920,7,32,1,4,paymentservice,0.002881410771009784,1.440705385504892,221364224.0,164.92919921875,2,2
1775539860,7,31,1,4,productcatalogservice,0.10917295953529252,54.58647976764625,49180672.0,36.6424560546875,2,2
1775539920,7,32,1,4,productcatalogservice,0.10018469126977318,50.09234563488659,38690816.0,28.826904296875,2,2
1775539860,7,31,1,4,recommendationservice,0.0942766520308124,47.13832601540619,90054656.0,19.518821022727273,2,2
1775539920,7,32,1,4,recommendationservice,0.08441736645092895,42.208683225464476,90050560.0,19.517933238636363,2,2
1775539860,7,31,1,4,shippingservice,0.008323052296849555,8.323052296849553,19812352.0,29.522705078125,1,1
1775539920,7,32,1,4,shippingservice,0.0076275352012613465,7.627535201261345,19513344.0,29.0771484375,1,1
1775539920,7,32,1,4,frontend,0.21394587553001754,42.789175106003505,148819968.0,44.351806640625,5,5
1775539980,7,33,1,4,frontend,0.1907715662273107,38.15431324546214,144969728.0,43.204345703125,5,5
1775539920,7,32,1,4,adservice,0.010393479328274124,5.196739664137062,108707840.0,57.595486111111114,1,1
1775539980,7,33,1,4,adservice,0.0093255370511115,4.66276852555575,108703744.0,57.59331597222223,1,1
1775539920,7,32,1,4,cartservice,0.05674590282681963,14.186475706704908,134246400.0,100.0213623046875,2,2
1775539980,7,33,1,4,cartservice,0.04891599149954422,12.228997874886053,134258688.0,100.030517578125,2,2
1775539920,7,32,1,4,checkoutservice,0.009052102640531147,9.052102640531146,21643264.0,32.2509765625,1,1
1775539980,7,33,1,4,checkoutservice,0.007732413422516643,7.732413422516643,21401600.0,31.890869140625,1,1
1775539920,7,32,1,4,currencyservice,0.10290935423865047,51.45467711932523,185442304.0,138.165283203125,2,2
1775539980,7,33,1,4,currencyservice,0.08639518228584495,43.19759114292247,185864192.0,138.4796142578125,2,2
1775539920,7,32,1,4,emailservice,0.0051577806219877086,5.157780621987708,46960640.0,69.976806640625,1,1
1775539980,7,33,1,4,emailservice,0.004889647614232684,4.889647614232684,46960640.0,69.976806640625,1,1
1775539920,7,32,1,4,paymentservice,0.002881410771009784,1.440705385504892,221364224.0,164.92919921875,2,2
1775539980,7,33,1,4,paymentservice,0.0027992622268183543,1.3996311134091772,221216768.0,164.8193359375,2,2
1775539920,7,32,1,4,productcatalogservice,0.10018469126977318,50.09234563488659,38690816.0,28.826904296875,2,2
1775539980,7,33,1,4,productcatalogservice,0.08706790753196636,43.53395376598318,38686720.0,28.8238525390625,2,2
1775539920,7,32,1,4,recommendationservice,0.08441736645092895,42.208683225464476,90050560.0,19.517933238636363,2,2
1775539980,7,33,1,4,recommendationservice,0.07535786694581986,37.67893347290993,90324992.0,19.577414772727273,2,2
1775539920,7,32,1,4,shippingservice,0.0076275352012613465,7.627535201261345,19513344.0,29.0771484375,1,1
1775539980,7,33,1,4,shippingservice,0.006671455152112754,6.671455152112754,19513344.0,29.0771484375,1,1
1775539980,7,33,1,4,frontend,0.1907715662273107,47.69289155682767,144969728.0,54.00543212890625,4,4
1775540040,7,34,1,4,frontend,0.20980565759017775,52.45141439754444,122978304.0,45.81298828125,4,4
1775539980,7,33,1,4,adservice,0.0093255370511115,4.66276852555575,108703744.0,57.59331597222223,1,1
1775540040,7,34,1,4,adservice,0.01048063431130486,5.24031715565243,108695552.0,57.58897569444444,1,1
1775539980,7,33,1,4,cartservice,0.04891599149954422,12.228997874886053,134258688.0,100.030517578125,2,2
1775540040,7,34,1,4,cartservice,0.05391347423850909,13.47836855962727,134270976.0,100.0396728515625,2,2
1775539980,7,33,1,4,checkoutservice,0.007732413422516643,7.732413422516643,21401600.0,31.890869140625,1,1
1775540040,7,34,1,4,checkoutservice,0.007468842674626725,7.468842674626725,21422080.0,31.92138671875,1,1
1775539980,7,33,1,4,currencyservice,0.08639518228584495,43.19759114292247,185864192.0,138.4796142578125,2,2
1775540040,7,34,1,4,currencyservice,0.09702845879941964,48.51422939970982,188846080.0,140.7012939453125,2,2
1775539980,7,33,1,4,emailservice,0.004889647614232684,4.889647614232684,46960640.0,69.976806640625,1,1
1775540040,7,34,1,4,emailservice,0.004807048691123019,4.807048691123018,46964736.0,69.98291015625,1,1
1775539980,7,33,1,4,paymentservice,0.0027992622268183543,1.3996311134091772,221216768.0,164.8193359375,2,2
1775540040,7,34,1,4,paymentservice,0.0026041824454024537,1.3020912227012267,224653312.0,167.3797607421875,2,2
1775539980,7,33,1,4,productcatalogservice,0.08706790753196636,43.53395376598318,38686720.0,28.8238525390625,2,2
1775540040,7,34,1,4,productcatalogservice,0.09642536168516389,48.21268084258194,39227392.0,29.2266845703125,2,2
1775539980,7,33,1,4,recommendationservice,0.07535786694581986,37.67893347290993,90324992.0,19.577414772727273,2,2
1775540040,7,34,1,4,recommendationservice,0.08464002726051789,42.32001363025895,90046464.0,19.517045454545453,2,2
1775539980,7,33,1,4,shippingservice,0.006671455152112754,6.671455152112754,19513344.0,29.0771484375,1,1
1775540040,7,34,1,4,shippingservice,0.007010695327457049,7.010695327457049,19607552.0,29.217529296875,1,1
1775540040,7,34,1,4,frontend,0.20980565759017775,52.45141439754444,122978304.0,45.81298828125,4,4
1775540100,7,35,1,4,frontend,0.22434881385785344,56.08720346446335,122253312.0,45.54290771484375,4,4
1775540040,7,34,1,4,adservice,0.01048063431130486,5.24031715565243,108695552.0,57.58897569444444,1,1
1775540100,7,35,1,4,adservice,0.010837589768789681,5.41879488439484,108695552.0,57.58897569444444,1,1
1775540040,7,34,1,4,cartservice,0.05391347423850909,13.47836855962727,134270976.0,100.0396728515625,2,2
1775540100,7,35,1,4,cartservice,0.06293321198202853,15.733302995507131,134332416.0,100.08544921875,2,2
1775540040,7,34,1,4,checkoutservice,0.007468842674626725,7.468842674626725,21422080.0,31.92138671875,1,1
1775540100,7,35,1,4,checkoutservice,0.009815328591862703,9.815328591862702,21512192.0,32.0556640625,1,1
1775540040,7,34,1,4,currencyservice,0.09702845879941964,48.51422939970982,188846080.0,140.7012939453125,2,2
1775540100,7,35,1,4,currencyservice,0.10141386547137551,50.70693273568775,190291968.0,141.778564453125,2,2
1775540040,7,34,1,4,emailservice,0.004807048691123019,4.807048691123018,46964736.0,69.98291015625,1,1
1775540100,7,35,1,4,emailservice,0.005319277171580983,5.319277171580983,46960640.0,69.976806640625,1,1
1775540040,7,34,1,4,paymentservice,0.0026041824454024537,1.3020912227012267,224653312.0,167.3797607421875,2,2
1775540100,7,35,1,4,paymentservice,0.003368503933959951,1.6842519669799754,227205120.0,169.281005859375,2,2
1775540040,7,34,1,4,productcatalogservice,0.09642536168516389,32.141787228387955,39227392.0,19.484456380208336,3,3
1775540100,7,35,1,4,productcatalogservice,0.10198248388589387,33.99416129529796,48939008.0,24.308268229166664,3,3
1775540040,7,34,1,4,recommendationservice,0.08464002726051789,42.32001363025895,90046464.0,19.517045454545453,2,2
1775540100,7,35,1,4,recommendationservice,0.09214070817906204,46.070354089531016,90058752.0,19.51970880681818,2,2
1775540040,7,34,1,4,shippingservice,0.007010695327457049,7.010695327457049,19607552.0,29.217529296875,1,1
1775540100,7,35,1,4,shippingservice,0.008282416748409828,8.282416748409828,19623936.0,29.241943359375,1,1
1775540100,7,35,1,4,frontend,0.22434881385785344,56.08720346446335,122253312.0,45.54290771484375,4,4
1775540160,7,36,1,4,frontend,0.20393145147501968,50.98286286875492,122933248.0,45.79620361328125,4,4
1775540100,7,35,1,4,adservice,0.010837589768789681,5.41879488439484,108695552.0,57.58897569444444,1,1
1775540160,7,36,1,4,adservice,0.010097164105352678,5.048582052676339,108695552.0,57.58897569444444,1,1
1775540100,7,35,1,4,cartservice,0.06293321198202853,15.733302995507131,134332416.0,100.08544921875,2,2
1775540160,7,36,1,4,cartservice,0.059871593348666846,14.96789833716671,134320128.0,100.0762939453125,2,2
1775540100,7,35,1,4,checkoutservice,0.009815328591862703,9.815328591862702,21512192.0,32.0556640625,1,1
1775540160,7,36,1,4,checkoutservice,0.008600037074806973,8.600037074806972,21684224.0,32.31201171875,1,1
1775540100,7,35,1,4,currencyservice,0.10141386547137551,50.70693273568775,190291968.0,141.778564453125,2,2
1775540160,7,36,1,4,currencyservice,0.08800822570148646,44.004112850743226,196198400.0,146.17919921875,2,2
1775540100,7,35,1,4,emailservice,0.005319277171580983,5.319277171580983,46960640.0,69.976806640625,1,1
1775540160,7,36,1,4,emailservice,0.004910794117923506,4.910794117923505,46952448.0,69.964599609375,1,1
1775540100,7,35,1,4,paymentservice,0.003368503933959951,1.6842519669799754,227205120.0,169.281005859375,2,2
1775540160,7,36,1,4,paymentservice,0.0034653466055325184,1.732673302766259,228364288.0,170.1446533203125,2,2
1775540100,7,35,1,4,productcatalogservice,0.10198248388589387,33.99416129529796,48939008.0,24.308268229166664,3,3
1775540160,7,36,1,4,productcatalogservice,0.09089675888053769,30.298919626845894,48766976.0,24.222819010416664,3,3
1775540100,7,35,1,4,recommendationservice,0.09214070817906204,46.070354089531016,90058752.0,19.51970880681818,2,2
1775540160,7,36,1,4,recommendationservice,0.0809547859293315,40.477392964665746,90042368.0,19.516157670454547,2,2
1775540100,7,35,1,4,shippingservice,0.008282416748409828,8.282416748409828,19623936.0,29.241943359375,1,1
1775540160,7,36,1,4,shippingservice,0.007093332067768239,7.093332067768239,19632128.0,29.254150390625,1,1
1775540160,7,36,1,4,frontend,0.20393145147501968,50.98286286875492,122933248.0,45.79620361328125,4,4
1775540220,7,37,1,4,frontend,0.16736144901695582,41.840362254238954,122388480.0,45.59326171875,4,4
1775540160,7,36,1,4,adservice,0.010097164105352678,5.048582052676339,108695552.0,57.58897569444444,1,1
1775540220,7,37,1,4,adservice,0.009110404715338444,4.555202357669222,108642304.0,57.560763888888886,1,1
1775540160,7,36,1,4,cartservice,0.059871593348666846,14.96789833716671,134320128.0,100.0762939453125,2,2
1775540220,7,37,1,4,cartservice,0.057501746547942156,14.375436636985539,134340608.0,100.091552734375,2,2
1775540160,7,36,1,4,checkoutservice,0.008600037074806973,8.600037074806972,21684224.0,32.31201171875,1,1
1775540220,7,37,1,4,checkoutservice,0.007207713915688258,7.207713915688258,21426176.0,31.927490234375,1,1
1775540160,7,36,1,4,currencyservice,0.08800822570148646,44.004112850743226,196198400.0,146.17919921875,2,2
1775540220,7,37,1,4,currencyservice,0.07744908824759593,38.72454412379796,199229440.0,148.4375,2,2
1775540160,7,36,1,4,emailservice,0.004910794117923506,4.910794117923505,46952448.0,69.964599609375,1,1
1775540220,7,37,1,4,emailservice,0.004802299713975507,4.802299713975507,46960640.0,69.976806640625,1,1
1775540160,7,36,1,4,paymentservice,0.0034653466055325184,1.732673302766259,228364288.0,170.1446533203125,2,2
1775540220,7,37,1,4,paymentservice,0.0029557255057784835,1.4778627528892416,229081088.0,170.6787109375,2,2
1775540160,7,36,1,4,productcatalogservice,0.09089675888053769,30.298919626845894,48766976.0,24.222819010416664,3,3
1775540220,7,37,1,4,productcatalogservice,0.08550714007141552,28.50238002380517,49750016.0,24.711100260416664,3,3
1775540160,7,36,1,4,recommendationservice,0.0809547859293315,40.477392964665746,90042368.0,19.516157670454547,2,2
1775540220,7,37,1,4,recommendationservice,0.0711848382403543,35.59241912017715,90050560.0,19.517933238636363,2,2
1775540160,7,36,1,4,shippingservice,0.007093332067768239,7.093332067768239,19632128.0,29.254150390625,1,1
1775540220,7,37,1,4,shippingservice,0.006047742559446843,6.047742559446843,19701760.0,29.35791015625,1,1
1775540220,7,37,1,4,frontend,0.16736144901695582,41.840362254238954,122388480.0,45.59326171875,4,4
1775540280,7,38,1,4,frontend,0.20577247256716139,51.44311814179034,121303040.0,45.18890380859375,4,4
1775540220,7,37,1,4,adservice,0.009110404715338444,4.555202357669222,108642304.0,57.560763888888886,1,1
1775540280,7,38,1,4,adservice,0.01024498232918987,5.122491164594935,109060096.0,57.78211805555556,1,1
1775540220,7,37,1,4,cartservice,0.057501746547942156,14.375436636985539,134340608.0,100.091552734375,2,2
1775540280,7,38,1,4,cartservice,0.05792590444766983,14.481476111917457,134279168.0,100.0457763671875,2,2
1775540220,7,37,1,4,checkoutservice,0.007207713915688258,7.207713915688258,21426176.0,31.927490234375,1,1
1775540280,7,38,1,4,checkoutservice,0.008137003478690183,8.137003478690183,21708800.0,32.3486328125,1,1
1775540220,7,37,1,4,currencyservice,0.07744908824759593,38.72454412379796,199229440.0,148.4375,2,2
1775540280,7,38,1,4,currencyservice,0.09399130047899877,46.99565023949938,200548352.0,149.420166015625,2,2
1775540220,7,37,1,4,emailservice,0.004802299713975507,4.802299713975507,46960640.0,69.976806640625,1,1
1775540280,7,38,1,4,emailservice,0.004890659779293649,4.8906597792936495,46952448.0,69.964599609375,1,1
1775540220,7,37,1,4,paymentservice,0.0029557255057784835,1.4778627528892416,229081088.0,170.6787109375,2,2
1775540280,7,38,1,4,paymentservice,0.0026853487827947268,1.3426743913973633,229687296.0,171.13037109375,2,2
1775540220,7,37,1,4,productcatalogservice,0.08550714007141552,28.50238002380517,49750016.0,24.711100260416664,3,3
1775540280,7,38,1,4,productcatalogservice,0.09386371735056763,31.28790578352254,53354496.0,26.50146484375,3,3
1775540220,7,37,1,4,recommendationservice,0.0711848382403543,35.59241912017715,90050560.0,19.517933238636363,2,2
1775540280,7,38,1,4,recommendationservice,0.0796853168933974,39.8426584466987,90046464.0,19.517045454545453,2,2
1775540220,7,37,1,4,shippingservice,0.006047742559446843,6.047742559446843,19701760.0,29.35791015625,1,1
1775540280,7,38,1,4,shippingservice,0.006657874008545119,6.657874008545119,19709952.0,29.3701171875,1,1
1775540280,7,38,1,4,frontend,0.20577247256716139,51.44311814179034,121303040.0,45.18890380859375,4,4
1775540340,7,39,1,4,frontend,0.21639060330020513,54.09765082505128,122052608.0,45.4681396484375,4,4
1775540280,7,38,1,4,adservice,0.01024498232918987,5.122491164594935,109060096.0,57.78211805555556,1,1
1775540340,7,39,1,4,adservice,0.01078050645567365,5.3902532278368245,108699648.0,57.591145833333336,1,1
1775540280,7,38,1,4,cartservice,0.05792590444766983,14.481476111917457,134279168.0,100.0457763671875,2,2
1775540340,7,39,1,4,cartservice,0.06666845547131126,16.667113867827812,134369280.0,100.1129150390625,2,2
1775540280,7,38,1,4,checkoutservice,0.008137003478690183,8.137003478690183,21708800.0,32.3486328125,1,1
1775540340,7,39,1,4,checkoutservice,0.009285834047817888,9.285834047817888,21901312.0,32.635498046875,1,1
1775540280,7,38,1,4,currencyservice,0.09399130047899877,46.99565023949938,200548352.0,149.420166015625,2,2
1775540340,7,39,1,4,currencyservice,0.10076719832467254,50.38359916233627,201715712.0,150.2899169921875,2,2
1775540280,7,38,1,4,emailservice,0.004890659779293649,4.8906597792936495,46952448.0,69.964599609375,1,1
1775540340,7,39,1,4,emailservice,0.005422536356332283,5.422536356332283,46960640.0,69.976806640625,1,1
1775540280,7,38,1,4,paymentservice,0.0026853487827947268,1.3426743913973633,229687296.0,171.13037109375,2,2
1775540340,7,39,1,4,paymentservice,0.00312347063951628,1.56173531975814,230600704.0,171.8109130859375,2,2
1775540280,7,38,1,4,productcatalogservice,0.09386371735056763,31.28790578352254,53354496.0,26.50146484375,3,3
1775540340,7,39,1,4,productcatalogservice,0.10328980331073406,34.429934436911346,52240384.0,25.948079427083332,3,3
1775540280,7,38,1,4,recommendationservice,0.0796853168933974,39.8426584466987,90046464.0,19.517045454545453,2,2
1775540340,7,39,1,4,recommendationservice,0.08816260400228461,44.081302001142305,90058752.0,19.51970880681818,2,2
1775540280,7,38,1,4,shippingservice,0.006657874008545119,6.657874008545119,19709952.0,29.3701171875,1,1
1775540340,7,39,1,4,shippingservice,0.007487978664916777,7.487978664916777,19546112.0,29.1259765625,1,1
1775540340,7,39,1,4,frontend,0.21639060330020513,54.09765082505128,122052608.0,45.4681396484375,4,4
1775540400,7,40,1,4,frontend,0.19912112191884276,49.78028047971069,122388480.0,45.59326171875,4,4
1775540340,7,39,1,4,adservice,0.01078050645567365,5.3902532278368245,108699648.0,57.591145833333336,1,1
1775540400,7,40,1,4,adservice,0.009663797364105248,4.831898682052624,108695552.0,57.58897569444444,1,1
1775540340,7,39,1,4,cartservice,0.06666845547131126,16.667113867827812,134369280.0,100.1129150390625,2,2
1775540400,7,40,1,4,cartservice,0.06550922721983155,16.377306804957886,134369280.0,100.1129150390625,2,2
1775540340,7,39,1,4,checkoutservice,0.009285834047817888,9.285834047817888,21901312.0,32.635498046875,1,1
1775540400,7,40,1,4,checkoutservice,0.008778772279283982,8.778772279283983,21479424.0,32.0068359375,1,1
1775540340,7,39,1,4,currencyservice,0.10076719832467254,50.38359916233627,201715712.0,150.2899169921875,2,2
1775540400,7,40,1,4,currencyservice,0.08831469039034595,44.15734519517297,201420800.0,150.0701904296875,2,2
1775540340,7,39,1,4,emailservice,0.005422536356332283,5.422536356332283,46960640.0,69.976806640625,1,1
1775540400,7,40,1,4,emailservice,0.004566351610859296,4.566351610859296,46964736.0,69.98291015625,1,1
1775540340,7,39,1,4,paymentservice,0.00312347063951628,1.56173531975814,230600704.0,171.8109130859375,2,2
1775540400,7,40,1,4,paymentservice,0.0033316313534171222,1.665815676708561,231243776.0,172.2900390625,2,2
1775540340,7,39,1,4,productcatalogservice,0.10328980331073406,34.429934436911346,52240384.0,25.948079427083332,3,3
1775540400,7,40,1,4,productcatalogservice,0.09379304080307597,31.264346934358656,52281344.0,25.968424479166668,3,3
1775540340,7,39,1,4,recommendationservice,0.08816260400228461,44.081302001142305,90058752.0,19.51970880681818,2,2
1775540400,7,40,1,4,recommendationservice,0.07902062369292856,39.51031184646428,90058752.0,19.51970880681818,2,2
1775540340,7,39,1,4,shippingservice,0.007487978664916777,7.487978664916777,19546112.0,29.1259765625,1,1
1775540400,7,40,1,4,shippingservice,0.007325967737368845,7.325967737368845,19615744.0,29.229736328125,1,1
1775540400,7,40,1,4,frontend,0.19912112191884276,49.78028047971069,122388480.0,45.59326171875,4,4
1775540460,7,41,1,4,frontend,0.17401968588264552,43.50492147066138,122392576.0,45.59478759765625,4,4
1775540400,7,40,1,4,adservice,0.009663797364105248,4.831898682052624,108695552.0,57.58897569444444,1,1
1775540460,7,41,1,4,adservice,0.008392527948684819,4.196263974342409,108695552.0,57.58897569444444,1,1
1775540400,7,40,1,4,cartservice,0.06550922721983155,16.377306804957886,134369280.0,100.1129150390625,2,2
1775540460,7,41,1,4,cartservice,0.052540369689169364,13.135092422292342,134356992.0,100.103759765625,2,2
1775540400,7,40,1,4,checkoutservice,0.008778772279283982,8.778772279283983,21479424.0,32.0068359375,1,1
1775540460,7,41,1,4,checkoutservice,0.00772630242393133,7.726302423931329,21618688.0,32.21435546875,1,1
1775540400,7,40,1,4,currencyservice,0.08831469039034595,44.15734519517297,201420800.0,150.0701904296875,2,2
1775540460,7,41,1,4,currencyservice,0.07844671885343765,39.22335942671882,204271616.0,152.1942138671875,2,2
1775540400,7,40,1,4,emailservice,0.004566351610859296,4.566351610859296,46964736.0,69.98291015625,1,1
1775540460,7,41,1,4,emailservice,0.004888017506951396,4.888017506951396,46960640.0,69.976806640625,1,1
1775540400,7,40,1,4,paymentservice,0.0033316313534171222,1.665815676708561,231243776.0,172.2900390625,2,2
1775540460,7,41,1,4,paymentservice,0.002821096704886934,1.410548352443467,231653376.0,172.59521484375,2,2
1775540400,7,40,1,4,productcatalogservice,0.09379304080307597,46.896520401537984,52281344.0,38.95263671875,2,2
1775540460,7,41,1,4,productcatalogservice,0.08301177596622393,41.50588798311196,39325696.0,29.2999267578125,2,2
1775540400,7,40,1,4,recommendationservice,0.07902062369292856,39.51031184646428,90058752.0,19.51970880681818,2,2
1775540460,7,41,1,4,recommendationservice,0.07161177412280417,35.80588706140209,90046464.0,19.517045454545453,2,2
1775540400,7,40,1,4,shippingservice,0.007325967737368845,7.325967737368845,19615744.0,29.229736328125,1,1
1775540460,7,41,1,4,shippingservice,0.006762088406193062,6.762088406193062,19767296.0,29.45556640625,1,1
1775540460,7,41,1,4,frontend,0.17401968588264552,43.50492147066138,122392576.0,45.59478759765625,4,4
1775540520,7,42,1,4,frontend,0.1897730949104933,47.44327372762332,123162624.0,45.88165283203125,4,4
1775540460,7,41,1,4,adservice,0.008392527948684819,4.196263974342409,108695552.0,57.58897569444444,1,1
1775540520,7,42,1,4,adservice,0.00947690513969209,4.738452569846045,108793856.0,57.64105902777777,1,1
1775540460,7,41,1,4,cartservice,0.052540369689169364,13.135092422292342,134356992.0,100.103759765625,2,2
1775540520,7,42,1,4,cartservice,0.048943509088428545,12.235877272107135,134295552.0,100.0579833984375,2,2
1775540460,7,41,1,4,checkoutservice,0.00772630242393133,7.726302423931329,21618688.0,32.21435546875,1,1
1775540520,7,42,1,4,checkoutservice,0.006876978694684786,6.876978694684785,21630976.0,32.232666015625,1,1
1775540460,7,41,1,4,currencyservice,0.07844671885343765,39.22335942671882,204271616.0,152.1942138671875,2,2
1775540520,7,42,1,4,currencyservice,0.08765921203370809,43.829606016854044,202969088.0,151.2237548828125,2,2
1775540460,7,41,1,4,emailservice,0.004888017506951396,4.888017506951396,46960640.0,69.976806640625,1,1
1775540520,7,42,1,4,emailservice,0.004757708203799291,4.75770820379929,46960640.0,69.976806640625,1,1
1775540460,7,41,1,4,paymentservice,0.002821096704886934,1.410548352443467,231653376.0,172.59521484375,2,2
1775540520,7,42,1,4,paymentservice,0.0028256197648976016,1.4128098824488007,232620032.0,173.3154296875,2,2
1775540460,7,41,1,4,productcatalogservice,0.08301177596622393,41.50588798311196,39325696.0,29.2999267578125,2,2
1775540520,7,42,1,4,productcatalogservice,0.08495196048070423,42.475980240352115,39305216.0,29.28466796875,2,2
1775540460,7,41,1,4,recommendationservice,0.07161177412280417,35.80588706140209,90046464.0,19.517045454545453,2,2
1775540520,7,42,1,4,recommendationservice,0.074989839516827,37.494919758413495,90054656.0,19.518821022727273,2,2
1775540460,7,41,1,4,shippingservice,0.006762088406193062,6.762088406193062,19767296.0,29.45556640625,1,1
1775540520,7,42,1,4,shippingservice,0.006679586377936727,6.679586377936728,19914752.0,29.67529296875,1,1
1775540520,7,42,1,4,frontend,0.1897730949104933,47.44327372762332,123162624.0,45.88165283203125,4,4
1775540580,7,43,1,4,frontend,0.205554549326862,51.3886373317155,122679296.0,45.70159912109375,4,4
1775540520,7,42,1,4,adservice,0.00947690513969209,4.738452569846045,108793856.0,57.64105902777777,1,1
1775540580,7,43,1,4,adservice,0.010458842253668612,5.229421126834306,108699648.0,57.591145833333336,1,1
1775540520,7,42,1,4,cartservice,0.048943509088428545,12.235877272107135,134295552.0,100.0579833984375,2,2
1775540580,7,43,1,4,cartservice,0.0584175672130499,14.604391803262473,134303744.0,100.0640869140625,2,2
1775540520,7,42,1,4,checkoutservice,0.006876978694684786,6.876978694684785,21630976.0,32.232666015625,1,1
1775540580,7,43,1,4,checkoutservice,0.007978742077027801,7.978742077027801,21549056.0,32.110595703125,1,1
1775540520,7,42,1,4,currencyservice,0.08765921203370809,43.829606016854044,202969088.0,151.2237548828125,2,2
1775540580,7,43,1,4,currencyservice,0.08522814397402288,42.614071987011435,206098432.0,153.5552978515625,2,2
1775540520,7,42,1,4,emailservice,0.004757708203799291,4.75770820379929,46960640.0,69.976806640625,1,1
1775540580,7,43,1,4,emailservice,0.005072706563949632,5.072706563949632,46964736.0,69.98291015625,1,1
1775540520,7,42,1,4,paymentservice,0.0028256197648976016,1.4128098824488007,232620032.0,173.3154296875,2,2
1775540580,7,43,1,4,paymentservice,0.002983719755791231,1.4918598778956156,233238528.0,173.7762451171875,2,2
1775540520,7,42,1,4,productcatalogservice,0.08495196048070423,42.475980240352115,39305216.0,29.28466796875,2,2
1775540580,7,43,1,4,productcatalogservice,0.09339163968554459,46.695819842772295,39735296.0,29.6051025390625,2,2
1775540520,7,42,1,4,recommendationservice,0.074989839516827,37.494919758413495,90054656.0,19.518821022727273,2,2
1775540580,7,43,1,4,recommendationservice,0.08146313138521565,40.731565692607816,90046464.0,19.517045454545453,2,2
1775540520,7,42,1,4,shippingservice,0.006679586377936727,6.679586377936728,19914752.0,29.67529296875,1,1
1775540580,7,43,1,4,shippingservice,0.0060456132823573155,6.045613282357315,19689472.0,29.339599609375,1,1
1775540580,7,43,1,4,frontend,0.205554549326862,51.3886373317155,122679296.0,45.70159912109375,4,4
1775540640,7,44,1,4,frontend,0.1815484519812108,45.3871129953027,122990592.0,45.81756591796875,4,4
1775540580,7,43,1,4,adservice,0.010458842253668612,5.229421126834306,108699648.0,57.591145833333336,1,1
1775540640,7,44,1,4,adservice,0.009164117786011438,4.582058893005718,108699648.0,57.591145833333336,1,1
1775540580,7,43,1,4,cartservice,0.0584175672130499,14.604391803262473,134303744.0,100.0640869140625,2,2
1775540640,7,44,1,4,cartservice,0.054974595048430976,13.743648762107744,134352896.0,100.1007080078125,2,2
1775540580,7,43,1,4,checkoutservice,0.007978742077027801,7.978742077027801,21549056.0,32.110595703125,1,1
1775540640,7,44,1,4,checkoutservice,0.006522562861607891,6.522562861607891,21594112.0,32.177734375,1,1
1775540580,7,43,1,4,currencyservice,0.08522814397402288,42.614071987011435,206098432.0,153.5552978515625,2,2
1775540640,7,44,1,4,currencyservice,0.08232266512002359,41.16133256001179,205127680.0,152.83203125,2,2
1775540580,7,43,1,4,emailservice,0.005072706563949632,5.072706563949632,46964736.0,69.98291015625,1,1
1775540640,7,44,1,4,emailservice,0.004767432401024634,4.767432401024633,46960640.0,69.976806640625,1,1
1775540580,7,43,1,4,paymentservice,0.002983719755791231,1.4918598778956156,233238528.0,173.7762451171875,2,2
1775540640,7,44,1,4,paymentservice,0.0027567270680966378,1.3783635340483187,234766336.0,174.91455078125,2,2
1775540580,7,43,1,4,productcatalogservice,0.09339163968554459,46.695819842772295,39735296.0,29.6051025390625,2,2
1775540640,7,44,1,4,productcatalogservice,0.08422689422707674,42.11344711353837,38707200.0,28.839111328125,2,2
1775540580,7,43,1,4,recommendationservice,0.08146313138521565,40.731565692607816,90046464.0,19.517045454545453,2,2
1775540640,7,44,1,4,recommendationservice,0.06764775157173022,33.82387578586511,90046464.0,19.517045454545453,2,2
1775540580,7,43,1,4,shippingservice,0.0060456132823573155,6.045613282357315,19689472.0,29.339599609375,1,1
1775540640,7,44,1,4,shippingservice,0.0066219941220308325,6.621994122030832,19820544.0,29.534912109375,1,1
1775540640,7,44,1,4,frontend,0.1815484519812108,45.3871129953027,122990592.0,45.81756591796875,4,4
1775540700,7,45,1,4,frontend,0.16626971781573066,41.56742945393266,122859520.0,45.76873779296875,4,4
1775540640,7,44,1,4,adservice,0.009164117786011438,4.582058893005718,108699648.0,57.591145833333336,1,1
1775540700,7,45,1,4,adservice,0.008396894501601011,4.198447250800505,108695552.0,57.58897569444444,1,1
1775540640,7,44,1,4,cartservice,0.054974595048430976,13.743648762107744,134352896.0,100.1007080078125,2,2
1775540700,7,45,1,4,cartservice,0.04578010044843708,11.44502511210927,134303744.0,100.0640869140625,2,2
1775540640,7,44,1,4,checkoutservice,0.006522562861607891,6.522562861607891,21594112.0,32.177734375,1,1
1775540700,7,45,1,4,checkoutservice,0.006931256555498003,6.931256555498003,21647360.0,32.257080078125,1,1
1775540640,7,44,1,4,currencyservice,0.08232266512002359,41.16133256001179,205127680.0,152.83203125,2,2
1775540700,7,45,1,4,currencyservice,0.07900394126091714,39.50197063045857,206053376.0,153.521728515625,2,2
1775540640,7,44,1,4,emailservice,0.004767432401024634,4.767432401024633,46960640.0,69.976806640625,1,1
1775540700,7,45,1,4,emailservice,0.00468376349048888,4.68376349048888,46964736.0,69.98291015625,1,1
1775540640,7,44,1,4,paymentservice,0.0027567270680966378,1.3783635340483187,234766336.0,174.91455078125,2,2
1775540700,7,45,1,4,paymentservice,0.002520201504750871,1.2601007523754355,234848256.0,174.9755859375,2,2
1775540640,7,44,1,4,productcatalogservice,0.08422689422707674,42.11344711353837,38707200.0,28.839111328125,2,2
1775540700,7,45,1,4,productcatalogservice,0.0788712211089212,39.435610554460595,39481344.0,29.4158935546875,2,2
1775540640,7,44,1,4,recommendationservice,0.06764775157173022,33.82387578586511,90046464.0,19.517045454545453,2,2
1775540700,7,45,1,4,recommendationservice,0.06742420327975954,33.71210163987976,90050560.0,19.517933238636363,2,2
1775540640,7,44,1,4,shippingservice,0.0066219941220308325,6.621994122030832,19820544.0,29.534912109375,1,1
1775540700,7,45,1,4,shippingservice,0.005744471407004001,5.744471407004001,19640320.0,29.266357421875,1,1
1775540700,7,45,1,4,frontend,0.16626971781573066,41.56742945393266,122859520.0,45.76873779296875,4,4
1775540760,7,46,1,4,frontend,0.18819015927150745,47.04753981787686,122101760.0,45.4864501953125,4,4
1775540700,7,45,1,4,adservice,0.008396894501601011,4.198447250800505,108695552.0,57.58897569444444,1,1
1775540760,7,46,1,4,adservice,0.009308751484178939,4.654375742089469,108744704.0,57.61501736111111,1,1
1775540700,7,45,1,4,cartservice,0.04578010044843708,11.44502511210927,134303744.0,100.0640869140625,2,2
1775540760,7,46,1,4,cartservice,0.05435493480407408,13.58873370101852,134643712.0,100.3173828125,2,2
1775540700,7,45,1,4,checkoutservice,0.006931256555498003,6.931256555498003,21647360.0,32.257080078125,1,1
1775540760,7,46,1,4,checkoutservice,0.0077579085930925065,7.757908593092506,21590016.0,32.171630859375,1,1
1775540700,7,45,1,4,currencyservice,0.07900394126091714,39.50197063045857,206053376.0,153.521728515625,2,2
1775540760,7,46,1,4,currencyservice,0.08908272968733003,44.54136484366501,206405632.0,153.7841796875,2,2
1775540700,7,45,1,4,emailservice,0.00468376349048888,4.68376349048888,46964736.0,69.98291015625,1,1
1775540760,7,46,1,4,emailservice,0.004947096662781132,4.9470966627811315,46960640.0,69.976806640625,1,1
1775540700,7,45,1,4,paymentservice,0.002520201504750871,1.2601007523754355,234848256.0,174.9755859375,2,2
1775540760,7,46,1,4,paymentservice,0.0028247264069040357,1.4123632034520177,235917312.0,175.7720947265625,2,2
1775540700,7,45,1,4,productcatalogservice,0.0788712211089212,39.435610554460595,39481344.0,29.4158935546875,2,2
1775540760,7,46,1,4,productcatalogservice,0.08455647200278764,42.278236001393815,39145472.0,29.1656494140625,2,2
1775540700,7,45,1,4,recommendationservice,0.06742420327975954,33.71210163987976,90050560.0,19.517933238636363,2,2
1775540760,7,46,1,4,recommendationservice,0.07649030709565632,38.24515354782816,90050560.0,19.517933238636363,2,2
1775540700,7,45,1,4,shippingservice,0.005744471407004001,5.744471407004001,19640320.0,29.266357421875,1,1
1775540760,7,46,1,4,shippingservice,0.006808495186126028,6.808495186126027,19771392.0,29.461669921875,1,1
1775540760,7,46,1,4,frontend,0.18819015927150745,47.04753981787686,122101760.0,45.4864501953125,4,4
1775540820,7,47,1,4,frontend,0.2001224292248215,50.030607306205376,123035648.0,45.8343505859375,4,4
1775540760,7,46,1,4,adservice,0.009308751484178939,4.654375742089469,108744704.0,57.61501736111111,1,1
1775540820,7,47,1,4,adservice,0.00985997435427403,4.929987177137015,108695552.0,57.58897569444444,1,1
1775540760,7,46,1,4,cartservice,0.05435493480407408,13.58873370101852,134643712.0,100.3173828125,2,2
1775540820,7,47,1,4,cartservice,0.06093468362277148,15.233670905692867,134311936.0,100.0701904296875,2,2
1775540760,7,46,1,4,checkoutservice,0.0077579085930925065,7.757908593092506,21590016.0,32.171630859375,1,1
1775540820,7,47,1,4,checkoutservice,0.006853028674956337,6.853028674956336,21860352.0,32.574462890625,1,1
1775540760,7,46,1,4,currencyservice,0.08908272968733003,44.54136484366501,206405632.0,153.7841796875,2,2
1775540820,7,47,1,4,currencyservice,0.08769554594270976,43.84777297135488,207593472.0,154.669189453125,2,2
1775540760,7,46,1,4,emailservice,0.004947096662781132,4.9470966627811315,46960640.0,69.976806640625,1,1
1775540820,7,47,1,4,emailservice,0.004856198234765146,4.856198234765145,46960640.0,69.976806640625,1,1
1775540760,7,46,1,4,paymentservice,0.0028247264069040357,1.4123632034520177,235917312.0,175.7720947265625,2,2
1775540820,7,47,1,4,paymentservice,0.002585470057234914,1.292735028617457,236253184.0,176.0223388671875,2,2
1775540760,7,46,1,4,productcatalogservice,0.08455647200278764,42.278236001393815,39145472.0,29.1656494140625,2,2
1775540820,7,47,1,4,productcatalogservice,0.09059321068170473,45.296605340852366,38842368.0,28.9398193359375,2,2
1775540760,7,46,1,4,recommendationservice,0.07649030709565632,38.24515354782816,90050560.0,19.517933238636363,2,2
1775540820,7,47,1,4,recommendationservice,0.07838763484461575,39.19381742230787,90042368.0,19.516157670454547,2,2
1775540760,7,46,1,4,shippingservice,0.006808495186126028,6.808495186126027,19771392.0,29.461669921875,1,1
1775540820,7,47,1,4,shippingservice,0.006761572589493361,6.76157258949336,19951616.0,29.730224609375,1,1
1775540820,7,47,1,4,frontend,0.2001224292248215,50.030607306205376,123035648.0,45.8343505859375,4,4
1775540880,7,48,1,4,frontend,0.1819497293830483,45.487432345762066,123637760.0,46.05865478515625,4,4
1775540820,7,47,1,4,adservice,0.00985997435427403,4.929987177137015,108695552.0,57.58897569444444,1,1
1775540880,7,48,1,4,adservice,0.00914910396168554,4.57455198084277,108695552.0,57.58897569444444,1,1
1775540820,7,47,1,4,cartservice,0.06093468362277148,15.233670905692867,134311936.0,100.0701904296875,2,2
1775540880,7,48,1,4,cartservice,0.056090404644372996,14.022601161093249,134348800.0,100.09765625,2,2
1775540820,7,47,1,4,checkoutservice,0.006853028674956337,6.853028674956336,21860352.0,32.574462890625,1,1
1775540880,7,48,1,4,checkoutservice,0.007167593608744414,7.167593608744413,21377024.0,31.854248046875,1,1
1775540820,7,47,1,4,currencyservice,0.08769554594270976,43.84777297135488,207593472.0,154.669189453125,2,2
1775540880,7,48,1,4,currencyservice,0.07888487346331925,39.442436731659626,207917056.0,154.9102783203125,2,2
1775540820,7,47,1,4,emailservice,0.004856198234765146,4.856198234765145,46960640.0,69.976806640625,1,1
1775540880,7,48,1,4,emailservice,0.004451485378214796,4.451485378214795,46964736.0,69.98291015625,1,1
1775540820,7,47,1,4,paymentservice,0.002585470057234914,1.292735028617457,236253184.0,176.0223388671875,2,2
1775540880,7,48,1,4,paymentservice,0.002765547252253286,1.382773626126643,237506560.0,176.9561767578125,2,2
1775540820,7,47,1,4,productcatalogservice,0.09059321068170473,45.296605340852366,38842368.0,28.9398193359375,2,2
1775540880,7,48,1,4,productcatalogservice,0.08446062758642706,42.230313793213526,39190528.0,29.19921875,2,2
1775540820,7,47,1,4,recommendationservice,0.07838763484461575,39.19381742230787,90042368.0,19.516157670454547,2,2
1775540880,7,48,1,4,recommendationservice,0.074354396312756,37.177198156378,90046464.0,19.517045454545453,2,2
1775540820,7,47,1,4,shippingservice,0.006761572589493361,6.76157258949336,19951616.0,29.730224609375,1,1
1775540880,7,48,1,4,shippingservice,0.006412322719137928,6.4123227191379275,19668992.0,29.30908203125,1,1
1775540880,7,48,1,4,frontend,0.1819497293830483,45.487432345762066,123637760.0,46.05865478515625,4,4
1775540940,7,49,1,4,frontend,0.15132038427225983,37.830096068064954,123998208.0,46.19293212890625,4,4
1775540880,7,48,1,4,adservice,0.00914910396168554,4.57455198084277,108695552.0,57.58897569444444,1,1
1775540940,7,49,1,4,adservice,0.007955618026894878,3.9778090134474384,108699648.0,57.591145833333336,1,1
1775540880,7,48,1,4,cartservice,0.056090404644372996,14.022601161093249,134348800.0,100.09765625,2,2
1775540940,7,49,1,4,cartservice,0.046789348746797674,11.697337186699418,134303744.0,100.0640869140625,2,2
1775540880,7,48,1,4,checkoutservice,0.007167593608744414,7.167593608744413,21377024.0,31.854248046875,1,1
1775540940,7,49,1,4,checkoutservice,0.006046593266314111,6.046593266314111,21372928.0,31.84814453125,1,1
1775540880,7,48,1,4,currencyservice,0.07888487346331925,39.442436731659626,207917056.0,154.9102783203125,2,2
1775540940,7,49,1,4,currencyservice,0.06776641070499831,33.883205352499154,207761408.0,154.7943115234375,2,2
1775540880,7,48,1,4,emailservice,0.004451485378214796,4.451485378214795,46964736.0,69.98291015625,1,1
1775540940,7,49,1,4,emailservice,0.004573107063262323,4.573107063262323,46964736.0,69.98291015625,1,1
1775540880,7,48,1,4,paymentservice,0.002765547252253286,1.382773626126643,237506560.0,176.9561767578125,2,2
1775540940,7,49,1,4,paymentservice,0.0024164077023864764,1.2082038511932383,238698496.0,177.84423828125,2,2
1775540880,7,48,1,4,productcatalogservice,0.08446062758642706,42.230313793213526,39190528.0,29.19921875,2,2
1775540940,7,49,1,4,productcatalogservice,0.07500274577530539,37.50137288765269,39174144.0,29.18701171875,2,2
1775540880,7,48,1,4,recommendationservice,0.074354396312756,37.177198156378,90046464.0,19.517045454545453,2,2
1775540940,7,49,1,4,recommendationservice,0.06418375053717647,32.09187526858823,90038272.0,19.515269886363637,2,2
1775540880,7,48,1,4,shippingservice,0.006412322719137928,6.4123227191379275,19668992.0,29.30908203125,1,1
1775540940,7,49,1,4,shippingservice,0.005939360364133709,5.939360364133709,19611648.0,29.2236328125,1,1
1775540940,7,49,1,4,frontend,0.15132038427225983,50.44012809075327,123998208.0,61.590576171875,3,3
1775541000,7,50,1,4,frontend,0.1632559910627209,54.41866368757362,99348480.0,49.346923828125,3,3
1775540940,7,49,1,4,adservice,0.007955618026894878,3.9778090134474384,108699648.0,57.591145833333336,1,1
1775541000,7,50,1,4,adservice,0.008898178592459512,4.449089296229756,108789760.0,57.638888888888886,1,1
1775540940,7,49,1,4,cartservice,0.046789348746797674,11.697337186699418,134303744.0,100.0640869140625,2,2
1775541000,7,50,1,4,cartservice,0.05024331934112256,12.56082983528064,134365184.0,100.10986328125,2,2
1775540940,7,49,1,4,checkoutservice,0.006046593266314111,6.046593266314111,21372928.0,31.84814453125,1,1
1775541000,7,50,1,4,checkoutservice,0.005795259203954796,5.795259203954796,21667840.0,32.28759765625,1,1
1775540940,7,49,1,4,currencyservice,0.06776641070499831,33.883205352499154,207761408.0,154.7943115234375,2,2
1775541000,7,50,1,4,currencyservice,0.07798955023835968,38.99477511917984,208048128.0,155.0079345703125,2,2
1775540940,7,49,1,4,emailservice,0.004573107063262323,4.573107063262323,46964736.0,69.98291015625,1,1
1775541000,7,50,1,4,emailservice,0.004739139188606669,4.739139188606669,46964736.0,69.98291015625,1,1
1775540940,7,49,1,4,paymentservice,0.0024164077023864764,1.2082038511932383,238698496.0,177.84423828125,2,2
1775541000,7,50,1,4,paymentservice,0.0030982783227276644,1.5491391613638321,238972928.0,178.0487060546875,2,2
1775540940,7,49,1,4,productcatalogservice,0.07500274577530539,37.50137288765269,39174144.0,29.18701171875,2,2
1775541000,7,50,1,4,productcatalogservice,0.07663479152729502,38.31739576364751,38838272.0,28.936767578125,2,2
1775540940,7,49,1,4,recommendationservice,0.06418375053717647,32.09187526858823,90038272.0,19.515269886363637,2,2
1775541000,7,50,1,4,recommendationservice,0.07083953844809396,35.41976922404697,90030080.0,19.513494318181817,2,2
1775540940,7,49,1,4,shippingservice,0.005939360364133709,5.939360364133709,19611648.0,29.2236328125,1,1
1775541000,7,50,1,4,shippingservice,0.006061575998539182,6.061575998539182,19681280.0,29.327392578125,1,1
1775541000,7,50,1,4,frontend,0.1632559910627209,54.41866368757362,99348480.0,49.346923828125,3,3
1775541060,7,51,1,4,frontend,0.18875826798810097,62.919422662700306,99045376.0,49.19637044270833,3,3
1775541000,7,50,1,4,adservice,0.008898178592459512,4.449089296229756,108789760.0,57.638888888888886,1,1
1775541060,7,51,1,4,adservice,0.009375535347052922,4.68776767352646,108699648.0,57.591145833333336,1,1
1775541000,7,50,1,4,cartservice,0.05024331934112256,12.56082983528064,134365184.0,100.10986328125,2,2
1775541060,7,51,1,4,cartservice,0.054475637441366874,13.61890936034172,134336512.0,100.0885009765625,2,2
1775541000,7,50,1,4,checkoutservice,0.005795259203954796,5.795259203954796,21667840.0,32.28759765625,1,1
1775541060,7,51,1,4,checkoutservice,0.00751213081596993,7.512130815969929,21336064.0,31.793212890625,1,1
1775541000,7,50,1,4,currencyservice,0.07798955023835968,38.99477511917984,208048128.0,155.0079345703125,2,2
1775541060,7,51,1,4,currencyservice,0.08443215874058577,42.21607937029288,208936960.0,155.670166015625,2,2
1775541000,7,50,1,4,emailservice,0.004739139188606669,4.739139188606669,46964736.0,69.98291015625,1,1
1775541060,7,51,1,4,emailservice,0.004885134692579519,4.885134692579519,46960640.0,69.976806640625,1,1
1775541000,7,50,1,4,paymentservice,0.0030982783227276644,1.5491391613638321,238972928.0,178.0487060546875,2,2
1775541060,7,51,1,4,paymentservice,0.0025772559146216584,1.2886279573108292,240136192.0,178.9154052734375,2,2
1775541000,7,50,1,4,productcatalogservice,0.07663479152729502,38.31739576364751,38838272.0,28.936767578125,2,2
1775541060,7,51,1,4,productcatalogservice,0.08151084061198718,40.75542030599359,38985728.0,29.046630859375,2,2
1775541000,7,50,1,4,recommendationservice,0.07083953844809396,35.41976922404697,90030080.0,19.513494318181817,2,2
1775541060,7,51,1,4,recommendationservice,0.07574028646227224,37.87014323113612,90025984.0,19.51260653409091,2,2
1775541000,7,50,1,4,shippingservice,0.006061575998539182,6.061575998539182,19681280.0,29.327392578125,1,1
1775541060,7,51,1,4,shippingservice,0.006791529042488061,6.791529042488061,19681280.0,29.327392578125,1,1
1775541060,7,51,1,4,frontend,0.18875826798810097,62.919422662700306,99045376.0,49.19637044270833,3,3
1775541120,7,52,1,4,frontend,0.17026615880951787,56.75538626983928,99106816.0,49.22688802083333,3,3
1775541060,7,51,1,4,adservice,0.009375535347052922,4.68776767352646,108699648.0,57.591145833333336,1,1
1775541120,7,52,1,4,adservice,0.008416588319382799,4.208294159691399,108707840.0,57.595486111111114,1,1
1775541060,7,51,1,4,cartservice,0.054475637441366874,13.61890936034172,134336512.0,100.0885009765625,2,2
1775541120,7,52,1,4,cartservice,0.04878314321801829,12.195785804504572,134348800.0,100.09765625,2,2
1775541060,7,51,1,4,checkoutservice,0.00751213081596993,7.512130815969929,21336064.0,31.793212890625,1,1
1775541120,7,52,1,4,checkoutservice,0.006642369754824667,6.642369754824666,21426176.0,31.927490234375,1,1
1775541060,7,51,1,4,currencyservice,0.08443215874058577,42.21607937029288,208936960.0,155.670166015625,2,2
1775541120,7,52,1,4,currencyservice,0.07579601079586593,37.89800539793296,208789504.0,155.560302734375,2,2
1775541060,7,51,1,4,emailservice,0.004885134692579519,4.885134692579519,46960640.0,69.976806640625,1,1
1775541120,7,52,1,4,emailservice,0.004418211770202687,4.418211770202687,46960640.0,69.976806640625,1,1
1775541060,7,51,1,4,paymentservice,0.0025772559146216584,1.2886279573108292,240136192.0,178.9154052734375,2,2
1775541120,7,52,1,4,paymentservice,0.0024493612174746092,1.2246806087373046,240168960.0,178.9398193359375,2,2
1775541060,7,51,1,4,productcatalogservice,0.08151084061198718,40.75542030599359,38985728.0,29.046630859375,2,2
1775541120,7,52,1,4,productcatalogservice,0.07768192686344687,38.84096343172343,38928384.0,29.00390625,2,2
1775541060,7,51,1,4,recommendationservice,0.07574028646227224,37.87014323113612,90025984.0,19.51260653409091,2,2
1775541120,7,52,1,4,recommendationservice,0.0663841222356775,33.19206111783875,90030080.0,19.513494318181817,2,2
1775541060,7,51,1,4,shippingservice,0.006791529042488061,6.791529042488061,19681280.0,29.327392578125,1,1
1775541120,7,52,1,4,shippingservice,0.006186253925362672,6.186253925362672,19525632.0,29.095458984375,1,1
1775541120,7,52,1,4,frontend,0.17026615880951787,56.75538626983928,99106816.0,49.22688802083333,3,3
1775541180,7,53,1,4,frontend,0.1501104604852947,50.036820161764894,99332096.0,49.33878580729167,3,3
1775541120,7,52,1,4,adservice,0.008416588319382799,4.208294159691399,108707840.0,57.595486111111114,1,1
1775541180,7,53,1,4,adservice,0.007770492465952279,3.885246232976139,108691456.0,57.58680555555556,1,1
1775541120,7,52,1,4,cartservice,0.04878314321801829,12.195785804504572,134348800.0,100.09765625,2,2
1775541180,7,53,1,4,cartservice,0.04733544737417117,11.833861843542792,134246400.0,100.0213623046875,2,2
1775541120,7,52,1,4,checkoutservice,0.006642369754824667,6.642369754824666,21426176.0,31.927490234375,1,1
1775541180,7,53,1,4,checkoutservice,0.00516559471493577,5.16559471493577,21663744.0,32.281494140625,1,1
1775541120,7,52,1,4,currencyservice,0.07579601079586593,37.89800539793296,208789504.0,155.560302734375,2,2
1775541180,7,53,1,4,currencyservice,0.0666785397999487,33.33926989997435,210182144.0,156.597900390625,2,2
1775541120,7,52,1,4,emailservice,0.004418211770202687,4.418211770202687,46960640.0,69.976806640625,1,1
1775541180,7,53,1,4,emailservice,0.004300152417903107,4.3001524179031065,46964736.0,69.98291015625,1,1
1775541120,7,52,1,4,paymentservice,0.0024493612174746092,1.2246806087373046,240168960.0,178.9398193359375,2,2
1775541180,7,53,1,4,paymentservice,0.002166129255715134,1.083064627857567,241061888.0,179.6051025390625,2,2
1775541120,7,52,1,4,productcatalogservice,0.07768192686344687,38.84096343172343,38928384.0,29.00390625,2,2
1775541180,7,53,1,4,productcatalogservice,0.06582247100674894,32.91123550337447,39571456.0,29.4830322265625,2,2
1775541120,7,52,1,4,recommendationservice,0.0663841222356775,33.19206111783875,90030080.0,19.513494318181817,2,2
1775541180,7,53,1,4,recommendationservice,0.0607237346892921,30.361867344646047,90030080.0,19.513494318181817,2,2
1775541120,7,52,1,4,shippingservice,0.006186253925362672,6.186253925362672,19525632.0,29.095458984375,1,1
1775541180,7,53,1,4,shippingservice,0.005565553970519905,5.565553970519905,19644416.0,29.2724609375,1,1
1775541180,7,53,1,4,frontend,0.1501104604852947,50.036820161764894,99332096.0,49.33878580729167,3,3
1775541240,7,54,1,4,frontend,0.12852345422275763,42.84115140758587,99520512.0,49.432373046875,3,3
1775541180,7,53,1,4,adservice,0.007770492465952279,3.885246232976139,108691456.0,57.58680555555556,1,1
1775541240,7,54,1,4,adservice,0.0070041918382394396,3.5020959191197196,108695552.0,57.58897569444444,1,1
1775541180,7,53,1,4,cartservice,0.04733544737417117,11.833861843542792,134246400.0,100.0213623046875,2,2
1775541240,7,54,1,4,cartservice,0.04098444126060863,10.246110315152157,134393856.0,100.1312255859375,2,2
1775541180,7,53,1,4,checkoutservice,0.00516559471493577,5.16559471493577,21663744.0,32.281494140625,1,1
1775541240,7,54,1,4,checkoutservice,0.004776850804258646,4.776850804258646,21897216.0,32.62939453125,1,1
1775541180,7,53,1,4,currencyservice,0.0666785397999487,33.33926989997435,210182144.0,156.597900390625,2,2
1775541240,7,54,1,4,currencyservice,0.058230879430596905,29.115439715298454,208846848.0,155.60302734375,2,2
1775541180,7,53,1,4,emailservice,0.004300152417903107,4.3001524179031065,46964736.0,69.98291015625,1,1
1775541240,7,54,1,4,emailservice,0.004016165163740701,4.016165163740701,46960640.0,69.976806640625,1,1
1775541180,7,53,1,4,paymentservice,0.002166129255715134,1.083064627857567,241061888.0,179.6051025390625,2,2
1775541240,7,54,1,4,paymentservice,0.0018939644292351563,0.946982214617578,241758208.0,180.1239013671875,2,2
1775541180,7,53,1,4,productcatalogservice,0.06582247100674894,32.91123550337447,39571456.0,29.4830322265625,2,2
1775541240,7,54,1,4,productcatalogservice,0.06122351844358162,30.61175922179081,39034880.0,29.083251953125,2,2
1775541180,7,53,1,4,recommendationservice,0.0607237346892921,30.361867344646047,90030080.0,19.513494318181817,2,2
1775541240,7,54,1,4,recommendationservice,0.05294194250185542,26.470971250927704,90034176.0,19.514382102272727,2,2
1775541180,7,53,1,4,shippingservice,0.005565553970519905,5.565553970519905,19644416.0,29.2724609375,1,1
1775541240,7,54,1,4,shippingservice,0.004640097359228837,4.640097359228837,19705856.0,29.364013671875,1,1
1775541240,7,54,1,4,frontend,0.12852345422275763,42.84115140758587,99520512.0,49.432373046875,3,3
1775541300,7,55,1,4,frontend,0.14274372810541117,47.58124270180372,100024320.0,49.6826171875,3,3
1775541240,7,54,1,4,adservice,0.0070041918382394396,3.5020959191197196,108695552.0,57.58897569444444,1,1
1775541300,7,55,1,4,adservice,0.00767193067532314,3.8359653376615697,108740608.0,57.61284722222222,1,1
1775541240,7,54,1,4,cartservice,0.04098444126060863,10.246110315152157,134393856.0,100.1312255859375,2,2
1775541300,7,55,1,4,cartservice,0.04691152200903766,11.727880502259413,134303744.0,100.0640869140625,2,2
1775541240,7,54,1,4,checkoutservice,0.004776850804258646,4.776850804258646,21897216.0,32.62939453125,1,1
1775541300,7,55,1,4,checkoutservice,0.004631114650342877,4.631114650342877,21929984.0,32.67822265625,1,1
1775541240,7,54,1,4,currencyservice,0.058230879430596905,29.115439715298454,208846848.0,155.60302734375,2,2
1775541300,7,55,1,4,currencyservice,0.06403384594781324,32.01692297390662,210857984.0,157.1014404296875,2,2
1775541240,7,54,1,4,emailservice,0.004016165163740701,4.016165163740701,46960640.0,69.976806640625,1,1
1775541300,7,55,1,4,emailservice,0.004053911451866986,4.053911451866986,46960640.0,69.976806640625,1,1
1775541240,7,54,1,4,paymentservice,0.0018939644292351563,0.946982214617578,241758208.0,180.1239013671875,2,2
1775541300,7,55,1,4,paymentservice,0.002362578019761798,1.1812890098808988,242806784.0,180.9051513671875,2,2
1775541240,7,54,1,4,productcatalogservice,0.06122351844358162,30.61175922179081,39034880.0,29.083251953125,2,2
1775541300,7,55,1,4,productcatalogservice,0.06707302255608866,33.53651127804433,38977536.0,29.04052734375,2,2
1775541240,7,54,1,4,recommendationservice,0.05294194250185542,26.470971250927704,90034176.0,19.514382102272727,2,2
1775541300,7,55,1,4,recommendationservice,0.05922140516318809,29.610702581594044,90034176.0,19.514382102272727,2,2
1775541240,7,54,1,4,shippingservice,0.004640097359228837,4.640097359228837,19705856.0,29.364013671875,1,1
1775541300,7,55,1,4,shippingservice,0.005031315356523005,5.031315356523005,19505152.0,29.06494140625,1,1
1775541300,7,55,1,4,frontend,0.14274372810541117,47.58124270180372,100024320.0,49.6826171875,3,3
1775541360,7,56,1,4,frontend,0.16225987232294656,54.08662410764884,99184640.0,49.26554361979167,3,3
1775541300,7,55,1,4,adservice,0.00767193067532314,3.8359653376615697,108740608.0,57.61284722222222,1,1
1775541360,7,56,1,4,adservice,0.008184242653659704,4.092121326829852,108695552.0,57.58897569444444,1,1
1775541300,7,55,1,4,cartservice,0.04691152200903766,11.727880502259413,134303744.0,100.0640869140625,2,2
1775541360,7,56,1,4,cartservice,0.047625076552499465,11.906269138124866,134299648.0,100.06103515625,2,2
1775541300,7,55,1,4,checkoutservice,0.004631114650342877,4.631114650342877,21929984.0,32.67822265625,1,1
1775541360,7,56,1,4,checkoutservice,0.0058168295473735535,5.816829547373553,21581824.0,32.159423828125,1,1
1775541300,7,55,1,4,currencyservice,0.06403384594781324,32.01692297390662,210857984.0,157.1014404296875,2,2
1775541360,7,56,1,4,currencyservice,0.07007176719861342,35.03588359930671,211181568.0,157.342529296875,2,2
1775541300,7,55,1,4,emailservice,0.004053911451866986,4.053911451866986,46960640.0,69.976806640625,1,1
1775541360,7,56,1,4,emailservice,0.004339701654031456,4.339701654031456,46964736.0,69.98291015625,1,1
1775541300,7,55,1,4,paymentservice,0.002362578019761798,1.1812890098808988,242806784.0,180.9051513671875,2,2
1775541360,7,56,1,4,paymentservice,0.002493199095388943,1.2465995476944716,243470336.0,181.3995361328125,2,2
1775541300,7,55,1,4,productcatalogservice,0.06707302255608866,33.53651127804433,38977536.0,29.04052734375,2,2
1775541360,7,56,1,4,productcatalogservice,0.07628822212034124,38.144111060170616,39100416.0,29.132080078125,2,2
1775541300,7,55,1,4,recommendationservice,0.05922140516318809,29.610702581594044,90034176.0,19.514382102272727,2,2
1775541360,7,56,1,4,recommendationservice,0.06563896414082188,32.819482070410935,90025984.0,19.51260653409091,2,2
1775541300,7,55,1,4,shippingservice,0.005031315356523005,5.031315356523005,19505152.0,29.06494140625,1,1
1775541360,7,56,1,4,shippingservice,0.005845102244003533,5.845102244003533,19505152.0,29.06494140625,1,1
1775541360,7,56,1,4,frontend,0.16225987232294656,54.08662410764884,99184640.0,49.26554361979167,3,3
1775541420,7,57,1,4,frontend,0.14730280818389804,49.100936061299336,99684352.0,49.51375325520833,3,3
1775541360,7,56,1,4,adservice,0.008184242653659704,4.092121326829852,108695552.0,57.58897569444444,1,1
1775541420,7,57,1,4,adservice,0.0069157617794143355,3.457880889707168,108699648.0,57.591145833333336,1,1
1775541360,7,56,1,4,cartservice,0.047625076552499465,11.906269138124866,134299648.0,100.06103515625,2,2
1775541420,7,57,1,4,cartservice,0.045027216982056084,11.25680424551402,134320128.0,100.0762939453125,2,2
1775541360,7,56,1,4,checkoutservice,0.0058168295473735535,5.816829547373553,21581824.0,32.159423828125,1,1
1775541420,7,57,1,4,checkoutservice,0.007353165075289998,7.353165075289998,21803008.0,32.489013671875,1,1
1775541360,7,56,1,4,currencyservice,0.07007176719861342,35.03588359930671,211181568.0,157.342529296875,2,2
1775541420,7,57,1,4,currencyservice,0.06506661357765013,32.53330678882506,211800064.0,157.8033447265625,2,2
1775541360,7,56,1,4,emailservice,0.004339701654031456,4.339701654031456,46964736.0,69.98291015625,1,1
1775541420,7,57,1,4,emailservice,0.004745266095277956,4.745266095277955,46960640.0,69.976806640625,1,1
1775541360,7,56,1,4,paymentservice,0.002493199095388943,1.2465995476944716,243470336.0,181.3995361328125,2,2
1775541420,7,57,1,4,paymentservice,0.0032605799423524595,1.6302899711762298,244101120.0,181.8695068359375,2,2
1775541360,7,56,1,4,productcatalogservice,0.07628822212034124,38.144111060170616,39100416.0,29.132080078125,2,2
1775541420,7,57,1,4,productcatalogservice,0.06600845228560065,33.00422614280033,39043072.0,29.08935546875,2,2
1775541360,7,56,1,4,recommendationservice,0.06563896414082188,32.819482070410935,90025984.0,19.51260653409091,2,2
1775541420,7,57,1,4,recommendationservice,0.059701698865888275,29.850849432944138,90025984.0,19.51260653409091,2,2
1775541360,7,56,1,4,shippingservice,0.005845102244003533,5.845102244003533,19505152.0,29.06494140625,1,1
1775541420,7,57,1,4,shippingservice,0.0054688528036232085,5.468852803623208,19492864.0,29.046630859375,1,1
1775541420,7,57,1,4,frontend,0.14730280818389804,49.100936061299336,99684352.0,49.51375325520833,3,3
1775541480,7,58,1,4,frontend,0.11955747800148675,39.852492667162245,99803136.0,49.57275390625,3,3
1775541420,7,57,1,4,adservice,0.0069157617794143355,3.457880889707168,108699648.0,57.591145833333336,1,1
1775541480,7,58,1,4,adservice,0.006680020256478924,3.3400101282394616,108642304.0,57.560763888888886,1,1
1775541420,7,57,1,4,cartservice,0.045027216982056084,11.25680424551402,134320128.0,100.0762939453125,2,2
1775541480,7,58,1,4,cartservice,0.037145384160465485,9.28634604011637,134582272.0,100.2716064453125,2,2
1775541420,7,57,1,4,checkoutservice,0.007353165075289998,7.353165075289998,21803008.0,32.489013671875,1,1
1775541480,7,58,1,4,checkoutservice,0.0053548229768818865,5.354822976881887,21905408.0,32.6416015625,1,1
1775541420,7,57,1,4,currencyservice,0.06506661357765013,32.53330678882506,211800064.0,157.8033447265625,2,2
1775541480,7,58,1,4,currencyservice,0.05294143530796164,26.47071765398082,212582400.0,158.38623046875,2,2
1775541420,7,57,1,4,emailservice,0.004745266095277956,4.745266095277955,46960640.0,69.976806640625,1,1
1775541480,7,58,1,4,emailservice,0.004300732616430344,4.300732616430344,46960640.0,69.976806640625,1,1
1775541420,7,57,1,4,paymentservice,0.0032605799423524595,1.6302899711762298,244101120.0,181.8695068359375,2,2
1775541480,7,58,1,4,paymentservice,0.004296310318943426,2.1481551594717128,244432896.0,182.11669921875,2,2
1775541420,7,57,1,4,productcatalogservice,0.06600845228560065,33.00422614280033,39043072.0,29.08935546875,2,2
1775541480,7,58,1,4,productcatalogservice,0.05617350113467611,28.086750567338054,38645760.0,28.7933349609375,2,2
1775541420,7,57,1,4,recommendationservice,0.059701698865888275,29.850849432944138,90025984.0,19.51260653409091,2,2
1775541480,7,58,1,4,recommendationservice,0.045461316761078036,22.73065838053902,90038272.0,19.515269886363637,2,2
1775541420,7,57,1,4,shippingservice,0.0054688528036232085,5.468852803623208,19492864.0,29.046630859375,1,1
1775541480,7,58,1,4,shippingservice,0.004499049695609568,4.499049695609568,19595264.0,29.19921875,1,1
1775541480,7,58,1,4,frontend,0.11955747800148675,39.852492667162245,99803136.0,49.57275390625,3,3
1775541540,7,59,1,4,frontend,0.136085943563357,45.36198118778565,99840000.0,49.591064453125,3,3
1775541480,7,58,1,4,adservice,0.006680020256478924,3.3400101282394616,108642304.0,57.560763888888886,1,1
1775541540,7,59,1,4,adservice,0.007268312101900969,3.634156050950484,108691456.0,57.58680555555556,1,1
1775541480,7,58,1,4,cartservice,0.037145384160465485,9.28634604011637,134582272.0,100.2716064453125,2,2
1775541540,7,59,1,4,cartservice,0.04211775128739759,10.529437821849397,134291456.0,100.054931640625,2,2
1775541480,7,58,1,4,checkoutservice,0.0053548229768818865,5.354822976881887,21905408.0,32.6416015625,1,1
1775541540,7,59,1,4,checkoutservice,0.006669733385098622,6.669733385098621,21512192.0,32.0556640625,1,1
1775541480,7,58,1,4,currencyservice,0.05294143530796164,26.47071765398082,212582400.0,158.38623046875,2,2
1775541540,7,59,1,4,currencyservice,0.07124692991391517,35.62346495695758,100466688.0,74.853515625,2,2
1775541480,7,58,1,4,emailservice,0.004300732616430344,4.300732616430344,46960640.0,69.976806640625,1,1
1775541540,7,59,1,4,emailservice,0.004216371775739078,4.216371775739078,46952448.0,69.964599609375,1,1
1775541480,7,58,1,4,paymentservice,0.004296310318943426,2.1481551594717128,244432896.0,182.11669921875,2,2
1775541540,7,59,1,4,paymentservice,0.0041568760319660655,2.078438015983033,245657600.0,183.0291748046875,2,2
1775541480,7,58,1,4,productcatalogservice,0.05617350113467611,28.086750567338054,38645760.0,28.7933349609375,2,2
1775541540,7,59,1,4,productcatalogservice,0.06233344107585065,31.166720537925325,39079936.0,29.1168212890625,2,2
1775541480,7,58,1,4,recommendationservice,0.045461316761078036,22.73065838053902,90038272.0,19.515269886363637,2,2
1775541540,7,59,1,4,recommendationservice,0.05507757812125404,27.538789060627018,90034176.0,19.514382102272727,2,2
1775541480,7,58,1,4,shippingservice,0.004499049695609568,4.499049695609568,19595264.0,29.19921875,1,1
1775541540,7,59,1,4,shippingservice,0.004905608244344356,4.905608244344356,19603456.0,29.21142578125,1,1
1775541540,7,59,1,4,frontend,0.136085943563357,45.36198118778565,99840000.0,49.591064453125,3,3
1775541600,8,0,1,4,frontend,0.1535240885838734,51.17469619462446,98459648.0,48.90543619791667,3,3
1775541540,7,59,1,4,adservice,0.007268312101900969,3.634156050950484,108691456.0,57.58680555555556,1,1
1775541600,8,0,1,4,adservice,0.007954189063946866,3.9770945319734325,108695552.0,57.58897569444444,1,1
1775541540,7,59,1,4,cartservice,0.04211775128739759,10.529437821849397,134291456.0,100.054931640625,2,2
1775541600,8,0,1,4,cartservice,0.04537271849725466,11.343179624313665,134246400.0,100.0213623046875,2,2
1775541540,7,59,1,4,checkoutservice,0.006669733385098622,6.669733385098621,21512192.0,32.0556640625,1,1
1775541600,8,0,1,4,checkoutservice,0.00684718555284506,6.84718555284506,21291008.0,31.72607421875,1,1
1775541540,7,59,1,4,currencyservice,0.07124692991391517,35.62346495695758,100466688.0,74.853515625,2,2
1775541600,8,0,1,4,currencyservice,0.07303647906040132,36.51823953020066,98934784.0,73.712158203125,2,2
1775541540,7,59,1,4,emailservice,0.004216371775739078,4.216371775739078,46952448.0,69.964599609375,1,1
1775541600,8,0,1,4,emailservice,0.004651118090055062,4.6511180900550615,46960640.0,69.976806640625,1,1
1775541540,7,59,1,4,paymentservice,0.0041568760319660655,2.078438015983033,245657600.0,183.0291748046875,2,2
1775541600,8,0,1,4,paymentservice,0.0022009263260202336,1.1004631630101167,245481472.0,182.89794921875,2,2
1775541540,7,59,1,4,productcatalogservice,0.06233344107585065,31.166720537925325,39079936.0,29.1168212890625,2,2
1775541600,8,0,1,4,productcatalogservice,0.0727137303370215,36.35686516851075,40161280.0,29.9224853515625,2,2
1775541540,7,59,1,4,recommendationservice,0.05507757812125404,27.538789060627018,90034176.0,19.514382102272727,2,2
1775541600,8,0,1,4,recommendationservice,0.06505086549410471,32.525432747052356,90034176.0,19.514382102272727,2,2
1775541540,7,59,1,4,shippingservice,0.004905608244344356,4.905608244344356,19603456.0,29.21142578125,1,1
1775541600,8,0,1,4,shippingservice,0.005857208700429221,5.85720870042922,19603456.0,29.21142578125,1,1
1775541600,8,0,1,4,frontend,0.1535240885838734,51.17469619462446,98459648.0,48.90543619791667,3,3
1775541660,8,1,1,4,frontend,0.1286239636751935,42.87465455839782,98856960.0,49.102783203125,3,3
1775541600,8,0,1,4,adservice,0.007954189063946866,3.9770945319734325,108695552.0,57.58897569444444,1,1
1775541660,8,1,1,4,adservice,0.006886540821801132,3.443270410900566,108691456.0,57.58680555555556,1,1
1775541600,8,0,1,4,cartservice,0.04537271849725466,11.343179624313665,134246400.0,100.0213623046875,2,2
1775541660,8,1,1,4,cartservice,0.03930106736120611,9.825266840301525,134316032.0,100.0732421875,2,2
1775541600,8,0,1,4,checkoutservice,0.00684718555284506,6.84718555284506,21291008.0,31.72607421875,1,1
1775541660,8,1,1,4,checkoutservice,0.004427043014150614,4.427043014150614,21286912.0,31.719970703125,1,1
1775541600,8,0,1,4,currencyservice,0.07303647906040132,36.51823953020066,98934784.0,73.712158203125,2,2
1775541660,8,1,1,4,currencyservice,0.05841523975033766,29.207619875168827,98177024.0,73.1475830078125,2,2
1775541600,8,0,1,4,emailservice,0.004651118090055062,4.6511180900550615,46960640.0,69.976806640625,1,1
1775541660,8,1,1,4,emailservice,0.004129382418244588,4.129382418244588,46964736.0,69.98291015625,1,1
1775541600,8,0,1,4,paymentservice,0.0022009263260202336,1.1004631630101167,245481472.0,182.89794921875,2,2
1775541660,8,1,1,4,paymentservice,0.001989068365027623,0.9945341825138114,246636544.0,183.758544921875,2,2
1775541600,8,0,1,4,productcatalogservice,0.0727137303370215,36.35686516851075,40161280.0,29.9224853515625,2,2
1775541660,8,1,1,4,productcatalogservice,0.061288594598131255,30.644297299065627,38244352.0,28.4942626953125,2,2
1775541600,8,0,1,4,recommendationservice,0.06505086549410471,32.525432747052356,90034176.0,19.514382102272727,2,2
1775541660,8,1,1,4,recommendationservice,0.05082450691166533,25.412253455832662,90025984.0,19.51260653409091,2,2
1775541600,8,0,1,4,shippingservice,0.005857208700429221,5.85720870042922,19603456.0,29.21142578125,1,1
1775541660,8,1,1,4,shippingservice,0.0049745226023219955,4.974522602321995,19472384.0,29.01611328125,1,1
1775541660,8,1,1,4,frontend,0.1286239636751935,64.31198183759675,98856960.0,73.6541748046875,2,2
1775541720,8,2,1,4,frontend,0.1080964040503575,54.048202025178746,69746688.0,51.96533203125,2,2
1775541660,8,1,1,4,adservice,0.006886540821801132,3.443270410900566,108691456.0,57.58680555555556,1,1
1775541720,8,2,1,4,adservice,0.006088370140425848,3.044185070212924,108634112.0,57.55642361111111,1,1
1775541660,8,1,1,4,cartservice,0.03930106736120611,9.825266840301525,134316032.0,100.0732421875,2,2
1775541720,8,2,1,4,cartservice,0.03990754422304893,9.976886055762233,134340608.0,100.091552734375,2,2
1775541660,8,1,1,4,checkoutservice,0.004427043014150614,4.427043014150614,21286912.0,31.719970703125,1,1
1775541720,8,2,1,4,checkoutservice,0.005185209286492258,5.185209286492258,21401600.0,31.890869140625,1,1
1775541660,8,1,1,4,currencyservice,0.05841523975033766,29.207619875168827,98177024.0,73.1475830078125,2,2
1775541720,8,2,1,4,currencyservice,0.051281558232919314,25.640779116459655,98439168.0,73.3428955078125,2,2
1775541660,8,1,1,4,emailservice,0.004129382418244588,4.129382418244588,46964736.0,69.98291015625,1,1
1775541720,8,2,1,4,emailservice,0.004113125564953664,4.1131255649536635,46960640.0,69.976806640625,1,1
1775541660,8,1,1,4,paymentservice,0.001989068365027623,0.9945341825138114,246636544.0,183.758544921875,2,2
1775541720,8,2,1,4,paymentservice,0.0020322629645459184,1.016131482272959,247185408.0,184.16748046875,2,2
1775541660,8,1,1,4,productcatalogservice,0.061288594598131255,30.644297299065627,38244352.0,28.4942626953125,2,2
1775541720,8,2,1,4,productcatalogservice,0.05325660790137257,26.628303950686284,38326272.0,28.5552978515625,2,2
1775541660,8,1,1,4,recommendationservice,0.05082450691166533,25.412253455832662,90025984.0,19.51260653409091,2,2
1775541720,8,2,1,4,recommendationservice,0.045693484502971296,22.846742251485647,90021888.0,19.51171875,2,2
1775541660,8,1,1,4,shippingservice,0.0049745226023219955,4.974522602321995,19472384.0,29.01611328125,1,1
1775541720,8,2,1,4,shippingservice,0.004594020622504204,4.594020622504204,19468288.0,29.010009765625,1,1
1775541720,8,2,1,4,frontend,0.1080964040503575,36.03213468345249,69746688.0,34.6435546875,3,2
1775541780,8,3,1,4,frontend,0.12412589932512728,41.37529977504242,70500352.0,35.01790364583333,3,2
1775541720,8,2,1,4,adservice,0.006088370140425848,3.044185070212924,108634112.0,57.55642361111111,1,1
1775541780,8,3,1,4,adservice,0.00703835990707165,3.519179953535825,108793856.0,57.64105902777777,1,1
1775541720,8,2,1,4,cartservice,0.03990754422304893,9.976886055762233,134340608.0,100.091552734375,2,2
1775541780,8,3,1,4,cartservice,0.044984095636255356,11.246023909063839,134381568.0,100.1220703125,2,2
1775541720,8,2,1,4,checkoutservice,0.005185209286492258,5.185209286492258,21401600.0,31.890869140625,1,1
1775541780,8,3,1,4,checkoutservice,0.004410098179239471,4.41009817923947,21401600.0,31.890869140625,1,1
1775541720,8,2,1,4,currencyservice,0.051281558232919314,25.640779116459655,98439168.0,73.3428955078125,2,2
1775541780,8,3,1,4,currencyservice,0.051073014531910384,25.536507265955187,99069952.0,73.8128662109375,2,2
1775541720,8,2,1,4,emailservice,0.004113125564953664,4.1131255649536635,46960640.0,69.976806640625,1,1
1775541780,8,3,1,4,emailservice,0.003894852267574263,3.894852267574263,46960640.0,69.976806640625,1,1
1775541720,8,2,1,4,paymentservice,0.0020322629645459184,1.016131482272959,247185408.0,184.16748046875,2,2
1775541780,8,3,1,4,paymentservice,0.0019168792106624448,0.9584396053312223,248348672.0,185.0341796875,2,2
1775541720,8,2,1,4,productcatalogservice,0.05325660790137257,26.628303950686284,38326272.0,28.5552978515625,2,2
1775541780,8,3,1,4,productcatalogservice,0.05530385840239625,27.651929201198122,38551552.0,28.72314453125,2,2
1775541720,8,2,1,4,recommendationservice,0.045693484502971296,22.846742251485647,90021888.0,19.51171875,2,2
1775541780,8,3,1,4,recommendationservice,0.0511395248917627,25.569762445881345,90017792.0,19.51083096590909,2,2
1775541720,8,2,1,4,shippingservice,0.004594020622504204,4.594020622504204,19468288.0,29.010009765625,1,1
1775541780,8,3,1,4,shippingservice,0.0044848499235632154,4.484849923563215,19468288.0,29.010009765625,1,1
1775541780,8,3,1,4,frontend,0.12412589932512728,41.37529977504242,70500352.0,35.01790364583333,3,3
1775541840,8,4,1,4,frontend,0.1332187694317281,44.40625647724269,80322560.0,39.89664713541667,3,3
1775541780,8,3,1,4,adservice,0.00703835990707165,3.519179953535825,108793856.0,57.64105902777777,1,1
1775541840,8,4,1,4,adservice,0.007380836522684937,3.690418261342468,108699648.0,57.591145833333336,1,1
1775541780,8,3,1,4,cartservice,0.044984095636255356,11.246023909063839,134381568.0,100.1220703125,2,2
1775541840,8,4,1,4,cartservice,0.0463261009026905,11.581525225672625,134336512.0,100.0885009765625,2,2
1775541780,8,3,1,4,checkoutservice,0.004410098179239471,4.41009817923947,21401600.0,31.890869140625,1,1
1775541840,8,4,1,4,checkoutservice,0.005210826896776583,5.210826896776583,21454848.0,31.97021484375,1,1
1775541780,8,3,1,4,currencyservice,0.051073014531910384,25.536507265955187,99069952.0,73.8128662109375,2,2
1775541840,8,4,1,4,currencyservice,0.060525033820089565,30.26251691004478,102588416.0,76.434326171875,2,2
1775541780,8,3,1,4,emailservice,0.003894852267574263,3.894852267574263,46960640.0,69.976806640625,1,1
1775541840,8,4,1,4,emailservice,0.004139107070888541,4.139107070888541,46964736.0,69.98291015625,1,1
1775541780,8,3,1,4,paymentservice,0.0019168792106624448,0.9584396053312223,248348672.0,185.0341796875,2,2
1775541840,8,4,1,4,paymentservice,0.0018765919689437845,0.9382959844718921,248737792.0,185.3240966796875,2,2
1775541780,8,3,1,4,productcatalogservice,0.05530385840239625,27.651929201198122,38551552.0,28.72314453125,2,2
1775541840,8,4,1,4,productcatalogservice,0.06337590015545061,31.6879500777253,38891520.0,28.9764404296875,2,2
1775541780,8,3,1,4,recommendationservice,0.0511395248917627,25.569762445881345,90017792.0,19.51083096590909,2,2
1775541840,8,4,1,4,recommendationservice,0.05557479791593244,27.787398957966218,90042368.0,19.516157670454547,2,2
1775541780,8,3,1,4,shippingservice,0.0044848499235632154,4.484849923563215,19468288.0,29.010009765625,1,1
1775541840,8,4,1,4,shippingservice,0.004909228427079171,4.909228427079171,19800064.0,29.50439453125,1,1
1775541840,8,4,1,4,frontend,0.1332187694317281,44.40625647724269,80322560.0,39.89664713541667,3,3
1775541900,8,5,1,4,frontend,0.12326302439834648,41.08767479944882,80396288.0,39.93326822916667,3,3
1775541840,8,4,1,4,adservice,0.007380836522684937,3.690418261342468,108699648.0,57.591145833333336,1,1
1775541900,8,5,1,4,adservice,0.006652569510599109,3.3262847552995543,108691456.0,57.58680555555556,1,1
1775541840,8,4,1,4,cartservice,0.0463261009026905,11.581525225672625,134336512.0,100.0885009765625,2,2
1775541900,8,5,1,4,cartservice,0.03916484928784841,9.791212321962103,134283264.0,100.048828125,2,2
1775541840,8,4,1,4,checkoutservice,0.005210826896776583,5.210826896776583,21454848.0,31.97021484375,1,1
1775541900,8,5,1,4,checkoutservice,0.004998123350269753,4.998123350269752,21483520.0,32.012939453125,1,1
1775541840,8,4,1,4,currencyservice,0.060525033820089565,30.26251691004478,102588416.0,76.434326171875,2,2
1775541900,8,5,1,4,currencyservice,0.05551231430565706,27.756157152828532,102068224.0,76.0467529296875,2,2
1775541840,8,4,1,4,emailservice,0.004139107070888541,4.139107070888541,46964736.0,69.98291015625,1,1
1775541900,8,5,1,4,emailservice,0.004241561320896242,4.241561320896242,46960640.0,69.976806640625,1,1
1775541840,8,4,1,4,paymentservice,0.0018765919689437845,0.9382959844718921,248737792.0,185.3240966796875,2,2
1775541900,8,5,1,4,paymentservice,0.002044295294802364,1.022147647401182,249692160.0,186.03515625,2,2
1775541840,8,4,1,4,productcatalogservice,0.06337590015545061,31.6879500777253,38891520.0,28.9764404296875,2,2
1775541900,8,5,1,4,productcatalogservice,0.05939583720669123,29.697918603345613,38735872.0,28.8604736328125,2,2
1775541840,8,4,1,4,recommendationservice,0.05557479791593244,27.787398957966218,90042368.0,19.516157670454547,2,2
1775541900,8,5,1,4,recommendationservice,0.051737507027167506,25.868753513583755,90030080.0,19.513494318181817,2,2
1775541840,8,4,1,4,shippingservice,0.004909228427079171,4.909228427079171,19800064.0,29.50439453125,1,1
1775541900,8,5,1,4,shippingservice,0.004839696548052654,4.839696548052654,19542016.0,29.119873046875,1,1
1775541900,8,5,1,4,frontend,0.12326302439834648,41.08767479944882,80396288.0,39.93326822916667,3,3
1775541960,8,6,1,4,frontend,0.10323104690262755,34.41034896754251,80306176.0,39.88850911458333,3,3
1775541900,8,5,1,4,adservice,0.006652569510599109,3.3262847552995543,108691456.0,57.58680555555556,1,1
1775541960,8,6,1,4,adservice,0.0057824685758145825,2.891234287907291,108691456.0,57.58680555555556,1,1
1775541900,8,5,1,4,cartservice,0.03916484928784841,9.791212321962103,134283264.0,100.048828125,2,2
1775541960,8,6,1,4,cartservice,0.030115412921617762,7.52885323040444,134287360.0,100.0518798828125,2,2
1775541900,8,5,1,4,checkoutservice,0.004998123350269753,4.998123350269752,21483520.0,32.012939453125,1,1
1775541960,8,6,1,4,checkoutservice,0.004081160846044448,4.081160846044448,21483520.0,32.012939453125,1,1
1775541900,8,5,1,4,currencyservice,0.05551231430565706,27.756157152828532,102068224.0,76.0467529296875,2,2
1775541960,8,6,1,4,currencyservice,0.03777431401305967,18.887157006529833,102699008.0,76.5167236328125,2,2
1775541900,8,5,1,4,emailservice,0.004241561320896242,4.241561320896242,46960640.0,69.976806640625,1,1
1775541960,8,6,1,4,emailservice,0.0038343598834199985,3.834359883419998,46960640.0,69.976806640625,1,1
1775541900,8,5,1,4,paymentservice,0.002044295294802364,1.022147647401182,249692160.0,186.03515625,2,2
1775541960,8,6,1,4,paymentservice,0.0021956288265899404,1.0978144132949703,249696256.0,186.0382080078125,2,2
1775541900,8,5,1,4,productcatalogservice,0.05939583720669123,29.697918603345613,38735872.0,28.8604736328125,2,2
1775541960,8,6,1,4,productcatalogservice,0.045667422194827785,22.833711097413893,38838272.0,28.936767578125,2,2
1775541900,8,5,1,4,recommendationservice,0.051737507027167506,25.868753513583755,90030080.0,19.513494318181817,2,2
1775541960,8,6,1,4,recommendationservice,0.04441901769451044,22.20950884725522,90042368.0,19.516157670454547,2,2
1775541900,8,5,1,4,shippingservice,0.004839696548052654,4.839696548052654,19542016.0,29.119873046875,1,1
1775541960,8,6,1,4,shippingservice,0.004282884063079527,4.282884063079527,19542016.0,29.119873046875,1,1
1775541960,8,6,1,4,frontend,0.10323104690262755,34.41034896754251,80306176.0,39.88850911458333,3,3
1775542020,8,7,1,4,frontend,0.12285455991801897,40.95151997267298,84070400.0,41.75821940104167,3,3
1775541960,8,6,1,4,adservice,0.0057824685758145825,2.891234287907291,108691456.0,57.58680555555556,1,1
1775542020,8,7,1,4,adservice,0.006805857014699926,3.402928507349963,108756992.0,57.62152777777778,1,1
1775541960,8,6,1,4,cartservice,0.030115412921617762,7.52885323040444,134287360.0,100.0518798828125,2,2
1775542020,8,7,1,4,cartservice,0.03726075024310885,9.315187560777211,134299648.0,100.06103515625,2,2
1775541960,8,6,1,4,checkoutservice,0.004081160846044448,4.081160846044448,21483520.0,32.012939453125,1,1
1775542020,8,7,1,4,checkoutservice,0.004500833275800297,4.5008332758002965,21409792.0,31.903076171875,1,1
1775541960,8,6,1,4,currencyservice,0.03777431401305967,18.887157006529833,102699008.0,76.5167236328125,2,2
1775542020,8,7,1,4,currencyservice,0.05901553168561066,29.507765842805327,104632320.0,77.9571533203125,2,2
1775541960,8,6,1,4,emailservice,0.0038343598834199985,3.834359883419998,46960640.0,69.976806640625,1,1
1775542020,8,7,1,4,emailservice,0.004079322469658115,4.079322469658115,46964736.0,69.98291015625,1,1
1775541960,8,6,1,4,paymentservice,0.0021956288265899404,1.0978144132949703,249696256.0,186.0382080078125,2,2
1775542020,8,7,1,4,paymentservice,0.0036140847531829414,1.8070423765914705,250867712.0,186.9110107421875,2,2
1775541960,8,6,1,4,productcatalogservice,0.045667422194827785,22.833711097413893,38838272.0,28.936767578125,2,2
1775542020,8,7,1,4,productcatalogservice,0.05566769250365185,27.83384625182592,38920192.0,28.997802734375,2,2
1775541960,8,6,1,4,recommendationservice,0.04441901769451044,22.20950884725522,90042368.0,19.516157670454547,2,2
1775542020,8,7,1,4,recommendationservice,0.049464270894151854,24.732135447075926,90025984.0,19.51260653409091,2,2
1775541960,8,6,1,4,shippingservice,0.004282884063079527,4.282884063079527,19542016.0,29.119873046875,1,1
1775542020,8,7,1,4,shippingservice,0.004513286639074877,4.5132866390748765,19701760.0,29.35791015625,1,1
1775542020,8,7,1,4,frontend,0.12285455991801897,40.95151997267298,84070400.0,41.75821940104167,3,3
1775542080,8,8,1,4,frontend,0.1329469317782464,44.315643926082124,84451328.0,41.94742838541667,3,3
1775542020,8,7,1,4,adservice,0.006805857014699926,3.402928507349963,108756992.0,57.62152777777778,1,1
1775542080,8,8,1,4,adservice,0.007141158464778267,3.570579232389133,108638208.0,57.55859375,1,1
1775542020,8,7,1,4,cartservice,0.03726075024310885,9.315187560777211,134299648.0,100.06103515625,2,2
1775542080,8,8,1,4,cartservice,0.039207120543268484,9.80178013581712,134336512.0,100.0885009765625,2,2
1775542020,8,7,1,4,checkoutservice,0.004500833275800297,4.5008332758002965,21409792.0,31.903076171875,1,1
1775542080,8,8,1,4,checkoutservice,0.004721483037138332,4.721483037138332,21495808.0,32.03125,1,1
1775542020,8,7,1,4,currencyservice,0.05901553168561066,29.507765842805327,104632320.0,77.9571533203125,2,2
1775542080,8,8,1,4,currencyservice,0.06139314213181002,30.696571065905008,106659840.0,79.4677734375,2,2
1775542020,8,7,1,4,emailservice,0.004079322469658115,4.079322469658115,46964736.0,69.98291015625,1,1
1775542080,8,8,1,4,emailservice,0.004295703818112611,4.295703818112611,46960640.0,69.976806640625,1,1
1775542020,8,7,1,4,paymentservice,0.0036140847531829414,1.8070423765914705,250867712.0,186.9110107421875,2,2
1775542080,8,8,1,4,paymentservice,0.002272790172006903,1.1363950860034513,251428864.0,187.3291015625,2,2
1775542020,8,7,1,4,productcatalogservice,0.05566769250365185,27.83384625182592,38920192.0,28.997802734375,2,2
1775542080,8,8,1,4,productcatalogservice,0.06181269055222845,30.906345276114223,38469632.0,28.662109375,2,2
1775542020,8,7,1,4,recommendationservice,0.049464270894151854,24.732135447075926,90025984.0,19.51260653409091,2,2
1775542080,8,8,1,4,recommendationservice,0.054660770914673765,27.33038545733688,90021888.0,19.51171875,2,2
1775542020,8,7,1,4,shippingservice,0.004513286639074877,4.5132866390748765,19701760.0,29.35791015625,1,1
1775542080,8,8,1,4,shippingservice,0.004633853476479483,4.633853476479483,19730432.0,29.400634765625,1,1
1775542080,8,8,1,4,frontend,0.1329469317782464,66.47346588912319,84451328.0,62.921142578125,2,2
1775542140,8,9,1,4,frontend,0.11370734470394055,56.853672351970275,84377600.0,62.8662109375,2,2
1775542080,8,8,1,4,adservice,0.007141158464778267,3.570579232389133,108638208.0,57.55859375,1,1
1775542140,8,9,1,4,adservice,0.006435191106788971,3.217595553394485,108638208.0,57.55859375,1,1
1775542080,8,8,1,4,cartservice,0.039207120543268484,9.80178013581712,134336512.0,100.0885009765625,2,2
1775542140,8,9,1,4,cartservice,0.038596301654156374,9.649075413539093,134344704.0,100.0946044921875,2,2
1775542080,8,8,1,4,checkoutservice,0.004721483037138332,4.721483037138332,21495808.0,32.03125,1,1
1775542140,8,9,1,4,checkoutservice,0.006446946561057046,6.446946561057046,21307392.0,31.75048828125,1,1
1775542080,8,8,1,4,currencyservice,0.06139314213181002,30.696571065905008,106659840.0,79.4677734375,2,2
1775542140,8,9,1,4,currencyservice,0.05564182533505292,27.82091266752646,107024384.0,79.7393798828125,2,2
1775542080,8,8,1,4,emailservice,0.004295703818112611,4.295703818112611,46960640.0,69.976806640625,1,1
1775542140,8,9,1,4,emailservice,0.004479531119837966,4.479531119837966,46964736.0,69.98291015625,1,1
1775542080,8,8,1,4,paymentservice,0.002272790172006903,1.1363950860034513,251428864.0,187.3291015625,2,2
1775542140,8,9,1,4,paymentservice,0.002422369205353214,1.211184602676607,252018688.0,187.7685546875,2,2
1775542080,8,8,1,4,productcatalogservice,0.06181269055222845,30.906345276114223,38469632.0,28.662109375,2,2
1775542140,8,9,1,4,productcatalogservice,0.05625909159818557,28.12954579909278,39231488.0,29.229736328125,2,2
1775542080,8,8,1,4,recommendationservice,0.054660770914673765,27.33038545733688,90021888.0,19.51171875,2,2
1775542140,8,9,1,4,recommendationservice,0.04983661833673285,24.918309168366424,90025984.0,19.51260653409091,2,2
1775542080,8,8,1,4,shippingservice,0.004633853476479483,4.633853476479483,19730432.0,29.400634765625,1,1
1775542140,8,9,1,4,shippingservice,0.00458704068091159,4.587040680911589,19746816.0,29.425048828125,1,1
1775542140,8,9,1,4,frontend,0.11370734470394055,56.853672351970275,84377600.0,62.8662109375,2,2
1775542200,8,10,1,4,frontend,0.09908565862131734,49.54282931065867,71151616.0,53.0120849609375,2,2
1775542140,8,9,1,4,adservice,0.006435191106788971,3.217595553394485,108638208.0,57.55859375,1,1
1775542200,8,10,1,4,adservice,0.005630908138766807,2.815454069383403,108843008.0,57.66710069444444,1,1
1775542140,8,9,1,4,cartservice,0.038596301654156374,9.649075413539093,134344704.0,100.0946044921875,2,2
1775542200,8,10,1,4,cartservice,0.034132381967074694,8.533095491768673,134328320.0,100.0823974609375,2,2
1775542140,8,9,1,4,checkoutservice,0.006446946561057046,6.446946561057046,21307392.0,31.75048828125,1,1
1775542200,8,10,1,4,checkoutservice,0.005499516474077921,5.499516474077921,21319680.0,31.768798828125,1,1
1775542140,8,9,1,4,currencyservice,0.05564182533505292,27.82091266752646,107024384.0,79.7393798828125,2,2
1775542200,8,10,1,4,currencyservice,0.0449215724481803,22.46078622409015,107040768.0,79.7515869140625,2,2
1775542140,8,9,1,4,emailservice,0.004479531119837966,4.479531119837966,46964736.0,69.98291015625,1,1
1775542200,8,10,1,4,emailservice,0.004144477212041925,4.144477212041925,46960640.0,69.976806640625,1,1
1775542140,8,9,1,4,paymentservice,0.002422369205353214,1.211184602676607,252018688.0,187.7685546875,2,2
1775542200,8,10,1,4,paymentservice,0.0025699275945675493,1.2849637972837746,253112320.0,188.5833740234375,2,2
1775542140,8,9,1,4,productcatalogservice,0.05625909159818557,28.12954579909278,39231488.0,29.229736328125,2,2
1775542200,8,10,1,4,productcatalogservice,0.046266324008410215,23.133162004205108,38879232.0,28.96728515625,2,2
1775542140,8,9,1,4,recommendationservice,0.04983661833673285,24.918309168366424,90025984.0,19.51260653409091,2,2
1775542200,8,10,1,4,recommendationservice,0.040183433169086874,20.091716584543438,90284032.0,19.56853693181818,2,2
1775542140,8,9,1,4,shippingservice,0.00458704068091159,4.587040680911589,19746816.0,29.425048828125,1,1
1775542200,8,10,1,4,shippingservice,0.0040741286581043,4.0741286581043,19738624.0,29.412841796875,1,1
1775542200,8,10,1,4,frontend,0.09908565862131734,49.54282931065867,71151616.0,53.0120849609375,2,2
1775542260,8,11,1,4,frontend,0.11153860728480545,55.769303642402726,70750208.0,52.7130126953125,2,2
1775542200,8,10,1,4,adservice,0.005630908138766807,2.815454069383403,108843008.0,57.66710069444444,1,1
1775542260,8,11,1,4,adservice,0.006212692470965985,3.106346235482992,108838912.0,57.66493055555556,1,1
1775542200,8,10,1,4,cartservice,0.034132381967074694,8.533095491768673,134328320.0,100.0823974609375,2,2
1775542260,8,11,1,4,cartservice,0.03337711560436425,8.344278901091062,134307840.0,100.067138671875,2,2
1775542200,8,10,1,4,checkoutservice,0.005499516474077921,5.499516474077921,21319680.0,31.768798828125,1,1
1775542260,8,11,1,4,checkoutservice,0.0042054104064060144,4.205410406406014,21467136.0,31.988525390625,1,1
1775542200,8,10,1,4,currencyservice,0.0449215724481803,22.46078622409015,107040768.0,79.7515869140625,2,2
1775542260,8,11,1,4,currencyservice,0.04993338809154687,24.966694045773433,108146688.0,80.5755615234375,2,2
1775542200,8,10,1,4,emailservice,0.004144477212041925,4.144477212041925,46960640.0,69.976806640625,1,1
1775542260,8,11,1,4,emailservice,0.00387398688551121,3.8739868855112105,46960640.0,69.976806640625,1,1
1775542200,8,10,1,4,paymentservice,0.0025699275945675493,1.2849637972837746,253112320.0,188.5833740234375,2,2
1775542260,8,11,1,4,paymentservice,0.002362129924150049,1.1810649620750246,254169088.0,189.3707275390625,2,2
1775542200,8,10,1,4,productcatalogservice,0.046266324008410215,23.133162004205108,38879232.0,28.96728515625,2,2
1775542260,8,11,1,4,productcatalogservice,0.049864606343883275,24.932303171941637,38748160.0,28.86962890625,2,2
1775542200,8,10,1,4,recommendationservice,0.040183433169086874,20.091716584543438,90284032.0,19.56853693181818,2,2
1775542260,8,11,1,4,recommendationservice,0.04507289474072224,22.53644737036112,90009600.0,19.509055397727273,2,2
1775542200,8,10,1,4,shippingservice,0.0040741286581043,4.0741286581043,19738624.0,29.412841796875,1,1
1775542260,8,11,1,4,shippingservice,0.004072911728455863,4.072911728455862,19820544.0,29.534912109375,1,1
1775542260,8,11,1,4,frontend,0.11153860728480545,37.17953576160181,70750208.0,35.14200846354167,3,2
1775542320,8,12,1,4,frontend,0.1268916605526892,42.29722018422972,72003584.0,35.76456705729167,3,2
1775542260,8,11,1,4,adservice,0.006212692470965985,3.106346235482992,108838912.0,57.66493055555556,1,1
1775542320,8,12,1,4,adservice,0.0064923919027197585,3.2461959513598786,108687360.0,57.584635416666664,1,1
1775542260,8,11,1,4,cartservice,0.03337711560436425,8.344278901091062,134307840.0,100.067138671875,2,2
1775542320,8,12,1,4,cartservice,0.03760022026882488,9.40005506720622,134307840.0,100.067138671875,2,2
1775542260,8,11,1,4,checkoutservice,0.0042054104064060144,4.205410406406014,21467136.0,31.988525390625,1,1
1775542320,8,12,1,4,checkoutservice,0.005428190606043203,5.428190606043202,21323776.0,31.77490234375,1,1
1775542260,8,11,1,4,currencyservice,0.04993338809154687,24.966694045773433,108146688.0,80.5755615234375,2,2
1775542320,8,12,1,4,currencyservice,0.05489354712055196,27.44677356027598,109023232.0,81.2286376953125,2,2
1775542260,8,11,1,4,emailservice,0.00387398688551121,3.8739868855112105,46960640.0,69.976806640625,1,1
1775542320,8,12,1,4,emailservice,0.0040105855480943205,4.010585548094321,46964736.0,69.98291015625,1,1
1775542260,8,11,1,4,paymentservice,0.002362129924150049,1.1810649620750246,254169088.0,189.3707275390625,2,2
1775542320,8,12,1,4,paymentservice,0.0025915849427419263,1.295792471370963,254017536.0,189.2578125,2,2
1775542260,8,11,1,4,productcatalogservice,0.049864606343883275,24.932303171941637,38748160.0,28.86962890625,2,2
1775542320,8,12,1,4,productcatalogservice,0.059520013119938014,29.760006559969003,38703104.0,28.8360595703125,2,2
1775542260,8,11,1,4,recommendationservice,0.04507289474072224,22.53644737036112,90009600.0,19.509055397727273,2,2
1775542320,8,12,1,4,recommendationservice,0.05185585968892026,25.92792984446013,90001408.0,19.507279829545453,2,2
1775542260,8,11,1,4,shippingservice,0.004072911728455863,4.072911728455862,19820544.0,29.534912109375,1,1
1775542320,8,12,1,4,shippingservice,0.005159546224818529,5.15954622481853,19877888.0,29.620361328125,1,1
1775542320,8,12,1,4,frontend,0.1268916605526892,42.29722018422972,72003584.0,35.76456705729167,3,3
1775542380,8,13,1,4,frontend,0.10650192213843322,35.50064071281107,80965632.0,40.216064453125,3,3
1775542320,8,12,1,4,adservice,0.0064923919027197585,3.2461959513598786,108687360.0,57.584635416666664,1,1
1775542380,8,13,1,4,adservice,0.005554442299524582,2.777221149762291,108646400.0,57.56293402777778,1,1
1775542320,8,12,1,4,cartservice,0.03760022026882488,9.40005506720622,134307840.0,100.067138671875,2,2
1775542380,8,13,1,4,cartservice,0.035415733110216716,8.853933277554178,134336512.0,100.0885009765625,2,2
1775542320,8,12,1,4,checkoutservice,0.005428190606043203,5.428190606043202,21323776.0,31.77490234375,1,1
1775542380,8,13,1,4,checkoutservice,0.004487206532536928,4.487206532536928,21598208.0,32.183837890625,1,1
1775542320,8,12,1,4,currencyservice,0.05489354712055196,27.44677356027598,109023232.0,81.2286376953125,2,2
1775542380,8,13,1,4,currencyservice,0.050618908910536255,25.309454455268128,110022656.0,81.9732666015625,2,2
1775542320,8,12,1,4,emailservice,0.0040105855480943205,4.010585548094321,46964736.0,69.98291015625,1,1
1775542380,8,13,1,4,emailservice,0.004039007353624121,4.039007353624121,46960640.0,69.976806640625,1,1
1775542320,8,12,1,4,paymentservice,0.0025915849427419263,1.295792471370963,254017536.0,189.2578125,2,2
1775542380,8,13,1,4,paymentservice,0.0022693633144856952,1.1346816572428475,255594496.0,190.4327392578125,2,2
1775542320,8,12,1,4,productcatalogservice,0.059520013119938014,29.760006559969003,38703104.0,28.8360595703125,2,2
1775542380,8,13,1,4,productcatalogservice,0.05092122115584536,25.460610577922676,39071744.0,29.1107177734375,2,2
1775542320,8,12,1,4,recommendationservice,0.05185585968892026,25.92792984446013,90001408.0,19.507279829545453,2,2
1775542380,8,13,1,4,recommendationservice,0.044887153856927965,22.443576928463983,90017792.0,19.51083096590909,2,2
1775542320,8,12,1,4,shippingservice,0.005159546224818529,5.15954622481853,19877888.0,29.620361328125,1,1
1775542380,8,13,1,4,shippingservice,0.00433668419724879,4.336684197248789,19746816.0,29.425048828125,1,1
1775542380,8,13,1,4,frontend,0.10650192213843322,35.50064071281107,80965632.0,40.216064453125,3,3
1775542440,8,14,1,4,frontend,0.08492627256894203,28.30875752298067,80789504.0,40.12858072916667,3,3
1775542380,8,13,1,4,adservice,0.005554442299524582,2.777221149762291,108646400.0,57.56293402777778,1,1
1775542440,8,14,1,4,adservice,0.005107931695016956,2.553965847508478,108642304.0,57.560763888888886,1,1
1775542380,8,13,1,4,cartservice,0.035415733110216716,8.853933277554178,134336512.0,100.0885009765625,2,2
1775542440,8,14,1,4,cartservice,0.028139440237782875,7.034860059445719,134344704.0,100.0946044921875,2,2
1775542380,8,13,1,4,checkoutservice,0.004487206532536928,4.487206532536928,21598208.0,32.183837890625,1,1
1775542440,8,14,1,4,checkoutservice,0.002546879269077291,2.546879269077291,21753856.0,32.415771484375,1,1
1775542380,8,13,1,4,currencyservice,0.050618908910536255,25.309454455268128,110022656.0,81.9732666015625,2,2
1775542440,8,14,1,4,currencyservice,0.0373232899162661,18.66164495813305,111017984.0,82.71484375,2,2
1775542380,8,13,1,4,emailservice,0.004039007353624121,4.039007353624121,46960640.0,69.976806640625,1,1
1775542440,8,14,1,4,emailservice,0.0034868040677734262,3.486804067773426,46960640.0,69.976806640625,1,1
1775542380,8,13,1,4,paymentservice,0.0022693633144856952,1.1346816572428475,255594496.0,190.4327392578125,2,2
1775542440,8,14,1,4,paymentservice,0.003522520449368855,1.7612602246844271,256159744.0,190.8538818359375,2,2
1775542380,8,13,1,4,productcatalogservice,0.05092122115584536,25.460610577922676,39071744.0,29.1107177734375,2,2
1775542440,8,14,1,4,productcatalogservice,0.03880160911360053,19.400804556800267,39059456.0,29.1015625,2,2
1775542380,8,13,1,4,recommendationservice,0.044887153856927965,22.443576928463983,90017792.0,19.51083096590909,2,2
1775542440,8,14,1,4,recommendationservice,0.03624803141903889,18.12401570951944,90013696.0,19.509943181818183,2,2
1775542380,8,13,1,4,shippingservice,0.00433668419724879,4.336684197248789,19746816.0,29.425048828125,1,1
1775542440,8,14,1,4,shippingservice,0.003122425142286608,3.122425142286608,19795968.0,29.498291015625,1,1
1775542440,8,14,1,4,frontend,0.08492627256894203,28.30875752298067,80789504.0,40.12858072916667,3,3
1775542500,8,15,1,4,frontend,0.06826902195583119,22.756340651943727,80740352.0,40.10416666666667,3,3
1775542440,8,14,1,4,adservice,0.005107931695016956,2.553965847508478,108642304.0,57.560763888888886,1,1
1775542500,8,15,1,4,adservice,0.004252380952398991,2.1261904761994956,108683264.0,57.58246527777777,1,1
1775542440,8,14,1,4,cartservice,0.028139440237782875,7.034860059445719,134344704.0,100.0946044921875,2,2
1775542500,8,15,1,4,cartservice,0.025793479267311806,6.448369816827951,134332416.0,100.08544921875,2,2
1775542440,8,14,1,4,checkoutservice,0.002546879269077291,2.546879269077291,21753856.0,32.415771484375,1,1
1775542500,8,15,1,4,checkoutservice,0.0021079597821607606,2.1079597821607603,21749760.0,32.40966796875,1,1
1775542440,8,14,1,4,currencyservice,0.0373232899162661,18.66164495813305,111017984.0,82.71484375,2,2
1775542500,8,15,1,4,currencyservice,0.029926414999863146,14.963207499931572,111644672.0,83.1817626953125,2,2
1775542440,8,14,1,4,emailservice,0.0034868040677734262,3.486804067773426,46960640.0,69.976806640625,1,1
1775542500,8,15,1,4,emailservice,0.0034082217495950856,3.4082217495950853,46960640.0,69.976806640625,1,1
1775542440,8,14,1,4,paymentservice,0.003522520449368855,1.7612602246844271,256159744.0,190.8538818359375,2,2
1775542500,8,15,1,4,paymentservice,0.0018645602123494318,0.9322801061747158,256151552.0,190.8477783203125,2,2
1775542440,8,14,1,4,productcatalogservice,0.03880160911360053,19.400804556800267,39059456.0,29.1015625,2,2
1775542500,8,15,1,4,productcatalogservice,0.03315337164555153,16.576685822775765,39215104.0,29.217529296875,2,2
1775542440,8,14,1,4,recommendationservice,0.03624803141903889,18.12401570951944,90013696.0,19.509943181818183,2,2
1775542500,8,15,1,4,recommendationservice,0.030759196471469238,15.379598235734617,90017792.0,19.51083096590909,2,2
1775542440,8,14,1,4,shippingservice,0.003122425142286608,3.122425142286608,19795968.0,29.498291015625,1,1
1775542500,8,15,1,4,shippingservice,0.0028098780992541683,2.8098780992541683,19804160.0,29.510498046875,1,1
1775542500,8,15,1,4,frontend,0.06826902195583119,22.756340651943727,80740352.0,40.10416666666667,3,3
1775542560,8,16,1,4,frontend,0.07741987237595885,25.806624125319612,85069824.0,42.254638671875,3,3
1775542500,8,15,1,4,adservice,0.004252380952398991,2.1261904761994956,108683264.0,57.58246527777777,1,1
1775542560,8,16,1,4,adservice,0.004519871313437281,2.259935656718641,108843008.0,57.66710069444444,1,1
1775542500,8,15,1,4,cartservice,0.025793479267311806,6.448369816827951,134332416.0,100.08544921875,2,2
1775542560,8,16,1,4,cartservice,0.02771542910920167,6.928857277300417,134328320.0,100.0823974609375,2,2
1775542500,8,15,1,4,checkoutservice,0.0021079597821607606,2.1079597821607603,21749760.0,32.40966796875,1,1
1775542560,8,16,1,4,checkoutservice,0.003089501339090414,3.089501339090414,21504000.0,32.04345703125,1,1
1775542500,8,15,1,4,currencyservice,0.029926414999863146,14.963207499931572,111644672.0,83.1817626953125,2,2
1775542560,8,16,1,4,currencyservice,0.03388891448601189,16.944457243005946,112328704.0,83.69140625,2,2
1775542500,8,15,1,4,emailservice,0.0034082217495950856,3.4082217495950853,46960640.0,69.976806640625,1,1
1775542560,8,16,1,4,emailservice,0.0034528937619894263,3.452893761989426,46964736.0,69.98291015625,1,1
1775542500,8,15,1,4,paymentservice,0.0018645602123494318,0.9322801061747158,256151552.0,190.8477783203125,2,2
1775542560,8,16,1,4,paymentservice,0.002068489247538542,1.0342446237692708,258183168.0,192.3614501953125,2,2
1775542500,8,15,1,4,productcatalogservice,0.03315337164555153,16.576685822775765,39215104.0,29.217529296875,2,2
1775542560,8,16,1,4,productcatalogservice,0.03493917783560538,17.46958891780269,39546880.0,29.4647216796875,2,2
1775542500,8,15,1,4,recommendationservice,0.030759196471469238,15.379598235734617,90017792.0,19.51083096590909,2,2
1775542560,8,16,1,4,recommendationservice,0.03323105610868251,16.61552805434125,90013696.0,19.509943181818183,2,2
1775542500,8,15,1,4,shippingservice,0.0028098780992541683,2.8098780992541683,19804160.0,29.510498046875,1,1
1775542560,8,16,1,4,shippingservice,0.0027495581086935165,2.7495581086935164,19800064.0,29.50439453125,1,1
1775542560,8,16,1,4,frontend,0.07741987237595885,38.70993618797942,85069824.0,63.3819580078125,2,2
1775542620,8,17,1,4,frontend,0.09080259606891308,45.40129803445654,84926464.0,63.275146484375,2,2
1775542560,8,16,1,4,adservice,0.004519871313437281,2.259935656718641,108843008.0,57.66710069444444,1,1
1775542620,8,17,1,4,adservice,0.005335649141408344,2.6678245707041714,108646400.0,57.56293402777778,1,1
1775542560,8,16,1,4,cartservice,0.02771542910920167,6.928857277300417,134328320.0,100.0823974609375,2,2
1775542620,8,17,1,4,cartservice,0.03180138357952361,7.950345894880903,134291456.0,100.054931640625,2,2
1775542560,8,16,1,4,checkoutservice,0.003089501339090414,3.089501339090414,21504000.0,32.04345703125,1,1
1775542620,8,17,1,4,checkoutservice,0.004759167857874005,4.759167857874004,21618688.0,32.21435546875,1,1
1775542560,8,16,1,4,currencyservice,0.03388891448601189,16.944457243005946,112328704.0,83.69140625,2,2
1775542620,8,17,1,4,currencyservice,0.0422078724862996,21.1039362431498,113610752.0,84.6466064453125,2,2
1775542560,8,16,1,4,emailservice,0.0034528937619894263,3.452893761989426,46964736.0,69.98291015625,1,1
1775542620,8,17,1,4,emailservice,0.003921394261977368,3.921394261977367,46964736.0,69.98291015625,1,1
1775542560,8,16,1,4,paymentservice,0.002068489247538542,1.0342446237692708,258183168.0,192.3614501953125,2,2
1775542620,8,17,1,4,paymentservice,0.0024421761865268286,1.2210880932634143,260694016.0,194.232177734375,2,2
1775542560,8,16,1,4,productcatalogservice,0.03493917783560538,17.46958891780269,39546880.0,29.4647216796875,2,2
1775542620,8,17,1,4,productcatalogservice,0.04318267026031521,21.591335130157603,39170048.0,29.1839599609375,2,2
1775542560,8,16,1,4,recommendationservice,0.03323105610868251,16.61552805434125,90013696.0,19.509943181818183,2,2
1775542620,8,17,1,4,recommendationservice,0.03976168304315078,19.88084152157539,90017792.0,19.51083096590909,2,2
1775542560,8,16,1,4,shippingservice,0.0027495581086935165,2.7495581086935164,19800064.0,29.50439453125,1,1
1775542620,8,17,1,4,shippingservice,0.00364397522083141,3.6439752208314093,19881984.0,29.62646484375,1,1
1775542620,8,17,1,4,frontend,0.09080259606891308,45.40129803445654,84926464.0,63.275146484375,2,2
1775542680,8,18,1,4,frontend,0.08336989159876249,41.68494579938124,71471104.0,53.2501220703125,2,2
1775542620,8,17,1,4,adservice,0.005335649141408344,2.6678245707041714,108646400.0,57.56293402777778,1,1
1775542680,8,18,1,4,adservice,0.0049350777961983784,2.467538898099189,108642304.0,57.560763888888886,1,1
1775542620,8,17,1,4,cartservice,0.03180138357952361,7.950345894880903,134291456.0,100.054931640625,2,2
1775542680,8,18,1,4,cartservice,0.02822981665715287,7.057454164288217,134316032.0,100.0732421875,2,2
1775542620,8,17,1,4,checkoutservice,0.004759167857874005,4.759167857874004,21618688.0,32.21435546875,1,1
1775542680,8,18,1,4,checkoutservice,0.00466250758872501,4.66250758872501,21647360.0,32.257080078125,1,1
1775542620,8,17,1,4,currencyservice,0.0422078724862996,21.1039362431498,113610752.0,84.6466064453125,2,2
1775542680,8,18,1,4,currencyservice,0.038070735853769556,19.035367926884778,114647040.0,85.418701171875,2,2
1775542620,8,17,1,4,emailservice,0.003921394261977368,3.921394261977367,46964736.0,69.98291015625,1,1
1775542680,8,18,1,4,emailservice,0.004057054949803295,4.057054949803295,46960640.0,69.976806640625,1,1
1775542620,8,17,1,4,paymentservice,0.0024421761865268286,1.2210880932634143,260694016.0,194.232177734375,2,2
1775542680,8,18,1,4,paymentservice,0.0019413925164467644,0.9706962582233821,261103616.0,194.537353515625,2,2
1775542620,8,17,1,4,productcatalogservice,0.04318267026031521,21.591335130157603,39170048.0,29.1839599609375,2,2
1775542680,8,18,1,4,productcatalogservice,0.03711747638435102,18.558738192175507,38735872.0,28.8604736328125,2,2
1775542620,8,17,1,4,recommendationservice,0.03976168304315078,19.88084152157539,90017792.0,19.51083096590909,2,2
1775542680,8,18,1,4,recommendationservice,0.03620213504835743,18.101067524178717,90017792.0,19.51083096590909,2,2
1775542620,8,17,1,4,shippingservice,0.00364397522083141,3.6439752208314093,19881984.0,29.62646484375,1,1
1775542680,8,18,1,4,shippingservice,0.0036298257674005955,3.6298257674005954,20041728.0,29.864501953125,1,1
1775542680,8,18,1,4,frontend,0.08336989159876249,41.68494579938124,71471104.0,53.2501220703125,2,2
1775542740,8,19,1,4,frontend,0.058212401495200294,29.10620074760015,71749632.0,53.4576416015625,2,2
1775542680,8,18,1,4,adservice,0.0049350777961983784,2.467538898099189,108642304.0,57.560763888888886,1,1
1775542740,8,19,1,4,adservice,0.004031765828617287,2.0158829143086434,109035520.0,57.76909722222222,1,1
1775542680,8,18,1,4,cartservice,0.02822981665715287,7.057454164288217,134316032.0,100.0732421875,2,2
1775542740,8,19,1,4,cartservice,0.024365968113924427,6.091492028481107,134299648.0,100.06103515625,2,2
1775542680,8,18,1,4,checkoutservice,0.00466250758872501,4.66250758872501,21647360.0,32.257080078125,1,1
1775542740,8,19,1,4,checkoutservice,0.003504892969613429,3.504892969613429,21757952.0,32.421875,1,1
1775542680,8,18,1,4,currencyservice,0.038070735853769556,19.035367926884778,114647040.0,85.418701171875,2,2
1775542740,8,19,1,4,currencyservice,0.027242704121420307,13.621352060710153,115318784.0,85.919189453125,2,2
1775542680,8,18,1,4,emailservice,0.004057054949803295,4.057054949803295,46960640.0,69.976806640625,1,1
1775542740,8,19,1,4,emailservice,0.00376524691233485,3.7652469123348498,46960640.0,69.976806640625,1,1
1775542680,8,18,1,4,paymentservice,0.0019413925164467644,0.9706962582233821,261103616.0,194.537353515625,2,2
1775542740,8,19,1,4,paymentservice,0.0018258052165326952,0.9129026082663475,262160384.0,195.32470703125,2,2
1775542680,8,18,1,4,productcatalogservice,0.03711747638435102,18.558738192175507,38735872.0,28.8604736328125,2,2
1775542740,8,19,1,4,productcatalogservice,0.027889087252301617,13.944543626150807,39301120.0,29.2816162109375,2,2
1775542680,8,18,1,4,recommendationservice,0.03620213504835743,18.101067524178717,90017792.0,19.51083096590909,2,2
1775542740,8,19,1,4,recommendationservice,0.02817146643108903,14.085733215544515,90279936.0,19.567649147727273,2,2
1775542680,8,18,1,4,shippingservice,0.0036298257674005955,3.6298257674005954,20041728.0,29.864501953125,1,1
1775542740,8,19,1,4,shippingservice,0.0027765670767472225,2.7765670767472224,20041728.0,29.864501953125,1,1
1775542740,8,19,1,4,frontend,0.058212401495200294,29.10620074760015,71749632.0,53.4576416015625,2,2
1775542800,8,20,1,4,frontend,0.07762657088659033,38.813285443295165,72208384.0,53.7994384765625,2,2
1775542740,8,19,1,4,adservice,0.004031765828617287,2.0158829143086434,109035520.0,57.76909722222222,1,1
1775542800,8,20,1,4,adservice,0.004825942068537131,2.4129710342685655,108797952.0,57.643229166666664,1,1
1775542740,8,19,1,4,cartservice,0.024365968113924427,6.091492028481107,134299648.0,100.06103515625,2,2
1775542800,8,20,1,4,cartservice,0.02833693919395086,7.084234798487715,134324224.0,100.079345703125,2,2
1775542740,8,19,1,4,checkoutservice,0.003504892969613429,3.504892969613429,21757952.0,32.421875,1,1
1775542800,8,20,1,4,checkoutservice,0.0038183400578500736,3.8183400578500732,21770240.0,32.440185546875,1,1
1775542740,8,19,1,4,currencyservice,0.027242704121420307,13.621352060710153,115318784.0,85.919189453125,2,2
1775542800,8,20,1,4,currencyservice,0.032718313208458125,16.35915660422906,116002816.0,86.4288330078125,2,2
1775542740,8,19,1,4,emailservice,0.00376524691233485,3.7652469123348498,46960640.0,69.976806640625,1,1
1775542800,8,20,1,4,emailservice,0.003951874190796084,3.9518741907960835,46968832.0,69.989013671875,1,1
1775542740,8,19,1,4,paymentservice,0.0018258052165326952,0.9129026082663475,262160384.0,195.32470703125,2,2
1775542800,8,20,1,4,paymentservice,0.001738139991279094,0.8690699956395469,262422528.0,195.52001953125,2,2
1775542740,8,19,1,4,productcatalogservice,0.027889087252301617,13.944543626150807,39301120.0,29.2816162109375,2,2
1775542800,8,20,1,4,productcatalogservice,0.036883329235880516,18.441664617940255,39546880.0,29.4647216796875,2,2
1775542740,8,19,1,4,recommendationservice,0.02817146643108903,14.085733215544515,90279936.0,19.567649147727273,2,2
1775542800,8,20,1,4,recommendationservice,0.03430556700441859,17.152783502209296,90017792.0,19.51083096590909,2,2
1775542740,8,19,1,4,shippingservice,0.0027765670767472225,2.7765670767472224,20041728.0,29.864501953125,1,1
1775542800,8,20,1,4,shippingservice,0.003429497638015682,3.429497638015682,20074496.0,29.913330078125,1,1
1775542800,8,20,1,4,frontend,0.07762657088659033,38.813285443295165,72208384.0,53.7994384765625,2,2
1775542860,8,21,1,4,frontend,0.08895353849696776,44.476769248483876,71692288.0,53.4149169921875,2,2
1775542800,8,20,1,4,adservice,0.004825942068537131,2.4129710342685655,108797952.0,57.643229166666664,1,1
1775542860,8,21,1,4,adservice,0.00523912006109968,2.61956003054984,108695552.0,57.58897569444444,1,1
1775542800,8,20,1,4,cartservice,0.02833693919395086,7.084234798487715,134324224.0,100.079345703125,2,2
1775542860,8,21,1,4,cartservice,0.03194388281603697,7.985970704009242,134291456.0,100.054931640625,2,2
1775542800,8,20,1,4,checkoutservice,0.0038183400578500736,3.8183400578500732,21770240.0,32.440185546875,1,1
1775542860,8,21,1,4,checkoutservice,0.004231994888681963,4.231994888681963,22040576.0,32.843017578125,1,1
1775542800,8,20,1,4,currencyservice,0.032718313208458125,16.35915660422906,116002816.0,86.4288330078125,2,2
1775542860,8,21,1,4,currencyservice,0.03431910700886646,17.159553504433227,116187136.0,86.566162109375,2,2
1775542800,8,20,1,4,emailservice,0.003951874190796084,3.9518741907960835,46968832.0,69.989013671875,1,1
1775542860,8,21,1,4,emailservice,0.00409022211052979,4.09022211052979,47214592.0,70.355224609375,1,1
1775542800,8,20,1,4,paymentservice,0.001738139991279094,0.8690699956395469,262422528.0,195.52001953125,2,2
1775542860,8,21,1,4,paymentservice,0.004281637864783766,2.1408189323918827,263417856.0,196.2615966796875,2,2
1775542800,8,20,1,4,productcatalogservice,0.036883329235880516,18.441664617940255,39546880.0,29.4647216796875,2,2
1775542860,8,21,1,4,productcatalogservice,0.04205936405168299,21.029682025841495,38866944.0,28.9581298828125,2,2
1775542800,8,20,1,4,recommendationservice,0.03430556700441859,17.152783502209296,90017792.0,19.51083096590909,2,2
1775542860,8,21,1,4,recommendationservice,0.03958188068410165,19.790940342050824,90013696.0,19.509943181818183,2,2
1775542800,8,20,1,4,shippingservice,0.003429497638015682,3.429497638015682,20074496.0,29.913330078125,1,1
1775542860,8,21,1,4,shippingservice,0.0037401846067338096,3.7401846067338096,20041728.0,29.864501953125,1,1
1775542860,8,21,1,4,frontend,0.08895353849696776,44.476769248483876,71692288.0,53.4149169921875,2,2
1775542920,8,22,1,4,frontend,0.06884014183299658,34.42007091649829,72118272.0,53.7322998046875,2,2
1775542860,8,21,1,4,adservice,0.00523912006109968,2.61956003054984,108695552.0,57.58897569444444,1,1
1775542920,8,22,1,4,adservice,0.004306580163606461,2.15329008180323,108634112.0,57.55642361111111,1,1
1775542860,8,21,1,4,cartservice,0.03194388281603697,7.985970704009242,134291456.0,100.054931640625,2,2
1775542920,8,22,1,4,cartservice,0.025456226056194416,6.364056514048603,134328320.0,100.0823974609375,2,2
1775542860,8,21,1,4,checkoutservice,0.004231994888681963,4.231994888681963,22040576.0,32.843017578125,1,1
1775542920,8,22,1,4,checkoutservice,0.002607829269045065,2.607829269045065,21807104.0,32.4951171875,1,1
1775542860,8,21,1,4,currencyservice,0.03431910700886646,17.159553504433227,116187136.0,86.566162109375,2,2
1775542920,8,22,1,4,currencyservice,0.03208935994545397,16.044679972726982,117456896.0,87.51220703125,2,2
1775542860,8,21,1,4,emailservice,0.00409022211052979,4.09022211052979,47214592.0,70.355224609375,1,1
1775542920,8,22,1,4,emailservice,0.003684113703002478,3.6841137030024775,46960640.0,69.976806640625,1,1
1775542860,8,21,1,4,paymentservice,0.004281637864783766,2.1408189323918827,263417856.0,196.2615966796875,2,2
1775542920,8,22,1,4,paymentservice,0.004132577827168825,2.0662889135844122,264130560.0,196.7926025390625,2,2
1775542860,8,21,1,4,productcatalogservice,0.04205936405168299,21.029682025841495,38866944.0,28.9581298828125,2,2
1775542920,8,22,1,4,productcatalogservice,0.03184483879342669,15.922419396713344,39415808.0,29.3670654296875,2,2
1775542860,8,21,1,4,recommendationservice,0.03958188068410165,19.790940342050824,90013696.0,19.509943181818183,2,2
1775542920,8,22,1,4,recommendationservice,0.0310852258353427,15.542612917671347,90017792.0,19.51083096590909,2,2
1775542860,8,21,1,4,shippingservice,0.0037401846067338096,3.7401846067338096,20041728.0,29.864501953125,1,1
1775542920,8,22,1,4,shippingservice,0.0030031114589457214,3.0031114589457215,20045824.0,29.87060546875,1,1
1775542920,8,22,1,4,frontend,0.06884014183299658,34.42007091649829,72118272.0,53.7322998046875,2,2
1775542980,8,23,1,4,frontend,0.05011339209047494,25.05669604523747,72163328.0,53.765869140625,2,2
1775542920,8,22,1,4,adservice,0.004306580163606461,2.15329008180323,108634112.0,57.55642361111111,1,1
1775542980,8,23,1,4,adservice,0.0034167309901064324,1.708365495053216,108634112.0,57.55642361111111,1,1
1775542920,8,22,1,4,cartservice,0.025456226056194416,6.364056514048603,134328320.0,100.0823974609375,2,2
1775542980,8,23,1,4,cartservice,0.021280305513335145,5.320076378333786,134295552.0,100.0579833984375,2,2
1775542920,8,22,1,4,checkoutservice,0.002607829269045065,2.607829269045065,21807104.0,32.4951171875,1,1
1775542980,8,23,1,4,checkoutservice,0.00249295040072013,2.49295040072013,21872640.0,32.5927734375,1,1
1775542920,8,22,1,4,currencyservice,0.03208935994545397,16.044679972726982,117456896.0,87.51220703125,2,2
1775542980,8,23,1,4,currencyservice,0.025152336742738503,12.576168371369251,117518336.0,87.5579833984375,2,2
1775542920,8,22,1,4,emailservice,0.003684113703002478,3.6841137030024775,46960640.0,69.976806640625,1,1
1775542980,8,23,1,4,emailservice,0.003527407235929517,3.5274072359295165,46960640.0,69.976806640625,1,1
1775542920,8,22,1,4,paymentservice,0.004132577827168825,2.0662889135844122,264130560.0,196.7926025390625,2,2
1775542980,8,23,1,4,paymentservice,0.0019174391752394858,0.9587195876197429,264904704.0,197.369384765625,2,2
1775542920,8,22,1,4,productcatalogservice,0.03184483879342669,15.922419396713344,39415808.0,29.3670654296875,2,2
1775542980,8,23,1,4,productcatalogservice,0.02361693841520273,11.808469207601364,38989824.0,29.0496826171875,2,2
1775542920,8,22,1,4,recommendationservice,0.0310852258353427,15.542612917671347,90017792.0,19.51083096590909,2,2
1775542980,8,23,1,4,recommendationservice,0.02302332545629125,11.511662728145623,90013696.0,19.509943181818183,2,2
1775542920,8,22,1,4,shippingservice,0.0030031114589457214,3.0031114589457215,20045824.0,29.87060546875,1,1
1775542980,8,23,1,4,shippingservice,0.002553647245498884,2.5536472454988837,20090880.0,29.937744140625,1,1
1775542980,8,23,1,4,frontend,0.05011339209047494,25.05669604523747,72163328.0,53.765869140625,2,2
1775543040,8,24,1,4,frontend,0.06617880555627557,33.08940277813778,72884224.0,54.302978515625,2,2
1775542980,8,23,1,4,adservice,0.0034167309901064324,1.708365495053216,108634112.0,57.55642361111111,1,1
1775543040,8,24,1,4,adservice,0.004399594188943649,2.1997970944718244,108785664.0,57.63671875000001,1,1
1775542980,8,23,1,4,cartservice,0.021280305513335145,5.320076378333786,134295552.0,100.0579833984375,2,2
1775543040,8,24,1,4,cartservice,0.025496862063568246,6.374215515892061,134340608.0,100.091552734375,2,2
1775542980,8,23,1,4,checkoutservice,0.00249295040072013,2.49295040072013,21872640.0,32.5927734375,1,1
1775543040,8,24,1,4,checkoutservice,0.0027204310564606362,2.720431056460636,21708800.0,32.3486328125,1,1
1775542980,8,23,1,4,currencyservice,0.025152336742738503,12.576168371369251,117518336.0,87.5579833984375,2,2
1775543040,8,24,1,4,currencyservice,0.032728428764090746,16.364214382045372,118513664.0,88.299560546875,2,2
1775542980,8,23,1,4,emailservice,0.003527407235929517,3.5274072359295165,46960640.0,69.976806640625,1,1
1775543040,8,24,1,4,emailservice,0.0035368978796768698,3.5368978796768693,46960640.0,69.976806640625,1,1
1775542980,8,23,1,4,paymentservice,0.0019174391752394858,0.9587195876197429,264904704.0,197.369384765625,2,2
1775543040,8,24,1,4,paymentservice,0.0025898916647895797,1.2949458323947898,132337664.0,98.5992431640625,2,2
1775542980,8,23,1,4,productcatalogservice,0.02361693841520273,11.808469207601364,38989824.0,29.0496826171875,2,2
1775543040,8,24,1,4,productcatalogservice,0.03087976444865873,15.439882224329363,38985728.0,29.046630859375,2,2
1775542980,8,23,1,4,recommendationservice,0.02302332545629125,11.511662728145623,90013696.0,19.509943181818183,2,2
1775543040,8,24,1,4,recommendationservice,0.028663854128881665,14.33192706444083,90013696.0,19.509943181818183,2,2
1775542980,8,23,1,4,shippingservice,0.002553647245498884,2.5536472454988837,20090880.0,29.937744140625,1,1
1775543040,8,24,1,4,shippingservice,0.0028223965832099096,2.8223965832099096,20164608.0,30.047607421875,1,1
1775543040,8,24,1,4,frontend,0.06617880555627557,33.08940277813778,72884224.0,54.302978515625,2,2
1775543100,8,25,1,4,frontend,0.08016177251339922,40.08088625669961,72257536.0,53.8360595703125,2,2
1775543040,8,24,1,4,adservice,0.004399594188943649,2.1997970944718244,108785664.0,57.63671875000001,1,1
1775543100,8,25,1,4,adservice,0.004881399895833268,2.4406999479166336,108638208.0,57.55859375,1,1
1775543040,8,24,1,4,cartservice,0.025496862063568246,6.374215515892061,134340608.0,100.091552734375,2,2
1775543100,8,25,1,4,cartservice,0.02895805460361075,7.239513650902686,134270976.0,100.0396728515625,2,2
1775543040,8,24,1,4,checkoutservice,0.0027204310564606362,2.720431056460636,21708800.0,32.3486328125,1,1
1775543100,8,25,1,4,checkoutservice,0.003740162591246021,3.7401625912460204,21708800.0,32.3486328125,1,1
1775543040,8,24,1,4,currencyservice,0.032728428764090746,16.364214382045372,118513664.0,88.299560546875,2,2
1775543100,8,25,1,4,currencyservice,0.03611836135120241,18.0591806756012,118513664.0,88.299560546875,2,2
1775543040,8,24,1,4,emailservice,0.0035368978796768698,3.5368978796768693,46960640.0,69.976806640625,1,1
1775543100,8,25,1,4,emailservice,0.003987685490516188,3.987685490516188,46952448.0,69.964599609375,1,1
1775543040,8,24,1,4,paymentservice,0.0025898916647895797,1.2949458323947898,132337664.0,98.5992431640625,2,2
1775543100,8,25,1,4,paymentservice,0.014228940481710554,7.114470240855277,148881408.0,110.92529296875,2,2
1775543040,8,24,1,4,productcatalogservice,0.03087976444865873,15.439882224329363,38985728.0,29.046630859375,2,2
1775543100,8,25,1,4,productcatalogservice,0.03731711356152097,18.65855678076048,39133184.0,29.156494140625,2,2
1775543040,8,24,1,4,recommendationservice,0.028663854128881665,14.33192706444083,90013696.0,19.509943181818183,2,2
1775543100,8,25,1,4,recommendationservice,0.03535099432540111,17.675497162700555,90021888.0,19.51171875,2,2
1775543040,8,24,1,4,shippingservice,0.0028223965832099096,2.8223965832099096,20164608.0,30.047607421875,1,1
1775543100,8,25,1,4,shippingservice,0.003315261606831185,3.3152616068311844,19554304.0,29.13818359375,1,1
1775543100,8,25,1,4,frontend,0.08016177251339922,40.08088625669961,72257536.0,53.8360595703125,2,2
1775543160,8,26,1,4,frontend,0.05759653482146161,28.798267410730805,73285632.0,54.60205078125,2,2
1775543100,8,25,1,4,adservice,0.004881399895833268,2.4406999479166336,108638208.0,57.55859375,1,1
1775543160,8,26,1,4,adservice,0.003948722606269617,1.9743613031348084,108638208.0,57.55859375,1,1
1775543100,8,25,1,4,cartservice,0.02895805460361075,7.239513650902686,134270976.0,100.0396728515625,2,2
1775543160,8,26,1,4,cartservice,0.022713337175022046,5.678334293755511,134287360.0,100.0518798828125,2,2
1775543100,8,25,1,4,checkoutservice,0.003740162591246021,3.7401625912460204,21708800.0,32.3486328125,1,1
1775543160,8,26,1,4,checkoutservice,0.0032695519137005027,3.2695519137005027,21741568.0,32.3974609375,1,1
1775543100,8,25,1,4,currencyservice,0.03611836135120241,18.0591806756012,118513664.0,88.299560546875,2,2
1775543160,8,26,1,4,currencyservice,0.02776533969462089,13.882669847310444,119226368.0,88.83056640625,2,2
1775543100,8,25,1,4,emailservice,0.003987685490516188,3.987685490516188,46952448.0,69.964599609375,1,1
1775543160,8,26,1,4,emailservice,0.0037466884910859577,3.7466884910859575,46952448.0,69.964599609375,1,1
1775543100,8,25,1,4,paymentservice,0.014228940481710554,7.114470240855277,148881408.0,110.92529296875,2,2
1775543160,8,26,1,4,paymentservice,0.004296824820092181,2.1484124100460904,147517440.0,109.9090576171875,2,2
1775543100,8,25,1,4,productcatalogservice,0.03731711356152097,18.65855678076048,39133184.0,29.156494140625,2,2
1775543160,8,26,1,4,productcatalogservice,0.02912310787340252,14.561553936701257,39034880.0,29.083251953125,2,2
1775543100,8,25,1,4,recommendationservice,0.03535099432540111,17.675497162700555,90021888.0,19.51171875,2,2
1775543160,8,26,1,4,recommendationservice,0.027831472370932076,13.915736185466038,90009600.0,19.509055397727273,2,2
1775543100,8,25,1,4,shippingservice,0.003315261606831185,3.3152616068311844,19554304.0,29.13818359375,1,1
1775543160,8,26,1,4,shippingservice,0.0030462808392980657,3.0462808392980656,19619840.0,29.23583984375,1,1
1775543160,8,26,1,4,frontend,0.05759653482146161,28.798267410730805,73285632.0,54.60205078125,2,2
1775543220,8,27,1,4,frontend,0.037850865398077985,18.925432699038993,72765440.0,54.2144775390625,2,2
1775543160,8,26,1,4,adservice,0.003948722606269617,1.9743613031348084,108638208.0,57.55859375,1,1
1775543220,8,27,1,4,adservice,0.0031383838078213816,1.5691919039106907,108638208.0,57.55859375,1,1
1775543160,8,26,1,4,cartservice,0.022713337175022046,5.678334293755511,134287360.0,100.0518798828125,2,2
1775543220,8,27,1,4,cartservice,0.017041767336269796,4.260441834067449,134332416.0,100.08544921875,2,2
1775543160,8,26,1,4,checkoutservice,0.0032695519137005027,3.2695519137005027,21741568.0,32.3974609375,1,1
1775543220,8,27,1,4,checkoutservice,0.0016403505433237053,1.6403505433237053,21909504.0,32.647705078125,1,1
1775543160,8,26,1,4,currencyservice,0.02776533969462089,13.882669847310444,119226368.0,88.83056640625,2,2
1775543220,8,27,1,4,currencyservice,0.018448498424180435,9.224249212090218,120344576.0,89.6636962890625,2,2
1775543160,8,26,1,4,emailservice,0.0037466884910859577,3.7466884910859575,46952448.0,69.964599609375,1,1
1775543220,8,27,1,4,emailservice,0.00330349231170785,3.30349231170785,46960640.0,69.976806640625,1,1
1775543160,8,26,1,4,paymentservice,0.004296824820092181,2.1484124100460904,147517440.0,109.9090576171875,2,2
1775543220,8,27,1,4,paymentservice,0.0031916774230620164,1.5958387115310082,148918272.0,110.9527587890625,2,2
1775543160,8,26,1,4,productcatalogservice,0.02912310787340252,14.561553936701257,39034880.0,29.083251953125,2,2
1775543220,8,27,1,4,productcatalogservice,0.018828345708138666,9.414172854069331,38752256.0,28.8726806640625,2,2
1775543160,8,26,1,4,recommendationservice,0.027831472370932076,13.915736185466038,90009600.0,19.509055397727273,2,2
1775543220,8,27,1,4,recommendationservice,0.020149036737071732,10.074518368535866,90013696.0,19.509943181818183,2,2
1775543160,8,26,1,4,shippingservice,0.0030462808392980657,3.0462808392980656,19619840.0,29.23583984375,1,1
1775543220,8,27,1,4,shippingservice,0.0020527163762456254,2.052716376245625,19714048.0,29.376220703125,1,1
1775543220,8,27,1,4,frontend,0.037850865398077985,18.925432699038993,72765440.0,54.2144775390625,2,2
1775543280,8,28,1,4,frontend,0.06055171650766758,30.27585825383379,71606272.0,53.350830078125,2,2
1775543220,8,27,1,4,adservice,0.0031383838078213816,1.5691919039106907,108638208.0,57.55859375,1,1
1775543280,8,28,1,4,adservice,0.0042300854121510465,2.115042706075523,108789760.0,57.638888888888886,1,1
1775543220,8,27,1,4,cartservice,0.017041767336269796,4.260441834067449,134332416.0,100.08544921875,2,2
1775543280,8,28,1,4,cartservice,0.02508725795460368,6.271814488650919,134303744.0,100.0640869140625,2,2
1775543220,8,27,1,4,checkoutservice,0.0016403505433237053,1.6403505433237053,21909504.0,32.647705078125,1,1
1775543280,8,28,1,4,checkoutservice,0.002346977490072373,2.3469774900723728,21684224.0,32.31201171875,1,1
1775543220,8,27,1,4,currencyservice,0.018448498424180435,9.224249212090218,120344576.0,89.6636962890625,2,2
1775543280,8,28,1,4,currencyservice,0.02954566366869965,14.772831834349825,121188352.0,90.2923583984375,2,2
1775543220,8,27,1,4,emailservice,0.00330349231170785,3.30349231170785,46960640.0,69.976806640625,1,1
1775543280,8,28,1,4,emailservice,0.0033562028533920068,3.356202853392007,46960640.0,69.976806640625,1,1
1775543220,8,27,1,4,paymentservice,0.0031916774230620164,1.5958387115310082,148918272.0,110.9527587890625,2,2
1775543280,8,28,1,4,paymentservice,0.001573853698126571,0.7869268490632855,149106688.0,111.0931396484375,2,2
1775543220,8,27,1,4,productcatalogservice,0.018828345708138666,9.414172854069331,38752256.0,28.8726806640625,2,2
1775543280,8,28,1,4,productcatalogservice,0.02774778185960215,13.873890929801075,39231488.0,29.229736328125,2,2
1775543220,8,27,1,4,recommendationservice,0.020149036737071732,10.074518368535866,90013696.0,19.509943181818183,2,2
1775543280,8,28,1,4,recommendationservice,0.02830572785745016,14.152863928725079,90021888.0,19.51171875,2,2
1775543220,8,27,1,4,shippingservice,0.0020527163762456254,2.052716376245625,19714048.0,29.376220703125,1,1
1775543280,8,28,1,4,shippingservice,0.0026366716519944013,2.6366716519944013,19845120.0,29.571533203125,1,1
1775543280,8,28,1,4,frontend,0.06055171650766758,30.27585825383379,71606272.0,53.350830078125,2,2
1775543340,8,29,1,4,frontend,0.07249948096547351,36.249740482736755,71274496.0,53.1036376953125,2,2
1775543280,8,28,1,4,adservice,0.0042300854121510465,2.115042706075523,108789760.0,57.638888888888886,1,1
1775543340,8,29,1,4,adservice,0.004575960271622032,2.287980135811016,108638208.0,57.55859375,1,1
1775543280,8,28,1,4,cartservice,0.02508725795460368,6.271814488650919,134303744.0,100.0640869140625,2,2
1775543340,8,29,1,4,cartservice,0.02683402789745616,6.70850697436404,134344704.0,100.0946044921875,2,2
1775543280,8,28,1,4,checkoutservice,0.002346977490072373,2.3469774900723728,21684224.0,32.31201171875,1,1
1775543340,8,29,1,4,checkoutservice,0.002772093162501958,2.772093162501958,21864448.0,32.58056640625,1,1
1775543280,8,28,1,4,currencyservice,0.02954566366869965,14.772831834349825,121188352.0,90.2923583984375,2,2
1775543340,8,29,1,4,currencyservice,0.03308333409291488,16.54166704645744,121221120.0,90.3167724609375,2,2
1775543280,8,28,1,4,emailservice,0.0033562028533920068,3.356202853392007,46960640.0,69.976806640625,1,1
1775543340,8,29,1,4,emailservice,0.0035495504990362813,3.549550499036281,46960640.0,69.976806640625,1,1
1775543280,8,28,1,4,paymentservice,0.001573853698126571,0.7869268490632855,149106688.0,111.0931396484375,2,2
1775543340,8,29,1,4,paymentservice,0.0018136691247883849,0.9068345623941925,149671936.0,111.5142822265625,2,2
1775543280,8,28,1,4,productcatalogservice,0.02774778185960215,13.873890929801075,39231488.0,29.229736328125,2,2
1775543340,8,29,1,4,productcatalogservice,0.03362260203203372,16.81130101601686,39395328.0,29.351806640625,2,2
1775543280,8,28,1,4,recommendationservice,0.02830572785745016,14.152863928725079,90021888.0,19.51171875,2,2
1775543340,8,29,1,4,recommendationservice,0.03123617856318632,15.618089281593159,90009600.0,19.509055397727273,2,2
1775543280,8,28,1,4,shippingservice,0.0026366716519944013,2.6366716519944013,19845120.0,29.571533203125,1,1
1775543340,8,29,1,4,shippingservice,0.0032043877504749504,3.2043877504749503,19947520.0,29.72412109375,1,1
